L,reservoir_id,alpha_kernel,alpha_tail_effective,reservoir_kind,sector,observable_kind,observable_status,affinity_mode,affinity_split,activity_mode,activity_bias,rho_left,rho_right,n_state,pi_resid,phi_resid,phi_gauge,coboundary_resid,a_mean,corrector_2hphi,two_C_explicit,two_C_residual,C_status,lambda_tilt_second,lambda_tilt_rel_spread,G_R,G_rel_spread,S_R,J0,FDT_residual_R2,status,verdict,density_delta,activity_A
4,tail_alpha_0.5_left_transport_current_nonLDB_signed,0.5,0.5,tail,exclusion,left_transport_current,transport_non_coboundary,two_terminal_symmetric,0.5,nonLDB_site_skew,0.0,0.5,0.5,16,6.196466915369545e-17,4.613646410007257e-16,1.6653345369377348e-16,0.7071067811865476,3.2749683140010424,1.7595593225926582,NA,-3.519118431680702,C_from_tilted_residual,1.5154092049129986,2.1112319158662657e-06,0.7577046789257635,7.254340371125565e-07,1.9999997981554916,-3.3306690738754696e-16,-1.5293852850817302e-07,ok,ROW_VALID,0.0,0.0
5,tail_alpha_0.5_left_transport_current_nonLDB_signed,0.5,0.5,tail,exclusion,left_transport_current,transport_non_coboundary,two_terminal_symmetric,0.5,nonLDB_site_skew,0.0,0.5,0.5,32,6.806728445355365e-17,5.845281316425229e-16,5.551115123125783e-17,0.7071067811865475,3.7456532621282257,2.0325066223643686,NA,-4.065013000833061,C_from_tilted_residual,1.7131468836595332,2.1340877090427373e-06,0.856573524987625,7.183469724939979e-07,1.9999998058360293,6.661338147750939e-16,-1.66315716754184e-07,ok,ROW_VALID,0.0,0.0
6,tail_alpha_0.5_left_transport_current_nonLDB_signed,0.5,0.5,tail,exclusion,left_transport_current,transport_non_coboundary,two_terminal_symmetric,0.5,nonLDB_site_skew,0.0,0.5,0.5,64,1.0314217721681013e-16,1.3449450340910315e-15,3.885780586188048e-16,0.7071067811865476,4.17161685107453,2.2809104894369945,NA,-4.56182070932468,C_from_tilted_residual,1.8907066311868448,2.1523658297763806e-06,0.945353405517424,7.130623980000087e-07,1.9999998097557992,1.7763568394002505e-15,-1.798480031567351e-07,ok,ROW_VALID,0.0,0.0
7,tail_alpha_0.5_left_transport_current_nonLDB_signed,0.5,0.5,tail,exclusion,left_transport_current,transport_non_coboundary,two_terminal_symmetric,0.5,nonLDB_site_skew,0.0,0.5,0.5,128,1.8026192241695776e-16,3.637578789869244e-15,3.608224830031759e-16,0.7071067811865476,4.563559749517733,2.510382892322371,NA,-5.0207654886394675,C_from_tilted_residual,2.053177153200636,2.165417818198675e-06,1.0265886711961936,7.089454537683662e-07,1.9999998157083196,6.439293542825908e-15,-1.8919175115428288e-07,ok,ROW_VALID,0.0,0.0
4,tail_alpha_1_left_transport_current_nonLDB_signed,1.0,1.0,tail,exclusion,left_transport_current,transport_non_coboundary,two_terminal_symmetric,0.5,nonLDB_site_skew,0.0,0.5,0.5,16,3.994602412697815e-17,2.573946193822258e-16,1.3877787807814457e-16,0.7071067811865476,1.48431251574492,0.8966855997078638,NA,-1.7933711195368152,C_from_tilted_residual,0.5876269959159686,2.0452956727674865e-06,0.2938135107427686,5.38343829965323e-07,1.9999999129734756,-1.1102230246251565e-16,-2.5569568684602473e-08,ok,ROW_VALID,0.0,0.0
5,tail_alpha_1_left_transport_current_nonLDB_signed,1.0,1.0,tail,exclusion,left_transport_current,transport_non_coboundary,two_terminal_symmetric,0.5,nonLDB_site_skew,0.0,0.5,0.5,32,8.647674148850482e-17,5.604204008429283e-16,3.3306690738754696e-16,0.7071067811865475,1.5949739780339511,0.9898982066061637,NA,-1.9797963294422474,C_from_tilted_residual,0.6050758551978674,2.0616973869023257e-06,0.30253793655191097,5.041156459677822e-07,1.9999999408141844,-1.1102230246251565e-16,-1.790595449691068e-08,ok,ROW_VALID,0.0,0.0
6,tail_alpha_1_left_transport_current_nonLDB_signed,1.0,1.0,tail,exclusion,left_transport_current,transport_non_coboundary,two_terminal_symmetric,0.5,nonLDB_site_skew,0.0,0.5,0.5,64,8.088799447335863e-17,1.1748266657873885e-15,1.3877787807814457e-16,0.7071067811865476,1.685635440330758,1.0682477959561585,NA,-2.136495506724592,C_from_tilted_residual,0.6173877295623242,2.077400987201339e-06,0.3086938713795728,4.780689926232719e-07,1.9999999572494869,-6.106226635438361e-16,-1.319682141343037e-08,ok,ROW_VALID,0.0,0.0
7,tail_alpha_1_left_transport_current_nonLDB_signed,1.0,1.0,tail,exclusion,left_transport_current,transport_non_coboundary,two_terminal_symmetric,0.5,nonLDB_site_skew,0.0,0.5,0.5,128,7.854301157561345e-17,1.2221616269928561e-15,8.326672684688674e-17,0.7071067811865476,1.7624080137464455,1.1358464834352242,NA,-2.271692880174088,C_from_tilted_residual,0.6265616170075816,2.0896400504336128e-06,0.31328081292723575,4.57464895357227e-07,1.9999999717605115,-3.885780586188048e-16,-8.846889887337284e-09,ok,ROW_VALID,0.0,0.0
4,tail_alpha_0.5_left_transport_current_nonLDB_signed,0.5,0.5,tail,exclusion,left_transport_current,transport_non_coboundary,two_terminal_symmetric,0.5,nonLDB_site_skew,0.05,0.5,0.5,16,8.190584428906607e-17,5.431387600163828e-16,5.551115123125783e-17,0.7071067811865476,3.2750320420802472,1.7595965360182029,NA,-3.5191783024652934,C_from_tilted_residual,1.5154502756331567,2.111485321626426e-06,0.7577215753889255,7.254449304152283e-07,2.000009402999119,-2.796540776728307e-12,7.124855305740141e-06,ok,ROW_VALID,0.0,0.05
5,tail_alpha_0.5_left_transport_current_nonLDB_signed,0.5,0.5,tail,exclusion,left_transport_current,transport_non_coboundary,two_terminal_symmetric,0.5,nonLDB_site_skew,0.05,0.5,0.5,32,5.0538329739803447e-17,4.663894859064996e-16,1.3877787807814457e-16,0.7071067811865475,3.7457250865310554,2.0325497936222376,NA,-4.065079441982237,C_from_tilted_residual,1.7131954381710557,2.134009080677268e-06,0.8565928268892686,7.183602134851446e-07,2.000011422454416,-3.743116927523715e-12,9.784392518419338e-06,ok,ROW_VALID,0.0,0.05
6,tail_alpha_0.5_left_transport_current_nonLDB_signed,0.5,0.5,tail,exclusion,left_transport_current,transport_non_coboundary,two_terminal_symmetric,0.5,nonLDB_site_skew,0.05,0.5,0.5,64,6.438535699647514e-17,7.960531260941708e-16,2.498001805406602e-16,0.7071067811865476,4.171695298959033,2.280958675766416,NA,-4.561892232280825,C_from_tilted_residual,1.8907617424446244,2.1509972014357867e-06,0.9453747480809849,7.130773798442961e-07,2.000012953892284,-4.691913524368374e-12,1.224628265461547e-05,ok,ROW_VALID,0.0,0.05
7,tail_alpha_0.5_left_transport_current_nonLDB_signed,0.5,0.5,tail,exclusion,left_transport_current,transport_non_coboundary,two_terminal_symmetric,0.5,nonLDB_site_skew,0.05,0.5,0.5,128,8.756664261503602e-17,1.3130665911781001e-15,3.608224830031759e-16,0.7071067811865476,4.563643871237761,2.510435447976688,NA,-5.020841156114458,C_from_tilted_residual,2.0532381630999907,2.165316706302864e-06,1.0266118151716408,7.089619362020975e-07,2.0000141560388207,-5.642264433447508e-12,1.4532756709151329e-05,ok,ROW_VALID,0.0,0.05
4,tail_alpha_1_left_transport_current_nonLDB_signed,1.0,1.0,tail,exclusion,left_transport_current,transport_non_coboundary,two_terminal_symmetric,0.5,nonLDB_site_skew,0.05,0.5,0.5,16,5.934750174762927e-17,3.973888332713367e-16,2.220446049250313e-16,0.7071067811865476,1.484322472746534,0.8966954009613668,NA,-1.7933778521580275,C_from_tilted_residual,0.5876400215498734,2.0446193149152863e-06,0.2938168059805013,5.383866309698531e-07,2.0000218149157583,-1.006972283335017e-13,6.409588870770477e-06,ok,ROW_VALID,0.0,0.05
5,tail_alpha_1_left_transport_current_nonLDB_signed,1.0,1.0,tail,exclusion,left_transport_current,transport_non_coboundary,two_terminal_symmetric,0.5,nonLDB_site_skew,0.05,0.5,0.5,32,1.2064446335803292e-16,1.211416448929644e-15,8.326672684688674e-17,0.7071067811865475,1.5949803266003801,0.989906954659192,NA,-1.979797870362919,C_from_tilted_residual,0.6050894108966531,2.062737403297723e-06,0.3025407257626289,5.041684744751115e-07,2.0000263084296344,-1.3683498778505054e-13,7.959371395305226e-06,ok,ROW_VALID,0.0,0.05
6,tail_alpha_1_left_transport_current_nonLDB_signed,1.0,1.0,tail,exclusion,left_transport_current,transport_non_coboundary,two_terminal_symmetric,0.5,nonLDB_site_skew,0.05,0.5,0.5,64,8.659015395810988e-17,1.2307928047521203e-15,4.163336342344337e-16,0.7071067811865476,1.6856382142860302,1.0682551142351722,NA,-2.136491751440191,C_from_tilted_residual,0.6174015770810115,2.0773651830987787e-06,0.3086961971683455,4.781310985964205e-07,2.000029746865704,-1.6975310046518644e-13,9.182744320490599e-06,ok,ROW_VALID,0.0,0.05
7,tail_alpha_1_left_transport_current_nonLDB_signed,1.0,1.0,tail,exclusion,left_transport_current,transport_non_coboundary,two_terminal_symmetric,0.5,nonLDB_site_skew,0.05,0.5,0.5,128,7.446386651264715e-17,1.1734528881162523e-15,5.551115123125783e-16,0.7071067811865476,1.7624073870438455,1.1358522050491393,NA,-2.2716839580134556,C_from_tilted_residual,0.6265756340795292,2.0889802307678115e-06,0.3132827299936247,4.575344522646912e-07,2.0000324757521106,-2.0566881531181025e-13,1.0174092279768843e-05,ok,ROW_VALID,0.0,0.05
4,tail_alpha_0.5_left_transport_current_nonLDB_signed,0.5,0.5,tail,exclusion,left_transport_current,transport_non_coboundary,two_terminal_symmetric,0.5,nonLDB_site_skew,-0.05,0.5,0.5,16,7.620804642547887e-17,4.491786269717532e-16,1.1102230246251565e-16,0.7071067811865476,3.2750320420802477,1.7595965360182033,NA,-3.5191783023231857,C_from_tilted_residual,1.5154502757752653,2.1113974092769785e-06,0.7577215753888256,7.254449890237762e-07,2.00000940318693,2.7975399774504695e-12,7.124997614127437e-06,ok,ROW_VALID,0.0,-0.05
5,tail_alpha_0.5_left_transport_current_nonLDB_signed,0.5,0.5,tail,exclusion,left_transport_current,transport_non_coboundary,two_terminal_symmetric,0.5,nonLDB_site_skew,-0.05,0.5,0.5,32,5.2291104181646334e-17,5.867436971598085e-16,8.326672684688674e-17,0.7071067811865475,3.7457250865310563,2.0325497936222376,NA,-4.065079441982238,C_from_tilted_residual,1.7131954381710557,2.1339909355743227e-06,0.8565928268890799,7.183603625357644e-07,2.000011422454857,3.74333897212864e-12,9.784392895895166e-06,ok,ROW_VALID,0.0,-0.05
6,tail_alpha_0.5_left_transport_current_nonLDB_signed,0.5,0.5,tail,exclusion,left_transport_current,transport_non_coboundary,two_terminal_symmetric,0.5,nonLDB_site_skew,-0.05,0.5,0.5,64,6.834753281164285e-17,9.864618544610768e-16,5.273559366969494e-16,0.7071067811865476,4.171695298959033,2.280958675766416,NA,-4.561892233133476,C_from_tilted_residual,1.890761741591973,2.1514505066049123e-06,0.9453747480811292,7.130774914095874e-07,2.0000129529900597,4.691247390553599e-12,1.2245429714674572e-05,ok,ROW_VALID,0.0,-0.05
7,tail_alpha_0.5_left_transport_current_nonLDB_signed,0.5,0.5,tail,exclusion,left_transport_current,transport_non_coboundary,two_terminal_symmetric,0.5,nonLDB_site_skew,-0.05,0.5,0.5,128,9.452665302621267e-17,1.3524676352971167e-15,5.551115123125783e-17,0.7071067811865476,4.563643871237761,2.510435447976688,NA,-5.0208411556881325,C_from_tilted_residual,2.0532381635263164,2.1651047448658893e-06,1.0266118151712744,7.089619470167811e-07,2.000014156454809,5.639932965095795e-12,1.4533183767539981e-05,ok,ROW_VALID,0.0,-0.05
4,tail_alpha_1_left_transport_current_nonLDB_signed,1.0,1.0,tail,exclusion,left_transport_current,transport_non_coboundary,two_terminal_symmetric,0.5,nonLDB_site_skew,-0.05,0.5,0.5,16,5.820620363709795e-17,4.997795448200035e-16,2.7755575615628914e-17,0.7071067811865476,1.484322472746534,0.8966954009613668,NA,-1.7933778523711903,C_from_tilted_residual,0.5876400213367106,2.0449820586828536e-06,0.2938168059805679,5.383865837369654e-07,2.000021814189809,1.0064171718227044e-13,6.409375574722986e-06,ok,ROW_VALID,0.0,-0.05
5,tail_alpha_1_left_transport_current_nonLDB_signed,1.0,1.0,tail,exclusion,left_transport_current,transport_non_coboundary,two_terminal_symmetric,0.5,nonLDB_site_skew,-0.05,0.5,0.5,32,8.741165288889484e-17,9.001040666087012e-16,1.1102230246251565e-16,0.7071067811865475,1.5949803266003797,0.9899069546591923,NA,-1.9797978707537174,C_from_tilted_residual,0.6050894105058546,2.0633575685673967e-06,0.3025407257625623,5.041688414415085e-07,2.000026307138353,1.351696532481128e-13,7.95898073002732e-06,ok,ROW_VALID,0.0,-0.05
6,tail_alpha_1_left_transport_current_nonLDB_signed,1.0,1.0,tail,exclusion,left_transport_current,transport_non_coboundary,two_terminal_symmetric,0.5,nonLDB_site_skew,-0.05,0.5,0.5,64,7.994463240576926e-17,1.262022062760305e-15,8.326672684688674e-17,0.7071067811865476,1.6856382142860302,1.0682551142351717,NA,-2.1364917514401904,C_from_tilted_residual,0.6174015770810115,2.0773615867665915e-06,0.308696197168451,4.781307749122425e-07,2.0000297468650206,1.7158496845581794e-13,9.182744109548224e-06,ok,ROW_VALID,0.0,-0.05
7,tail_alpha_1_left_transport_current_nonLDB_signed,1.0,1.0,tail,exclusion,left_transport_current,transport_non_coboundary,two_terminal_symmetric,0.5,nonLDB_site_skew,-0.05,0.5,0.5,128,7.942668578181807e-17,1.1007662571013705e-15,1.3877787807814457e-16,0.7071067811865476,1.762407387043846,1.1358522050491393,NA,-2.271683958137801,C_from_tilted_residual,0.6265756339551842,2.0891538761294836e-06,0.31328272999381346,4.5753351314796017e-07,2.0000324753539958,2.0594637106796654e-13,1.0173967557314256e-05,ok,ROW_VALID,0.0,-0.05
4,tail_alpha_0.5_left_transport_current_nonLDB_signed,0.5,0.5,tail,exclusion,left_transport_current,transport_non_coboundary,two_terminal_symmetric,0.5,nonLDB_site_skew,0.1,0.5,0.5,16,4.557991706152212e-17,5.311736219941493e-16,1.3877787807814457e-16,0.7071067811865476,3.275223235489446,1.7597081814823223,NA,-3.5193579229253613,C_from_tilted_residual,1.5155734940464072,2.111275562731308e-06,0.7577722669563358,7.254777445091732e-07,2.0000382174632123,-5.594968932598476e-12,2.8960133735544957e-05,ok,ROW_VALID,0.0,0.1
5,tail_alpha_0.5_left_transport_current_nonLDB_signed,0.5,0.5,tail,exclusion,left_transport_current,transport_non_coboundary,two_terminal_symmetric,0.5,nonLDB_site_skew,0.1,0.5,0.5,32,7.010723786149908e-17,6.119114779523644e-16,0.0,0.7071067811865475,3.745940571907619,2.0326793143304815,NA,-4.065278778777081,C_from_tilted_residual,1.7133411074610194,2.134050553226647e-06,0.8566507354698105,7.184000082271325e-07,2.000046269173372,-7.487677144979443e-12,3.963652139837848e-05,ok,ROW_VALID,0.0,0.1
6,tail_alpha_0.5_left_transport_current_nonLDB_signed,0.5,0.5,tail,exclusion,left_transport_current,transport_non_coboundary,two_terminal_symmetric,0.5,nonLDB_site_skew,0.1,0.5,0.5,64,1.1303994971085627e-16,1.4632509801410147e-15,2.7755575615628914e-16,0.7071067811865476,4.171930657534255,2.281103243274572,NA,-4.562106825656678,C_from_tilted_residual,1.890927075152149,2.1513422440827657e-06,0.9454387792769747,7.131223832608621e-07,2.0000523741983987,-9.386491583995848e-12,4.951659819951715e-05,ok,ROW_VALID,0.0,0.1
7,tail_alpha_0.5_left_transport_current_nonLDB_signed,0.5,0.5,tail,exclusion,left_transport_current,transport_non_coboundary,two_terminal_symmetric,0.5,nonLDB_site_skew,0.1,0.5,0.5,128,7.26178200883413e-17,1.1573546509132194e-15,2.7755575615628914e-17,0.7071067811865476,4.5638962538924535,2.5105931249220115,NA,-5.0210681767083,C_from_tilted_residual,2.053421202106165,2.164825244207941e-06,1.0266812511800838,7.090114086666825e-07,2.00005717426507,-1.1282641487753153e-11,5.8699745997259356e-05,ok,ROW_VALID,0.0,0.1
4,tail_alpha_1_left_transport_current_nonLDB_signed,1.0,1.0,tail,exclusion,left_transport_current,transport_non_coboundary,two_terminal_symmetric,0.5,nonLDB_site_skew,0.1,0.5,0.5,16,6.61923560752255e-17,4.963801124027362e-16,0.0,0.7071067811865476,1.4843523501099187,0.896724808239903,NA,-1.793398057873187,C_from_tilted_residual,0.5876791004766346,2.045080329008086e-06,0.2938266932950462,5.385143073745545e-07,2.0000875137866267,-2.0133894551577214e-13,2.5713886542266806e-05,ok,ROW_VALID,0.0,0.1
5,tail_alpha_1_left_transport_current_nonLDB_signed,1.0,1.0,tail,exclusion,left_transport_current,transport_non_coboundary,two_terminal_symmetric,0.5,nonLDB_site_skew,0.1,0.5,0.5,32,6.985614554959273e-17,6.643908411351751e-16,1.6653345369377348e-16,0.7071067811865475,1.5949993808281366,0.9899332033434509,NA,-1.9798024997481656,C_from_tilted_residual,0.605130084423422,2.062694161194505e-06,0.3025490955089305,5.043286844963551e-07,2.0001054156367823,-2.707833957060757e-13,3.189340556097875e-05,ok,ROW_VALID,0.0,0.1
6,tail_alpha_1_left_transport_current_nonLDB_signed,1.0,1.0,tail,exclusion,left_transport_current,transport_non_coboundary,two_terminal_symmetric,0.5,nonLDB_site_skew,0.1,0.5,0.5,64,9.338069238218187e-17,9.885267864060981e-16,1.1102230246251565e-16,0.7071067811865476,1.6856465467340778,1.0682770745154913,NA,-2.1364804961057895,C_from_tilted_residual,0.6174431251437795,2.076685968260742e-06,0.3087031771022597,4.783164179104556e-07,2.0001191142235895,-3.4061642395499803e-13,3.677093926013342e-05,ok,ROW_VALID,0.0,0.1
7,tail_alpha_1_left_transport_current_nonLDB_signed,1.0,1.0,tail,exclusion,left_transport_current,transport_non_coboundary,two_terminal_symmetric,0.5,nonLDB_site_skew,0.1,0.5,0.5,128,7.066352563589442e-17,1.1703629076515534e-15,2.7755575615628914e-16,0.7071067811865476,1.7624055194602268,1.1358693762024077,NA,-2.271657206032952,C_from_tilted_residual,0.6266176896296827,2.0888347135970204e-06,0.3132884841610506,4.577421035679708e-07,2.0001299802247456,-4.118927421359331e-13,4.0721307581481625e-05,ok,ROW_VALID,0.0,0.1
4,tail_alpha_0.5_left_transport_current_nonLDB_signed,0.5,0.5,tail,exclusion,left_transport_current,transport_non_coboundary,two_terminal_symmetric,0.5,nonLDB_site_skew,-0.1,0.5,0.5,16,5.982364114324778e-17,4.710814662909431e-16,1.1102230246251565e-16,0.7071067811865476,3.275223235489447,1.7597081814823232,NA,-3.5193579222858746,C_from_tilted_residual,1.5155734946858956,2.110882919510977e-06,0.7577722669563136,7.254777957881596e-07,2.0000382183071768,5.594302798783701e-12,2.8960773268416062e-05,ok,ROW_VALID,0.0,-0.1
5,tail_alpha_0.5_left_transport_current_nonLDB_signed,0.5,0.5,tail,exclusion,left_transport_current,transport_non_coboundary,two_terminal_symmetric,0.5,nonLDB_site_skew,-0.1,0.5,0.5,32,5.404099585157222e-17,7.086007416415942e-16,3.3306690738754696e-16,0.7071067811865475,3.74594057190762,2.0326793143304824,NA,-4.065278778706029,C_from_tilted_residual,1.7133411075320737,2.1340064900955193e-06,0.8566507354699215,7.183997684664189e-07,2.0000462692560568,7.486899988862206e-12,3.963659223060745e-05,ok,ROW_VALID,0.0,-0.1
6,tail_alpha_0.5_left_transport_current_nonLDB_signed,0.5,0.5,tail,exclusion,left_transport_current,transport_non_coboundary,two_terminal_symmetric,0.5,nonLDB_site_skew,-0.1,0.5,0.5,64,1.1551618081076548e-16,1.3188164667288033e-15,3.0531133177191805e-16,0.7071067811865476,4.171930657534256,2.281103243274573,NA,-4.562106825443517,C_from_tilted_residual,1.8909270753653118,2.15126474269338e-06,0.9454387792768415,7.131224713329449e-07,2.0000523744241447,9.381828647292423e-12,4.95168116287914e-05,ok,ROW_VALID,0.0,-0.1
7,tail_alpha_0.5_left_transport_current_nonLDB_signed,0.5,0.5,tail,exclusion,left_transport_current,transport_non_coboundary,two_terminal_symmetric,0.5,nonLDB_site_skew,-0.1,0.5,0.5,128,8.421724900289804e-17,1.0933197342134596e-15,1.1102230246251565e-16,0.7071067811865476,4.5638962538924535,2.5105931249220115,NA,-5.021068177134626,C_from_tilted_residual,2.053421201679839,2.164991770601943e-06,1.0266812511802725,7.090110085596765e-07,2.0000571738494557,1.1281753309333453e-11,5.869931929414207e-05,ok,ROW_VALID,0.0,-0.1
4,tail_alpha_1_left_transport_current_nonLDB_signed,1.0,1.0,tail,exclusion,left_transport_current,transport_non_coboundary,two_terminal_symmetric,0.5,nonLDB_site_skew,-0.1,0.5,0.5,16,3.709054435249704e-17,4.538351197896428e-16,8.326672684688674e-17,0.7071067811865476,1.4843523501099187,0.8967248082399029,NA,-1.7933980579797684,C_from_tilted_residual,0.5876791003700532,2.045299472154659e-06,0.2938266932949518,5.385145435306086e-07,2.0000875134245333,2.017830347256222e-13,2.5713780149594356e-05,ok,ROW_VALID,0.0,-0.1
5,tail_alpha_1_left_transport_current_nonLDB_signed,1.0,1.0,tail,exclusion,left_transport_current,transport_non_coboundary,two_terminal_symmetric,0.5,nonLDB_site_skew,-0.1,0.5,0.5,32,6.868602585864479e-17,7.230416431921788e-16,1.6653345369377348e-16,0.7071067811865475,1.594999380828137,0.9899332033434511,NA,-1.9798024999968562,C_from_tilted_residual,0.605130084174732,2.0630647675577517e-06,0.30254909550910813,5.043280056272109e-07,2.0001054148136257,2.7150504067208203e-13,3.1893156515749865e-05,ok,ROW_VALID,0.0,-0.1
6,tail_alpha_1_left_transport_current_nonLDB_signed,1.0,1.0,tail,exclusion,left_transport_current,transport_non_coboundary,two_terminal_symmetric,0.5,nonLDB_site_skew,-0.1,0.5,0.5,64,7.40400285324469e-17,8.622212355153852e-16,1.3877787807814457e-16,0.7071067811865476,1.685646546734078,1.0682770745154913,NA,-2.1364804964965884,C_from_tilted_residual,0.617443124752981,2.0772901292723453e-06,0.3087031771022264,4.783166606680292e-07,2.000119112957869,3.4139358007223564e-13,3.677054852824213e-05,ok,ROW_VALID,0.0,-0.1
7,tail_alpha_1_left_transport_current_nonLDB_signed,1.0,1.0,tail,exclusion,left_transport_current,transport_non_coboundary,two_terminal_symmetric,0.5,nonLDB_site_skew,-0.1,0.5,0.5,128,9.506671571045825e-17,1.2024679499567828e-15,2.498001805406602e-16,0.7071067811865476,1.762405519460227,1.1358693762024077,NA,-2.2716572061395333,C_from_tilted_residual,0.6266176895231013,2.0890526411700665e-06,0.31328848416102284,4.577419618171878e-07,2.0001299798847207,4.109490525650017e-13,4.072120105558241e-05,ok,ROW_VALID,0.0,-0.1
4,tail_alpha_0.5_left_transport_current_nonLDB_signed,0.5,0.5,tail,exclusion,left_transport_current,transport_non_coboundary,two_terminal_symmetric,0.5,nonLDB_site_skew,0.0,0.49,0.51,16,5.697900611834063e-17,3.1702310522213485e-16,8.326672684688674e-17,0.7071067811865476,3.274870653868569,1.7595069029854584,NA,-3.518951982812754,C_from_tilted_residual,1.5154255740412736,2.1110713797392984e-06,0.757697461108342,7.254741063735887e-07,2.000040453909592,0.06061635965633527,3.0651824589611465e-05,ok,ROW_VALID,0.02,0.0
5,tail_alpha_0.5_left_transport_current_nonLDB_signed,0.5,0.5,tail,exclusion,left_transport_current,transport_non_coboundary,two_terminal_symmetric,0.5,nonLDB_site_skew,0.0,0.49,0.51,32,8.588747480405483e-17,6.688299646819979e-16,5.551115123125783e-17,0.7071067811865475,3.7455255181351856,2.03243683414855,NA,-4.064794296155979,C_from_tilted_residual,1.7131680561277562,2.1341961291245986e-06,0.8565643293129477,7.18392738825769e-07,2.000045994796319,0.06852586559055496,3.9397501860882755e-05,ok,ROW_VALID,0.02,0.0
6,tail_alpha_0.5_left_transport_current_nonLDB_signed,0.5,0.5,tail,exclusion,left_transport_current,transport_non_coboundary,two_terminal_symmetric,0.5,nonLDB_site_skew,0.0,0.49,0.51,64,7.813050879208546e-17,1.0419862139868126e-15,2.7755575615628914e-16,0.7071067811865476,4.171460769423411,2.2808240220977654,NA,-4.561552549034584,C_from_tilted_residual,1.8907322424865924,2.1508405121774553e-06,0.9453424041385938,7.131124759638262e-07,2.000050176749924,0.07562825446550248,4.7434209404784156e-05,ok,ROW_VALID,0.02,0.0
7,tail_alpha_0.5_left_transport_current_nonLDB_signed,0.5,0.5,tail,exclusion,left_transport_current,transport_non_coboundary,two_terminal_symmetric,0.5,nonLDB_site_skew,0.0,0.49,0.51,128,8.864721296948867e-17,1.452051449252781e-15,1.942890293094024e-16,0.7071067811865476,4.563376867103681,2.5102804137158374,NA,-5.020450395739702,C_from_tilted_residual,2.053206885079817,2.165012279626732e-06,1.0265760031540783,7.089990890778616e-07,2.000053458069828,0.08212707428781585,5.4878771660327175e-05,ok,ROW_VALID,0.02,0.0
4,tail_alpha_1_left_transport_current_nonLDB_signed,1.0,1.0,tail,exclusion,left_transport_current,transport_non_coboundary,two_terminal_symmetric,0.5,nonLDB_site_skew,0.0,0.49,0.51,16,8.788125307935192e-17,4.2850883380066587e-16,1.1102230246251565e-16,0.7071067811865476,1.4841888922714517,0.8966143804583511,NA,-1.7931725935734548,C_from_tilted_residual,0.5876306791563479,2.0446178132640574e-06,0.29380133042241074,5.384721915876005e-07,2.0000953648218207,0.023505076641482603,2.8018311526434303e-05,ok,ROW_VALID,0.02,0.0
5,tail_alpha_1_left_transport_current_nonLDB_signed,1.0,1.0,tail,exclusion,left_transport_current,transport_non_coboundary,two_terminal_symmetric,0.5,nonLDB_site_skew,0.0,0.49,0.51,32,7.395575185485122e-17,6.35213883636999e-16,5.551115123125783e-17,0.7071067811865475,1.5948200490598796,0.989806036673085,NA,-1.9795457093161424,C_from_tilted_residual,0.6050803764168222,2.062342521122246e-06,0.3025236272362064,5.042699085600374e-07,2.0001094854795705,0.02420303085711195,3.3121944409408854e-05,ok,ROW_VALID,0.02,0.0
6,tail_alpha_1_left_transport_current_nonLDB_signed,1.0,1.0,tail,exclusion,left_transport_current,transport_non_coboundary,two_terminal_symmetric,0.5,nonLDB_site_skew,0.0,0.49,0.51,64,7.731721850641698e-17,6.369601357608882e-16,0.0,0.7071067811865476,1.6854550962701254,1.0681365606719482,NA,-2.136198708763099,C_from_tilted_residual,0.6173929481789742,2.076074308812479e-06,0.30867789866659834,4.782447201291859e-07,2.0001203547320294,0.024695505774984194,3.7150845777489394e-05,ok,ROW_VALID,0.02,0.0
7,tail_alpha_1_left_transport_current_nonLDB_signed,1.0,1.0,tail,exclusion,left_transport_current,transport_non_coboundary,two_terminal_symmetric,0.5,nonLDB_site_skew,0.0,0.49,0.51,128,8.402376018556009e-17,1.1675771530904697e-15,8.326672684688674e-17,0.7071067811865476,1.7622042997651959,1.135717819988455,NA,-2.271354698393515,C_from_tilted_residual,0.6265674213601358,2.0885575470124095e-06,0.3132635012421281,4.5765816407015465e-07,2.0001290251680115,0.025062461212448595,4.04188758795776e-05,ok,ROW_VALID,0.02,0.0
4,tail_alpha_0.5_left_transport_current_nonLDB_signed,0.5,0.5,tail,exclusion,left_transport_current,transport_non_coboundary,two_terminal_symmetric,0.5,nonLDB_site_skew,0.05,0.49,0.51,16,6.694912489714966e-17,3.574269228017755e-16,1.3877787807814457e-16,0.7071067811865476,3.2748245590112735,1.759672174208398,NA,-3.5190300848344718,C_from_tilted_residual,1.5154666483851997,2.1109702069324193e-06,0.757714359327688,7.254851290753019e-07,2.0000500580850247,0.06061771141022365,3.792972982363807e-05,ok,ROW_VALID,0.02,0.05
5,tail_alpha_0.5_left_transport_current_nonLDB_signed,0.5,0.5,tail,exclusion,left_transport_current,transport_non_coboundary,two_terminal_symmetric,0.5,nonLDB_site_skew,0.05,0.49,0.51,32,5.2583233255286824e-17,5.638571133066089e-16,1.3877787807814457e-16,0.7071067811865475,3.745458972156589,2.0326327577367547,NA,-4.064875114493429,C_from_tilted_residual,1.713216615399915,2.1336405406730163e-06,0.8565836336328791,7.184060611464116e-07,2.0000576104097942,0.06852740979368144,4.934813415680139e-05,ok,ROW_VALID,0.02,0.05
6,tail_alpha_0.5_left_transport_current_nonLDB_signed,0.5,0.5,tail,exclusion,left_transport_current,transport_non_coboundary,two_terminal_symmetric,0.5,nonLDB_site_skew,0.05,0.49,0.51,64,8.642495996834549e-17,1.118756282540478e-15,4.163336342344337e-16,0.7071067811865476,4.171374604978354,2.281046045219746,NA,-4.561633295458968,C_from_tilted_residual,1.8907873547391318,2.1513790858929215e-06,0.9453637497438105,7.131276483311892e-07,2.0000633145194397,0.07562996193479654,5.9855251510754215e-05,ok,ROW_VALID,0.02,0.05
7,tail_alpha_0.5_left_transport_current_nonLDB_signed,0.5,0.5,tail,exclusion,left_transport_current,transport_non_coboundary,two_terminal_symmetric,0.5,nonLDB_site_skew,0.05,0.49,0.51,128,7.429406462162948e-17,1.0033123762229562e-15,8.326672684688674e-17,0.7071067811865476,4.563271960881317,2.510525319742153,NA,-5.020529379746794,C_from_tilted_residual,2.0532679008766763,2.164723008179347e-06,1.026599150758123,7.090158005128684e-07,2.0000677960432554,0.0821289258823833,6.959936043049453e-05,ok,ROW_VALID,0.02,0.05
4,tail_alpha_1_left_transport_current_nonLDB_signed,1.0,1.0,tail,exclusion,left_transport_current,transport_non_coboundary,two_terminal_symmetric,0.5,nonLDB_site_skew,0.05,0.49,0.51,16,8.787995451091259e-17,5.665411122617139e-16,1.942890293094024e-16,0.7071067811865476,1.4841168748288789,0.8967039481603909,NA,-1.7931771128344194,C_from_tilted_residual,0.5876437101548504,2.044973000303144e-06,0.2938046284970741,5.385146948717662e-07,2.000117265547784,0.023505340326744784,3.445316070216364e-05,ok,ROW_VALID,0.02,0.05
5,tail_alpha_1_left_transport_current_nonLDB_signed,1.0,1.0,tail,exclusion,left_transport_current,transport_non_coboundary,two_terminal_symmetric,0.5,nonLDB_site_skew,0.05,0.49,0.51,32,6.506141767901677e-17,7.103161231792188e-16,2.498001805406602e-16,0.7071067811865475,1.5947257620809001,0.9898965956169341,NA,-1.9795284176241477,C_from_tilted_residual,0.6050939400736866,2.06205043022205e-06,0.30252642013604003,5.043228512636478e-07,2.0001358552472475,0.024203254079337044,4.109980160649229e-05,ok,ROW_VALID,0.02,0.05
6,tail_alpha_1_left_transport_current_nonLDB_signed,1.0,1.0,tail,exclusion,left_transport_current,transport_non_coboundary,two_terminal_symmetric,0.5,nonLDB_site_skew,0.05,0.49,0.51,64,5.212271008589548e-17,9.565525866776485e-16,8.326672684688674e-17,0.7071067811865476,1.6853410315879223,1.0682249573659521,NA,-2.13615918597315,C_from_tilted_residual,0.6174068029807245,2.077013134570142e-06,0.3086802288724655,4.783067132473311e-07,2.0001501399553927,0.024695691939437048,4.634523579349903e-05,ok,ROW_VALID,0.02,0.05
7,tail_alpha_1_left_transport_current_nonLDB_signed,1.0,1.0,tail,exclusion,left_transport_current,transport_non_coboundary,two_terminal_symmetric,0.5,nonLDB_site_skew,0.05,0.49,0.51,128,6.954420219364293e-17,1.1823612383705527e-15,1.1102230246251565e-16,0.7071067811865476,1.762072519531983,1.1358023710561944,NA,-2.2712934439315617,C_from_tilted_residual,0.6265814466566155,2.0882715946865165e-06,0.3132654233518217,4.5772854025702294e-07,2.0001615242194006,0.025062614692618335,5.0599952972074647e-05,ok,ROW_VALID,0.02,0.05
4,tail_alpha_0.5_left_transport_current_nonLDB_signed,0.5,0.5,tail,exclusion,left_transport_current,transport_non_coboundary,two_terminal_symmetric,0.5,nonLDB_site_skew,-0.05,0.49,0.51,16,9.116476581739529e-17,5.333688044750168e-16,8.326672684688674e-17,0.7071067811865476,3.275044221549585,1.7594160673103638,NA,-3.518993640901075,C_from_tilted_residual,1.515466647958874,2.1112222196241502e-06,0.7577143593278102,7.254849972049115e-07,2.0000500575220554,0.06061771141581873,3.792930325374755e-05,ok,ROW_VALID,0.02,-0.05
5,tail_alpha_0.5_left_transport_current_nonLDB_signed,0.5,0.5,tail,exclusion,left_transport_current,transport_non_coboundary,two_terminal_symmetric,0.5,nonLDB_site_skew,-0.05,0.49,0.51,32,8.851510931306615e-17,8.451726248873985e-16,1.6653345369377348e-16,0.7071067811865475,3.745735736442051,2.0323272651922566,NA,-4.064846386660719,C_from_tilted_residual,1.7132166149735895,2.1338945700952633e-06,0.8565836336328458,7.184061065101103e-07,2.0000576099121674,0.06852740980116778,4.934770789777332e-05,ok,ROW_VALID,0.02,-0.05
6,tail_alpha_0.5_left_transport_current_nonLDB_signed,0.5,0.5,tail,exclusion,left_transport_current,transport_non_coboundary,two_terminal_symmetric,0.5,nonLDB_site_skew,-0.05,0.49,0.51,64,9.521603755824882e-17,9.605082816038911e-16,2.220446049250313e-16,0.7071067811865476,4.171703859847923,2.2806983870614594,NA,-4.561614891530762,C_from_tilted_residual,1.8907873553786203,2.1510620113388284e-06,0.9453637497437883,7.131277246663152e-07,2.0000633151959337,0.07562996194418314,5.985589104362532e-05,ok,ROW_VALID,0.02,-0.05
7,tail_alpha_0.5_left_transport_current_nonLDB_signed,0.5,0.5,tail,exclusion,left_transport_current,transport_non_coboundary,two_terminal_symmetric,0.5,nonLDB_site_skew,-0.05,0.49,0.51,128,9.172106743411044e-17,1.4810455926949992e-15,1.3877787807814457e-16,0.7071067811865476,4.563650053457325,2.510140637624479,NA,-5.020522791057779,C_from_tilted_residual,2.053267900024025,2.1651577392266437e-06,1.0265991507586336,7.090154544464629e-07,2.000067795211701,0.08212892589366372,6.959850675780643e-05,ok,ROW_VALID,0.02,-0.05
4,tail_alpha_1_left_transport_current_nonLDB_signed,1.0,1.0,tail,exclusion,left_transport_current,transport_non_coboundary,two_terminal_symmetric,0.5,nonLDB_site_skew,-0.05,0.49,0.51,16,6.220074702395762e-17,4.655778695606983e-16,2.7755575615628914e-17,0.7071067811865476,1.4842808432649086,0.8965444241221143,NA,-1.7931815572321725,C_from_tilted_residual,0.5876437101548504,2.044973000313447e-06,0.2938046284971241,5.385146098491726e-07,2.000117265547444,0.0235053403269469,3.445316060224357e-05,ok,ROW_VALID,0.02,-0.05
5,tail_alpha_1_left_transport_current_nonLDB_signed,1.0,1.0,tail,exclusion,left_transport_current,transport_non_coboundary,two_terminal_symmetric,0.5,nonLDB_site_skew,-0.05,0.49,0.51,32,6.588053624691806e-17,7.252135468647579e-16,3.608224830031759e-16,0.7071067811865475,1.5949270602486902,0.9897329856254236,NA,-1.9795661058004272,C_from_tilted_residual,0.6050939400736866,2.0620210736555565e-06,0.3025264201359401,5.04323236596635e-07,2.0001358552479083,0.024203254079608216,4.109980180633244e-05,ok,ROW_VALID,0.02,-0.05
6,tail_alpha_1_left_transport_current_nonLDB_signed,1.0,1.0,tail,exclusion,left_transport_current,transport_non_coboundary,two_terminal_symmetric,0.5,nonLDB_site_skew,-0.05,0.49,0.51,64,9.769908550829124e-17,1.2201901379484161e-15,3.3306690738754696e-16,0.7071067811865476,1.6855747430914856,1.0680628152516185,NA,-2.136230755220271,C_from_tilted_residual,0.617406803122833,2.076797350090061e-06,0.3086802288723489,4.783069020729546e-07,2.0001501404165225,0.024695691939777165,4.6345378135193016e-05,ok,ROW_VALID,0.02,-0.05
7,tail_alpha_1_left_transport_current_nonLDB_signed,1.0,1.0,tail,exclusion,left_transport_current,transport_non_coboundary,two_terminal_symmetric,0.5,nonLDB_site_skew,-0.05,0.49,0.51,128,1.352691912975326e-16,2.6297682014209472e-15,0.0,0.7071067811865476,1.7623348675532562,1.135644729777144,NA,-2.2713981508514203,C_from_tilted_residual,0.6265814464789798,2.088556866308031e-06,0.31326542335208263,4.5772762766854016e-07,2.0001615236506893,0.025062614693027174,5.0599774814585885e-05,ok,ROW_VALID,0.02,-0.05
4,tail_alpha_0.5_left_transport_current_nonLDB_signed,0.5,0.5,tail,exclusion,left_transport_current,transport_non_coboundary,two_terminal_symmetric,0.5,nonLDB_site_skew,0.1,0.49,0.51,16,5.198959289829867e-17,2.980041598936231e-16,1.6653345369377348e-16,0.7071067811865476,3.2749059747348648,1.759911895552139,NA,-3.5192279946067693,C_from_tilted_residual,1.5155898756802344,2.1109333577099163e-06,0.7577650561623628,7.255176647009435e-07,2.000078867922218,0.060621766851686076,5.976335550883505e-05,ok,ROW_VALID,0.02,0.1
5,tail_alpha_0.5_left_transport_current_nonLDB_signed,0.5,0.5,tail,exclusion,left_transport_current,transport_non_coboundary,two_terminal_symmetric,0.5,nonLDB_site_skew,0.1,0.49,0.51,32,5.696213076246803e-17,6.458439305740443e-16,3.0531133177191805e-16,0.7071067811865475,3.7455361496552473,2.0329150548125683,NA,-4.065088907840819,C_from_tilted_residual,1.7133622966269968,2.1336768453745476e-06,0.8566415494660085,7.184456462509308e-07,2.0000924513818283,0.06853204264054624,7.919769497988227e-05,ok,ROW_VALID,0.02,0.1
6,tail_alpha_0.5_left_transport_current_nonLDB_signed,0.5,0.5,tail,exclusion,left_transport_current,transport_non_coboundary,two_terminal_symmetric,0.5,nonLDB_site_skew,0.1,0.49,0.51,64,7.589648321221783e-17,1.0175718397265814e-15,3.3306690738754696e-16,0.7071067811865476,4.17144543028759,2.2813644790615966,NA,-4.56185720627059,C_from_tilted_residual,1.8909527030785966,2.1510617986981107e-06,0.9454277900615926,7.131722016207937e-07,2.0001027291099676,0.07563508463237256,9.712295541142169e-05,ok,ROW_VALID,0.02,0.1
7,tail_alpha_0.5_left_transport_current_nonLDB_signed,0.5,0.5,tail,exclusion,left_transport_current,transport_non_coboundary,two_terminal_symmetric,0.5,nonLDB_site_skew,0.1,0.49,0.51,128,8.303033069536201e-17,1.2004831485462652e-15,1.942890293094024e-16,0.7071067811865476,4.563335410533217,2.510875381778116,NA,-5.020759838359736,C_from_tilted_residual,2.0534509539515966,2.1653518406005936e-06,1.0266685976504264,7.090643270313243e-07,2.0001108036721917,0.08213448100387599,0.00011375865074381153,ok,ROW_VALID,0.02,0.1
4,tail_alpha_1_left_transport_current_nonLDB_signed,1.0,1.0,tail,exclusion,left_transport_current,transport_non_coboundary,two_terminal_symmetric,0.5,nonLDB_site_skew,0.1,0.49,0.51,16,7.589295998280166e-17,4.0602728012317886e-16,2.220446049250313e-16,0.7071067811865476,1.4840648161267955,0.8968131290478316,NA,-1.7931951379031215,C_from_tilted_residual,0.5876828072715057,2.0451089910390823e-06,0.2938145243195467,5.386424889140157e-07,2.000182967920108,0.02350613151075226,5.375863241230405e-05,ok,ROW_VALID,0.02,0.1
5,tail_alpha_1_left_transport_current_nonLDB_signed,1.0,1.0,tail,exclusion,left_transport_current,transport_non_coboundary,two_terminal_symmetric,0.5,nonLDB_site_skew,0.1,0.49,0.51,32,7.278144477696261e-17,5.898662026033406e-16,8.326672684688674e-17,0.7071067811865475,1.5946442339019353,0.9900046637747864,NA,-1.9795142633639455,C_from_tilted_residual,0.6051346343127761,2.062994214850804e-06,0.30253480094636354,5.044820186144395e-07,2.000214958476994,0.024203923915348813,6.50324200490715e-05,ok,ROW_VALID,0.02,0.1
6,tail_alpha_1_left_transport_current_nonLDB_signed,1.0,1.0,tail,exclusion,left_transport_current,transport_non_coboundary,two_terminal_symmetric,0.5,nonLDB_site_skew,0.1,0.49,0.51,64,1.130684963522967e-16,1.3806447635228785e-15,8.326672684688674e-17,0.7071067811865476,1.6852325926103808,1.0683280066029632,NA,-2.1361122252548483,C_from_tilted_residual,0.6174483739584957,2.0776356810751403e-06,0.3086872220530168,4.784921794901831e-07,2.0002394976117586,0.02469625063840486,7.392985246212902e-05,ok,ROW_VALID,0.02,0.1
7,tail_alpha_1_left_transport_current_nonLDB_signed,1.0,1.0,tail,exclusion,left_transport_current,transport_non_coboundary,two_terminal_symmetric,0.5,nonLDB_site_skew,0.1,0.49,0.51,128,9.495883246521261e-17,1.1568170752169309e-15,1.3877787807814457e-16,0.7071067811865476,1.7619395789170804,1.1358983846602269,NA,-2.2712144360041626,C_from_tilted_residual,0.6266235275731447,2.08841129372832e-06,0.31327119264463743,4.5793482178974895e-07,2.0002590161041773,0.02506307537083452,8.114228386979505e-05,ok,ROW_VALID,0.02,0.1
4,tail_alpha_0.5_left_transport_current_nonLDB_signed,0.5,0.5,tail,exclusion,left_transport_current,transport_non_coboundary,two_terminal_symmetric,0.5,nonLDB_site_skew,-0.1,0.49,0.51,16,3.204837918388274e-17,2.855224766550912e-16,2.220446049250313e-16,0.7071067811865476,3.275345242629405,1.759399662979693,NA,-3.5191550295735925,C_from_tilted_residual,1.5155898760355058,2.1106930861700004e-06,0.7577650561623517,7.255177819111327e-07,2.000078868391088,0.06062176686287524,5.976371080240739e-05,ok,ROW_VALID,0.02,-0.1
5,tail_alpha_0.5_left_transport_current_nonLDB_signed,0.5,0.5,tail,exclusion,left_transport_current,transport_non_coboundary,two_terminal_symmetric,0.5,nonLDB_site_skew,-0.1,0.49,0.51,32,7.1567805316947e-17,6.777872360819867e-16,0.0,0.7071067811865475,3.746089600247635,2.0323040458733908,NA,-4.0650313499914095,C_from_tilted_residual,1.7133622961296169,2.1339619561327774e-06,0.8566415494662305,7.184454388879843e-07,2.000092450800694,0.06853204265552038,7.919719715587803e-05,ok,ROW_VALID,0.02,-0.1
6,tail_alpha_0.5_left_transport_current_nonLDB_signed,0.5,0.5,tail,exclusion,left_transport_current,transport_non_coboundary,two_terminal_symmetric,0.5,nonLDB_site_skew,-0.1,0.49,0.51,64,7.2182136562354e-17,1.0160342646460023e-15,3.0531133177191805e-16,0.7071067811865476,4.172103842297873,2.280669134505781,NA,-4.561820274151383,C_from_tilted_residual,1.890952702652271,2.1512755116672526e-06,0.9454277900613262,7.13172659600626e-07,2.000102728659597,0.07563508465114188,9.712252961868728e-05,ok,ROW_VALID,0.02,-0.1
7,tail_alpha_0.5_left_transport_current_nonLDB_signed,0.5,0.5,tail,exclusion,left_transport_current,transport_non_coboundary,two_terminal_symmetric,0.5,nonLDB_site_skew,-0.1,0.49,0.51,128,7.434424671748465e-17,1.1202831629360221e-15,4.440892098500626e-16,0.7071067811865476,4.564091479159955,2.51010598534494,NA,-5.020746509345376,C_from_tilted_residual,2.0534509551595193,2.164817666421291e-06,1.0266685976501377,7.090648893508201e-07,2.0001108048493,0.08213448102644172,0.0001137598592437783,ok,ROW_VALID,0.02,-0.1
4,tail_alpha_1_left_transport_current_nonLDB_signed,1.0,1.0,tail,exclusion,left_transport_current,transport_non_coboundary,two_terminal_symmetric,0.5,nonLDB_site_skew,-0.1,0.49,0.51,16,7.760483126060922e-17,4.0857519593367556e-16,8.326672684688674e-17,0.7071067811865476,1.4843927153248453,0.8964940843633888,NA,-1.793203992558837,C_from_tilted_residual,0.5876828071293971,2.0453848072302913e-06,0.29381452431961885,5.386422338549683e-07,2.0001829674359493,0.02350613151115577,5.375849015942791e-05,ok,ROW_VALID,0.02,-0.1
5,tail_alpha_1_left_transport_current_nonLDB_signed,1.0,1.0,tail,exclusion,left_transport_current,transport_non_coboundary,two_terminal_symmetric,0.5,nonLDB_site_skew,-0.1,0.49,0.51,32,9.899212585419674e-17,8.665217241000589e-16,3.3306690738754696e-16,0.7071067811865475,1.5950467780957938,0.9896774501999612,NA,-1.9795895942316688,C_from_tilted_residual,0.6051346340640862,2.0633978425077836e-06,0.3025348009463025,5.044821929269408e-07,2.0002149576553765,0.024203923915892378,6.503217148123852e-05,ok,ROW_VALID,0.02,-0.1
6,tail_alpha_1_left_transport_current_nonLDB_signed,1.0,1.0,tail,exclusion,left_transport_current,transport_non_coboundary,two_terminal_symmetric,0.5,nonLDB_site_skew,-0.1,0.49,0.51,64,7.815611853123666e-17,9.64786697975006e-16,4.163336342344337e-16,0.7071067811865476,1.685699949626035,1.0680037307139532,NA,-2.136255306274911,C_from_tilted_residual,0.6174483740650771,2.0774378919890326e-06,0.3086872220532444,4.784917029411756e-07,2.000239497955557,0.02469625063908576,7.392995858834794e-05,ok,ROW_VALID,0.02,-0.1
7,tail_alpha_1_left_transport_current_nonLDB_signed,1.0,1.0,tail,exclusion,left_transport_current,transport_non_coboundary,two_terminal_symmetric,0.5,nonLDB_site_skew,-0.1,0.49,0.51,128,9.129080212686082e-17,1.0833859828165365e-15,5.551115123125783e-16,0.7071067811865476,1.7624641958494922,1.135583111355464,NA,-2.271423779702866,C_from_tilted_residual,0.6266235275020904,2.0885264578774894e-06,0.3132711926443321,4.5793614191760245e-07,2.0002590158793128,0.025063075371658416,8.114221342614414e-05,ok,ROW_VALID,0.02,-0.1
4,tail_alpha_0.5_left_transport_current_nonLDB_signed,0.5,0.5,tail,exclusion,left_transport_current,transport_non_coboundary,two_terminal_symmetric,0.5,nonLDB_site_skew,0.0,0.51,0.49,16,4.629544247115177e-17,5.454450674460522e-16,0.0,0.7071067811865476,3.274870653868568,1.7595069029854575,NA,-3.5189519832390777,C_from_tilted_residual,1.515425573614948,2.1113644255625407e-06,0.7576974611083087,7.254741796365175e-07,2.00004045334702,-0.060616359656335494,3.065139833058339e-05,ok,ROW_VALID,-0.02,0.0
5,tail_alpha_0.5_left_transport_current_nonLDB_signed,0.5,0.5,tail,exclusion,left_transport_current,transport_non_coboundary,two_terminal_symmetric,0.5,nonLDB_site_skew,0.0,0.51,0.49,32,6.368527043293859e-17,5.151600615742167e-16,2.498001805406602e-16,0.7071067811865475,3.745525518135186,2.03243683414855,NA,-4.064794295374383,C_from_tilted_residual,1.7131680569093533,2.1337295313510796e-06,0.8565643293129588,7.183929591685548e-07,2.000045995708772,-0.06852586559055396,3.939828343568763e-05,ok,ROW_VALID,-0.02,0.0
6,tail_alpha_0.5_left_transport_current_nonLDB_signed,0.5,0.5,tail,exclusion,left_transport_current,transport_non_coboundary,two_terminal_symmetric,0.5,nonLDB_site_skew,0.0,0.51,0.49,64,7.045366006766502e-17,8.168416858692444e-16,1.3877787807814457e-16,0.7071067811865476,4.17146076942341,2.2808240220977645,NA,-4.561552550242505,C_from_tilted_residual,1.8907322412786698,2.1514417969977805e-06,0.9453424041381497,7.131130631705681e-07,2.0000501754731013,-0.0756282544655007,4.743300237031178e-05,ok,ROW_VALID,-0.02,0.0
7,tail_alpha_0.5_left_transport_current_nonLDB_signed,0.5,0.5,tail,exclusion,left_transport_current,transport_non_coboundary,two_terminal_symmetric,0.5,nonLDB_site_skew,0.0,0.51,0.49,128,1.0192001539827393e-16,1.5242500717827531e-15,5.551115123125783e-17,0.7071067811865476,4.563376867103681,2.5102804137158374,NA,-5.020450395526539,C_from_tilted_residual,2.0532068852929797,2.1649300891489596e-06,1.02657600315339,7.089996298187371e-07,2.0000534582788134,-0.08212707428781296,5.487898619982445e-05,ok,ROW_VALID,-0.02,0.0
4,tail_alpha_1_left_transport_current_nonLDB_signed,1.0,1.0,tail,exclusion,left_transport_current,transport_non_coboundary,two_terminal_symmetric,0.5,nonLDB_site_skew,0.0,0.51,0.49,16,6.44842960906933e-17,5.149077369625821e-16,0.0,0.7071067811865476,1.4841888922714515,0.8966143804583512,NA,-1.7931725936445089,C_from_tilted_residual,0.5876306790852937,2.044734951211217e-06,0.29380133042246626,5.384719837523832e-07,2.000095364579598,-0.023505076641481937,2.8018240361138425e-05,ok,ROW_VALID,-0.02,0.0
5,tail_alpha_1_left_transport_current_nonLDB_signed,1.0,1.0,tail,exclusion,left_transport_current,transport_non_coboundary,two_terminal_symmetric,0.5,nonLDB_site_skew,0.0,0.51,0.49,32,6.670059898301455e-17,7.787178791370263e-16,1.1102230246251565e-16,0.7071067811865475,1.5948200490598794,0.9898060366730845,NA,-1.9795457094227231,C_from_tilted_residual,0.6050803763102408,2.062537013534486e-06,0.30252362723616755,5.042699360841291e-07,2.0001094851275196,-0.02420303085711145,3.31218379057141e-05,ok,ROW_VALID,-0.02,0.0
6,tail_alpha_1_left_transport_current_nonLDB_signed,1.0,1.0,tail,exclusion,left_transport_current,transport_non_coboundary,two_terminal_symmetric,0.5,nonLDB_site_skew,0.0,0.51,0.49,64,7.072120178970535e-17,5.818188466867662e-16,5.551115123125783e-17,0.7071067811865476,1.6854550962701251,1.0681365606719475,NA,-2.136198709473641,C_from_tilted_residual,0.6173929474684314,2.077192816479362e-06,0.30867789866639295,4.78245115766752e-07,2.00012035243147,-0.02469550577498414,3.715013564553615e-05,ok,ROW_VALID,-0.02,0.0
7,tail_alpha_1_left_transport_current_nonLDB_signed,1.0,1.0,tail,exclusion,left_transport_current,transport_non_coboundary,two_terminal_symmetric,0.5,nonLDB_site_skew,0.0,0.51,0.49,128,8.141285238318395e-17,1.366685183728314e-15,1.3877787807814457e-16,0.7071067811865476,1.762204299765195,1.135717819988454,NA,-2.271354698322459,C_from_tilted_residual,0.62656742143119,2.0884654074204625e-06,0.3132635012415508,4.57659909517203e-07,2.000129025398517,-0.025062461212449483,4.041894808848312e-05,ok,ROW_VALID,-0.02,0.0
4,tail_alpha_0.5_left_transport_current_nonLDB_signed,0.5,0.5,tail,exclusion,left_transport_current,transport_non_coboundary,two_terminal_symmetric,0.5,nonLDB_site_skew,0.05,0.51,0.49,16,9.615033894803411e-17,8.201768636742234e-16,8.326672684688674e-17,0.7071067811865476,3.2750442215495847,1.7594160673103634,NA,-3.5189936407589655,C_from_tilted_residual,1.5154666481009826,2.1111489600652945e-06,0.7577143593277325,7.254850191833649e-07,2.0000500577098097,-0.060617711415816955,3.7929445517725924e-05,ok,ROW_VALID,-0.02,0.05
5,tail_alpha_0.5_left_transport_current_nonLDB_signed,0.5,0.5,tail,exclusion,left_transport_current,transport_non_coboundary,two_terminal_symmetric,0.5,nonLDB_site_skew,0.05,0.51,0.49,32,8.004336617749215e-17,8.281419390983704e-16,2.7755575615628914e-17,0.7071067811865475,3.7457357364420494,2.0323272651922553,NA,-4.064846386447552,C_from_tilted_residual,1.7132166151867523,2.1337520025203725e-06,0.8565836336329902,7.184059574579281e-07,2.000057610160683,-0.06852740980116978,4.934792077193606e-05,ok,ROW_VALID,-0.02,0.05
6,tail_alpha_0.5_left_transport_current_nonLDB_signed,0.5,0.5,tail,exclusion,left_transport_current,transport_non_coboundary,two_terminal_symmetric,0.5,nonLDB_site_skew,0.05,0.51,0.49,64,9.236822369109704e-17,9.05432713533452e-16,5.551115123125783e-17,0.7071067811865476,4.1717038598479235,2.2806983870614603,NA,-4.561614892170252,C_from_tilted_residual,1.8907873547391318,2.1513626450935677e-06,0.9453637497439549,7.131275778679024e-07,2.000063314519134,-0.0756299619441807,5.985525122209623e-05,ok,ROW_VALID,-0.02,0.05
7,tail_alpha_0.5_left_transport_current_nonLDB_signed,0.5,0.5,tail,exclusion,left_transport_current,transport_non_coboundary,two_terminal_symmetric,0.5,nonLDB_site_skew,0.05,0.51,0.49,128,9.538991013147486e-17,1.4747131562854852e-15,1.942890293094024e-16,0.7071067811865476,4.563650053457325,2.5101406376244793,NA,-5.020522791768322,C_from_tilted_residual,2.0532678993134823,2.165469188392662e-06,1.0265991507578232,7.090160492480508e-07,2.0000677945211476,-0.08212892589366738,6.959779783599629e-05,ok,ROW_VALID,-0.02,0.05
4,tail_alpha_1_left_transport_current_nonLDB_signed,1.0,1.0,tail,exclusion,left_transport_current,transport_non_coboundary,two_terminal_symmetric,0.5,nonLDB_site_skew,0.05,0.51,0.49,16,5.135841497390996e-17,3.2463477713502526e-16,0.0,0.7071067811865476,1.4842808432649088,0.8965444241221143,NA,-1.7931815572321728,C_from_tilted_residual,0.5876437101548504,2.044991893015059e-06,0.293804628497113,5.385146098491929e-07,2.0001172655475195,-0.02350534032694701,3.445316062444803e-05,ok,ROW_VALID,-0.02,0.05
5,tail_alpha_1_left_transport_current_nonLDB_signed,1.0,1.0,tail,exclusion,left_transport_current,transport_non_coboundary,two_terminal_symmetric,0.5,nonLDB_site_skew,0.05,0.51,0.49,32,9.841124508642643e-17,4.842438912336322e-16,3.0531133177191805e-16,0.7071067811865475,1.59492706024869,0.9897329856254233,NA,-1.9795661061912253,C_from_tilted_residual,0.605093939682888,2.0626485733189925e-06,0.30252642013602893,5.043228420890753e-07,2.000135853955538,-0.024203254079607883,4.1099410830192085e-05,ok,ROW_VALID,-0.02,0.05
6,tail_alpha_1_left_transport_current_nonLDB_signed,1.0,1.0,tail,exclusion,left_transport_current,transport_non_coboundary,two_terminal_symmetric,0.5,nonLDB_site_skew,0.05,0.51,0.49,64,1.2671125049425588e-16,1.7286806890921079e-15,8.326672684688674e-17,0.7071067811865476,1.6855747430914856,1.068062815251618,NA,-2.136230754793945,C_from_tilted_residual,0.6174068035491587,2.076114032875445e-06,0.30868022887266533,4.783064704714521e-07,2.0001501417955962,-0.024695691939779774,4.634580382800735e-05,ok,ROW_VALID,-0.02,0.05
7,tail_alpha_1_left_transport_current_nonLDB_signed,1.0,1.0,tail,exclusion,left_transport_current,transport_non_coboundary,two_terminal_symmetric,0.5,nonLDB_site_skew,0.05,0.51,0.49,128,1.1904293003485205e-16,2.3867269914454888e-15,6.38378239159465e-16,0.7071067811865476,1.7623348675532564,1.1356447297771441,NA,-2.271398150673785,C_from_tilted_residual,0.6265814466566155,2.088307032145494e-06,0.31326542335185503,4.577283541953225e-07,2.000161524219188,-0.02506261469303178,5.0599952905461265e-05,ok,ROW_VALID,-0.02,0.05
4,tail_alpha_0.5_left_transport_current_nonLDB_signed,0.5,0.5,tail,exclusion,left_transport_current,transport_non_coboundary,two_terminal_symmetric,0.5,nonLDB_site_skew,-0.05,0.51,0.49,16,4.2733483976904045e-17,3.5348699666006523e-16,2.220446049250313e-16,0.7071067811865476,3.274824559011273,1.7596721742083974,NA,-3.5190300857581764,C_from_tilted_residual,1.5154666474614942,2.1115328398277594e-06,0.7577143593276991,7.254850265095231e-07,2.000050056865927,-0.06061771141022365,3.792880609587712e-05,ok,ROW_VALID,-0.02,-0.05
5,tail_alpha_0.5_left_transport_current_nonLDB_signed,0.5,0.5,tail,exclusion,left_transport_current,transport_non_coboundary,two_terminal_symmetric,0.5,nonLDB_site_skew,-0.05,0.51,0.49,32,5.28753623289273e-17,6.711124311925879e-16,5.551115123125783e-17,0.7071067811865475,3.7454589721565883,2.0326327577367547,NA,-4.064875115559242,C_from_tilted_residual,1.713216614334101,2.1342756141475895e-06,0.8565836336329902,7.184059250553061e-07,2.0000576091652738,-0.06852740979368144,4.934706812065315e-05,ok,ROW_VALID,-0.02,-0.05
6,tail_alpha_0.5_left_transport_current_nonLDB_signed,0.5,0.5,tail,exclusion,left_transport_current,transport_non_coboundary,two_terminal_symmetric,0.5,nonLDB_site_skew,-0.05,0.51,0.49,64,8.531059802032957e-17,1.1123119410196145e-15,1.942890293094024e-16,0.7071067811865476,4.171374604978354,2.2810460452197456,NA,-4.561633294961588,C_from_tilted_residual,1.8907873552365118,2.1511512619429666e-06,0.9453637497437439,7.131277364102116e-07,2.000063315045706,-0.0756299619347992,5.985574902389601e-05,ok,ROW_VALID,-0.02,-0.05
7,tail_alpha_0.5_left_transport_current_nonLDB_signed,0.5,0.5,tail,exclusion,left_transport_current,transport_non_coboundary,two_terminal_symmetric,0.5,nonLDB_site_skew,-0.05,0.51,0.49,128,8.168570358543718e-17,1.0681136617235075e-15,2.7755575615628914e-17,0.7071067811865476,4.563271960881315,2.510525319742153,NA,-5.0205293811678775,C_from_tilted_residual,2.053267899455591,2.16540214032669e-06,1.0265991507581118,7.090157626619015e-07,2.0000677946590115,-0.08212892588238307,6.959793936722747e-05,ok,ROW_VALID,-0.02,-0.05
4,tail_alpha_1_left_transport_current_nonLDB_signed,1.0,1.0,tail,exclusion,left_transport_current,transport_non_coboundary,two_terminal_symmetric,0.5,nonLDB_site_skew,-0.05,0.51,0.49,16,5.135841497390996e-17,4.243354397778902e-16,5.551115123125783e-17,0.7071067811865476,1.4841168748288787,0.8967039481603912,NA,-1.7931771126212568,C_from_tilted_residual,0.5876437103680132,2.0446215943264677e-06,0.2938046284971296,5.385146004022178e-07,2.0001172662729316,-0.023505340326745228,3.445337375396207e-05,ok,ROW_VALID,-0.02,-0.05
5,tail_alpha_1_left_transport_current_nonLDB_signed,1.0,1.0,tail,exclusion,left_transport_current,transport_non_coboundary,two_terminal_symmetric,0.5,nonLDB_site_skew,-0.05,0.51,0.49,32,8.752866982716644e-17,7.21802369013572e-16,1.3877787807814457e-16,0.7071067811865475,1.5947257620809001,0.9898965956169343,NA,-1.9795284178373107,C_from_tilted_residual,0.6050939398605237,2.0623696843834443e-06,0.30252642013594566,5.04323163199898e-07,2.0001358545432626,-0.024203254079336323,4.109958863240948e-05,ok,ROW_VALID,-0.02,-0.05
6,tail_alpha_1_left_transport_current_nonLDB_signed,1.0,1.0,tail,exclusion,left_transport_current,transport_non_coboundary,two_terminal_symmetric,0.5,nonLDB_site_skew,-0.05,0.51,0.49,64,7.781211429568983e-17,1.0847864656413045e-15,5.551115123125783e-17,0.7071067811865476,1.685341031587922,1.0682249573659521,NA,-2.1361591856178785,C_from_tilted_residual,0.6174068033359958,2.0765024446207577e-06,0.3086802288724655,4.78306902072774e-07,2.0001501411063294,-0.024695691939436326,4.634559106486691e-05,ok,ROW_VALID,-0.02,-0.05
7,tail_alpha_1_left_transport_current_nonLDB_signed,1.0,1.0,tail,exclusion,left_transport_current,transport_non_coboundary,two_terminal_symmetric,0.5,nonLDB_site_skew,-0.05,0.51,0.49,128,8.285750432007102e-17,1.090286294713631e-15,2.220446049250313e-16,0.7071067811865476,1.7620725195319826,1.1358023710561946,NA,-2.271293443718399,C_from_tilted_residual,0.6265814468697783,2.087959744989337e-06,0.31326542335203267,4.577278403105009e-07,2.000161524898508,-0.025062614692618,5.0600165713010625e-05,ok,ROW_VALID,-0.02,-0.05
4,tail_alpha_0.5_left_transport_current_nonLDB_signed,0.5,0.5,tail,exclusion,left_transport_current,transport_non_coboundary,two_terminal_symmetric,0.5,nonLDB_site_skew,0.1,0.51,0.49,16,6.33845721636792e-17,4.3440877764313996e-16,2.7755575615628914e-17,0.7071067811865476,3.2753452426294056,1.759399662979693,NA,-3.5191550304972985,C_from_tilted_residual,1.5155898751118002,2.11128497463509e-06,0.7577650561624516,7.255176353983137e-07,2.0000788671718377,-0.060621766862875015,5.9762786897010756e-05,ok,ROW_VALID,-0.02,0.1
5,tail_alpha_0.5_left_transport_current_nonLDB_signed,0.5,0.5,tail,exclusion,left_transport_current,transport_non_coboundary,two_terminal_symmetric,0.5,nonLDB_site_skew,0.1,0.51,0.49,32,8.003909655854483e-17,7.46160413767177e-16,2.7755575615628914e-17,0.7071067811865475,3.7460896002476343,2.0323040458733903,NA,-4.0650313494229735,C_from_tilted_residual,1.713362296698051,2.1336431503867225e-06,0.856641549465953,7.184458471336515e-07,2.000092451464903,-0.06853204265552193,7.919776614517815e-05,ok,ROW_VALID,-0.02,0.1
6,tail_alpha_0.5_left_transport_current_nonLDB_signed,0.5,0.5,tail,exclusion,left_transport_current,transport_non_coboundary,two_terminal_symmetric,0.5,nonLDB_site_skew,0.1,0.51,0.49,64,7.193451345236308e-17,9.94377581807617e-16,2.220446049250313e-16,0.7071067811865476,4.172103842297872,2.280669134505781,NA,-4.561820274009273,C_from_tilted_residual,1.8909527027943795,2.1512027083570476e-06,0.9454277900615593,7.131723484091622e-07,2.000102728809415,-0.07563508465114355,9.712267126094076e-05,ok,ROW_VALID,-0.02,0.1
7,tail_alpha_0.5_left_transport_current_nonLDB_signed,0.5,0.5,tail,exclusion,left_transport_current,transport_non_coboundary,two_terminal_symmetric,0.5,nonLDB_site_skew,0.1,0.51,0.49,128,9.441395628127585e-17,1.3183128411723792e-15,5.551115123125783e-17,0.7071067811865476,4.564091479159955,2.5101059853449392,NA,-5.020746509345375,C_from_tilted_residual,2.0534509551595193,2.1647917147272797e-06,1.0266685976500045,7.090648406886654e-07,2.0001108048495597,-0.08213448102644327,0.00011375985951023182,ok,ROW_VALID,-0.02,0.1
4,tail_alpha_1_left_transport_current_nonLDB_signed,1.0,1.0,tail,exclusion,left_transport_current,transport_non_coboundary,two_terminal_symmetric,0.5,nonLDB_site_skew,0.1,0.51,0.49,16,3.195493051907438e-17,2.924607370813614e-16,1.1102230246251565e-16,0.7071067811865476,1.4843927153248453,0.8964940843633888,NA,-1.7932039924167285,C_from_tilted_residual,0.5876828072715057,2.045112769299179e-06,0.2938145243195578,5.386423850011039e-07,2.0001829679200327,-0.023506131511155548,5.375863239009959e-05,ok,ROW_VALID,-0.02,0.1
5,tail_alpha_1_left_transport_current_nonLDB_signed,1.0,1.0,tail,exclusion,left_transport_current,transport_non_coboundary,two_terminal_symmetric,0.5,nonLDB_site_skew,0.1,0.51,0.49,32,7.839801929351278e-17,6.354305965639098e-16,2.498001805406602e-16,0.7071067811865475,1.595046778095794,0.989677450199961,NA,-1.9795895938053432,C_from_tilted_residual,0.6051346344904118,2.0627153448114994e-06,0.3025348009462414,5.044822021013794e-07,2.000214959064959,-0.024203923915891545,6.503259792900451e-05,ok,ROW_VALID,-0.02,0.1
6,tail_alpha_1_left_transport_current_nonLDB_signed,1.0,1.0,tail,exclusion,left_transport_current,transport_non_coboundary,two_terminal_symmetric,0.5,nonLDB_site_skew,0.1,0.51,0.49,64,7.389125419514128e-17,9.72324810918937e-16,1.942890293094024e-16,0.7071067811865476,1.6856999496260352,1.068003730713954,NA,-2.1362553060617495,C_from_tilted_residual,0.61744837427824,2.0771466024543614e-06,0.3086872220531167,4.784921075581558e-07,2.0002394986469305,-0.02469625063908626,7.393017200651997e-05,ok,ROW_VALID,-0.02,0.1
7,tail_alpha_1_left_transport_current_nonLDB_signed,1.0,1.0,tail,exclusion,left_transport_current,transport_non_coboundary,two_terminal_symmetric,0.5,nonLDB_site_skew,0.1,0.51,0.49,128,7.208758447313684e-17,1.3249911574513922e-15,1.1102230246251565e-16,0.7071067811865476,1.7624641958494918,1.1355831113554635,NA,-2.27142377982721,C_from_tilted_residual,0.6266235273777454,2.088733752880254e-06,0.31327119264456527,4.5793518504638933e-07,2.0002590154809,-0.02506307537165786,8.114208861487171e-05,ok,ROW_VALID,-0.02,0.1
4,tail_alpha_0.5_left_transport_current_nonLDB_signed,0.5,0.5,tail,exclusion,left_transport_current,transport_non_coboundary,two_terminal_symmetric,0.5,nonLDB_site_skew,-0.1,0.51,0.49,16,5.768708253098894e-17,5.325530288558018e-16,1.1102230246251565e-16,0.7071067811865476,3.2749059747348648,1.759911895552139,NA,-3.5192279948909864,C_from_tilted_residual,1.5155898753960173,2.1110945155229477e-06,0.7577650561621962,7.2551789912146e-07,2.0000788675475847,-0.06062176685168541,5.976307162480765e-05,ok,ROW_VALID,-0.02,-0.1
5,tail_alpha_0.5_left_transport_current_nonLDB_signed,0.5,0.5,tail,exclusion,left_transport_current,transport_non_coboundary,two_terminal_symmetric,0.5,nonLDB_site_skew,-0.1,0.51,0.49,32,7.624162117438027e-17,4.0276814232465464e-16,2.7755575615628914e-17,0.7071067811865475,3.745536149655247,2.0329150548125683,NA,-4.065088907982927,C_from_tilted_residual,1.7133622964848882,2.1337494189687316e-06,0.8566415494660307,7.184455101691008e-07,2.0000924512158864,-0.06853204264054547,7.91975528269262e-05,ok,ROW_VALID,-0.02,-0.1
6,tail_alpha_0.5_left_transport_current_nonLDB_signed,0.5,0.5,tail,exclusion,left_transport_current,transport_non_coboundary,two_terminal_symmetric,0.5,nonLDB_site_skew,-0.1,0.51,0.49,64,6.908684768746745e-17,8.590527725914707e-16,8.326672684688674e-17,0.7071067811865476,4.17144543028759,2.2813644790615975,NA,-4.561857205844265,C_from_tilted_residual,1.8909527035049223,2.150843388693448e-06,0.9454277900610375,7.131728651045245e-07,2.0001027295620757,-0.0756350846323739,9.712338284728617e-05,ok,ROW_VALID,-0.02,-0.1
7,tail_alpha_0.5_left_transport_current_nonLDB_signed,0.5,0.5,tail,exclusion,left_transport_current,transport_non_coboundary,two_terminal_symmetric,0.5,nonLDB_site_skew,-0.1,0.51,0.49,128,8.195131405214742e-17,1.176183933300898e-15,2.498001805406602e-16,0.7071067811865476,4.563335410533217,2.5108753817781158,NA,-5.020759835233347,C_from_tilted_residual,2.0534509570779846,2.1638942156899295e-06,1.026668597649505,7.090652894630641e-07,2.0001108067191646,-0.08213448100387732,0.0001137617789748191,ok,ROW_VALID,-0.02,-0.1
4,tail_alpha_1_left_transport_current_nonLDB_signed,1.0,1.0,tail,exclusion,left_transport_current,transport_non_coboundary,two_terminal_symmetric,0.5,nonLDB_site_skew,-0.1,0.51,0.49,16,4.793239577861157e-17,4.578024633585497e-16,2.220446049250313e-16,0.7071067811865476,1.4840648161267955,0.8968131290478315,NA,-1.7931951380097026,C_from_tilted_residual,0.5876828071649243,2.045320576066851e-06,0.2938145243196022,5.386422905347577e-07,2.0001829675569796,-0.023506131510752093,5.3758525719871386e-05,ok,ROW_VALID,-0.02,-0.1
5,tail_alpha_1_left_transport_current_nonLDB_signed,1.0,1.0,tail,exclusion,left_transport_current,transport_non_coboundary,two_terminal_symmetric,0.5,nonLDB_site_skew,-0.1,0.51,0.49,32,6.096323589838829e-17,6.305166457069197e-16,1.3877787807814457e-16,0.7071067811865475,1.5946442339019353,0.9900046637747864,NA,-1.9795142633284184,C_from_tilted_residual,0.6051346343483033,2.06296119074024e-06,0.30253480094613594,5.044825232033437e-07,2.0002149585959303,-0.024203923915349534,6.503245603139973e-05,ok,ROW_VALID,-0.02,-0.1
6,tail_alpha_1_left_transport_current_nonLDB_signed,1.0,1.0,tail,exclusion,left_transport_current,transport_non_coboundary,two_terminal_symmetric,0.5,nonLDB_site_skew,-0.1,0.51,0.49,64,8.569401828805645e-17,9.369939982157027e-16,0.0,0.7071067811865476,1.6852325926103808,1.068328006602963,NA,-2.1361122250416855,C_from_tilted_residual,0.6174483741716585,2.077283256953104e-06,0.3086872220532222,4.784920176431518e-07,2.000239498300974,-0.02469625063840314,7.393006521416723e-05,ok,ROW_VALID,-0.02,-0.1
7,tail_alpha_1_left_transport_current_nonLDB_signed,1.0,1.0,tail,exclusion,left_transport_current,transport_non_coboundary,two_terminal_symmetric,0.5,nonLDB_site_skew,-0.1,0.51,0.49,128,7.405105953660751e-17,1.106514868325633e-15,4.996003610813204e-16,0.7071067811865476,1.7619395789170809,1.1358983846602284,NA,-2.271214436412727,C_from_tilted_residual,0.6266235271645826,2.0890632992958e-06,0.3132711926443654,4.579361862171312e-07,2.000259014801734,-0.025063075370835297,8.114187585173127e-05,ok,ROW_VALID,-0.02,-0.1
4,tail_alpha_0.5_left_transport_current_nonLDB_signed,0.5,0.5,tail,exclusion,left_transport_current,transport_non_coboundary,two_terminal_symmetric,0.5,nonLDB_site_skew,0.0,0.48,0.52,16,5.769124369481989e-17,3.7043725100582587e-16,8.326672684688674e-17,0.7071067811865476,3.274577673471148,1.7593496441638563,NA,-3.51845263578258,C_from_tilted_residual,1.5154746818524245,2.110411039626383e-06,0.7576758076560108,7.255940989422907e-07,2.000162426382312,0.12123271931267099,0.0001230665404028386,ok,ROW_VALID,0.04,0.0
5,tail_alpha_0.5_left_transport_current_nonLDB_signed,0.5,0.5,tail,exclusion,left_transport_current,transport_non_coboundary,two_terminal_symmetric,0.5,nonLDB_site_skew,0.0,0.48,0.52,32,6.485380750510262e-17,5.812137042106294e-16,5.551115123125783e-17,0.7071067811865475,3.7451422861560655,2.032227469501093,NA,-4.064138180064159,C_from_tilted_residual,1.7132315755929994,2.133313448131247e-06,0.8565367422890713,7.185299529847324e-07,2.000184570033078,0.13705173118110803,0.00015809101485686483,ok,ROW_VALID,0.04,0.0
6,tail_alpha_0.5_left_transport_current_nonLDB_signed,0.5,0.5,tail,exclusion,left_transport_current,transport_non_coboundary,two_terminal_symmetric,0.5,nonLDB_site_skew,0.0,0.48,0.52,64,7.528264555560693e-17,7.841010600927384e-16,0.0,0.7071067811865476,4.17099252447005,2.2805646200800798,NA,-4.560748077472404,C_from_tilted_residual,1.8908090670777256,2.1509668509808723e-06,0.9453094000015816,7.132631455249049e-07,2.0002012749207423,0.1512565089310025,0.000190267074562378,ok,ROW_VALID,0.04,0.0
7,tail_alpha_0.5_left_transport_current_nonLDB_signed,0.5,0.5,tail,exclusion,left_transport_current,transport_non_coboundary,two_terminal_symmetric,0.5,nonLDB_site_skew,0.0,0.48,0.52,128,8.616530682426866e-17,1.13239017656879e-15,8.326672684688674e-17,0.7071067811865476,4.5628282198615295,2.509972977896255,NA,-5.019505119172053,C_from_tilted_residual,2.0532960785857313,2.1648338835825425e-06,1.0265379990267887,7.091603544439249e-07,2.000214391023384,0.1642541485756286,0.0002200805321539434,ok,ROW_VALID,0.04,0.0
4,tail_alpha_1_left_transport_current_nonLDB_signed,1.0,1.0,tail,exclusion,left_transport_current,transport_non_coboundary,two_terminal_symmetric,0.5,nonLDB_site_skew,0.0,0.48,0.52,16,5.192983136507159e-17,2.616450155868565e-16,3.885780586188048e-16,0.7071067811865476,1.4838180218510462,0.8964007227098134,NA,-1.792577016322862,C_from_tilted_residual,0.5876417282379975,2.043593164332354e-06,0.2937647894614648,5.388562632231956e-07,2.000381765681563,0.04701015328296465,0.00011214931506797754,ok,ROW_VALID,0.04,0.0
5,tail_alpha_1_left_transport_current_nonLDB_signed,1.0,1.0,tail,exclusion,left_transport_current,transport_non_coboundary,two_terminal_symmetric,0.5,nonLDB_site_skew,0.0,0.48,0.52,32,5.3243460591704594e-17,5.686354358259484e-16,2.220446049250313e-16,0.7071067811865475,1.5943582621376655,0.9895295268738475,NA,-1.978793847268051,C_from_tilted_residual,0.605093941743462,2.0616541094626e-06,0.30248069928895394,5.047323434615169e-07,2.000438187183069,0.04840606171422318,0.00013254316555411094,ok,ROW_VALID,0.04,0.0
6,tail_alpha_1_left_transport_current_nonLDB_signed,1.0,1.0,tail,exclusion,left_transport_current,transport_non_coboundary,two_terminal_symmetric,0.5,nonLDB_site_skew,0.0,0.48,0.52,64,7.964814170705944e-17,1.0988793298672583e-15,5.551115123125783e-17,0.7071067811865476,1.6849140640882272,1.067802854819318,NA,-2.1353083175786836,C_from_tilted_residual,0.6174086013288616,2.076356138243118e-06,0.3086299805271864,4.787720027887241e-07,2.000481613206322,0.049391011549969,0.00014864027448879824,ok,ROW_VALID,0.04,0.0
7,tail_alpha_1_left_transport_current_nonLDB_signed,1.0,1.0,tail,exclusion,left_transport_current,transport_non_coboundary,two_terminal_symmetric,0.5,nonLDB_site_skew,0.0,0.48,0.52,128,9.366901462904888e-17,1.484352208042541e-15,2.7755575615628914e-17,0.7071067811865476,1.761593157821447,1.13533182964815,NA,-2.270340154934737,C_from_tilted_residual,0.62658483253486,2.0881380517538077e-06,0.3132115661858448,4.582400390880993e-07,2.000516264980695,0.05012492242489891,0.00016170016317040847,ok,ROW_VALID,0.04,0.0
4,tail_alpha_0.5_left_transport_current_nonLDB_signed,0.5,0.5,tail,exclusion,left_transport_current,transport_non_coboundary,two_terminal_symmetric,0.5,nonLDB_site_skew,0.05,0.48,0.52,16,5.270463023818166e-17,4.49860668324509e-16,5.551115123125783e-17,0.7071067811865476,3.2744220360073797,1.7596429967330847,NA,-3.5185492675912755,C_from_tilted_residual,1.515515765149189,2.110391923387139e-06,0.7576927111388354,7.256048138625783e-07,2.000172026033248,0.12123542306435497,0.00013034287151825197,ok,ROW_VALID,0.04,0.05
5,tail_alpha_0.5_left_transport_current_nonLDB_signed,0.5,0.5,tail,exclusion,left_transport_current,transport_non_coboundary,two_terminal_symmetric,0.5,nonLDB_site_skew,0.05,0.48,0.52,32,7.4492913778323e-17,6.125632757231848e-16,5.551115123125783e-17,0.7071067811865475,3.744937725518194,2.032576180267183,NA,-4.064233760546295,C_from_tilted_residual,1.7132801452390822,2.1336365923632666e-06,0.856556053856361,7.18543273043139e-07,2.0001961780850226,0.13705481992358903,0.00016803752636018743,ok,ROW_VALID,0.04,0.05
6,tail_alpha_0.5_left_transport_current_nonLDB_signed,0.5,0.5,tail,exclusion,left_transport_current,transport_non_coboundary,two_terminal_symmetric,0.5,nonLDB_site_skew,0.05,0.48,0.52,64,9.137767973730512e-17,1.141455417805245e-15,5.551115123125783e-17,0.7071067811865476,4.1707421731051,2.2809605263565835,NA,-4.560838503931044,C_from_tilted_residual,1.8908641955306393,2.1505424549782613e-06,0.945330754722451,7.132779029644263e-07,2.0002144075866832,0.15125992429237312,0.00020268608573736913,ok,ROW_VALID,0.04,0.05
7,tail_alpha_0.5_left_transport_current_nonLDB_signed,0.5,0.5,tail,exclusion,left_transport_current,transport_non_coboundary,two_terminal_symmetric,0.5,nonLDB_site_skew,0.05,0.48,0.52,128,7.440197175978724e-17,1.0755776606116656e-15,5.551115123125783e-16,0.7071067811865476,4.5625347762021615,2.5104102921890443,NA,-5.019587956316101,C_from_tilted_residual,2.053357112075105,2.1639779729522447e-06,1.0265611575063893,7.09177233795056e-07,2.000228721942779,0.16425785226882583,0.00023479706232620856,ok,ROW_VALID,0.04,0.05
4,tail_alpha_1_left_transport_current_nonLDB_signed,1.0,1.0,tail,exclusion,left_transport_current,transport_non_coboundary,two_terminal_symmetric,0.5,nonLDB_site_skew,0.05,0.48,0.52,16,4.1657381034393627e-17,4.294351691392356e-16,1.6653345369377348e-16,0.7071067811865476,1.4836642463198948,0.8965700821115103,NA,-1.7925795516089724,C_from_tilted_residual,0.5876547768224327,2.044586869318105e-06,0.29376809603809395,5.388988180228395e-07,2.0004036678858057,0.04701068105392431,0.00011858474624482085,ok,ROW_VALID,0.04,0.05
5,tail_alpha_1_left_transport_current_nonLDB_signed,1.0,1.0,tail,exclusion,left_transport_current,transport_non_coboundary,two_terminal_symmetric,0.5,nonLDB_site_skew,0.05,0.48,0.52,32,5.967863851852259e-17,4.930093839048631e-16,5.551115123125783e-17,0.7071067811865475,1.5941636082981079,0.9897019361739061,NA,-1.9787580184659483,C_from_tilted_residual,0.6051075260060657,2.0625362098590503e-06,0.30248350324486584,5.047856838736355e-07,2.000464552660977,0.04840650867466634,0.0001405195163339812,ok,ROW_VALID,0.04,0.05
6,tail_alpha_1_left_transport_current_nonLDB_signed,1.0,1.0,tail,exclusion,left_transport_current,transport_non_coboundary,two_terminal_symmetric,0.5,nonLDB_site_skew,0.05,0.48,0.52,64,8.69869015134735e-17,1.1421621289893633e-15,8.326672684688674e-17,0.7071067811865476,1.684683475503447,1.0679723844012616,NA,-2.135233379118264,C_from_tilted_residual,0.6174224807864448,2.075827557140907e-06,0.30863232397104756,4.788341608741403e-07,2.000511394407167,0.04939138449139857,0.00015783284434967015,ok,ROW_VALID,0.04,0.05
7,tail_alpha_1_left_transport_current_nonLDB_signed,1.0,1.0,tail,exclusion,left_transport_current,transport_non_coboundary,two_terminal_symmetric,0.5,nonLDB_site_skew,0.05,0.48,0.52,128,8.331063129682139e-17,1.0822024007702184e-15,1.1102230246251565e-16,0.7071067811865476,1.7613305798890548,1.1354952798937032,NA,-2.2702269763363527,C_from_tilted_residual,0.6265988834464054,2.0876854804210704e-06,0.31321350341123044,4.583088947923232e-07,2.000548752279428,0.050125230079421934,0.0001718766239444669,ok,ROW_VALID,0.04,0.05
4,tail_alpha_0.5_left_transport_current_nonLDB_signed,0.5,0.5,tail,exclusion,left_transport_current,transport_non_coboundary,two_terminal_symmetric,0.5,nonLDB_site_skew,-0.05,0.48,0.52,16,4.1309034511007245e-17,2.8613522564929733e-16,5.551115123125783e-17,0.7071067811865476,3.2748608337086607,1.7591307532110245,NA,-3.518475821983659,C_from_tilted_residual,1.5155157649360262,2.110529646685935e-06,0.7576927111389242,7.256048358415001e-07,2.000172025751682,0.12123542306995039,0.00013034265817779556,ok,ROW_VALID,0.04,-0.05
5,tail_alpha_0.5_left_transport_current_nonLDB_signed,0.5,0.5,tail,exclusion,left_transport_current,transport_non_coboundary,two_terminal_symmetric,0.5,nonLDB_site_skew,-0.05,0.48,0.52,32,7.59535591465254e-17,5.875791875232434e-16,3.0531133177191805e-16,0.7071067811865475,3.745490589624369,2.0319651496845297,NA,-4.064175593785599,C_from_tilted_residual,1.7132801455232993,2.1334758857880046e-06,0.85655605385625,7.18543473945957e-07,2.0001961784170956,0.1370548199310786,0.00016803781079932634,ok,ROW_VALID,0.04,-0.05
6,tail_alpha_0.5_left_transport_current_nonLDB_signed,0.5,0.5,tail,exclusion,left_transport_current,transport_non_coboundary,two_terminal_symmetric,0.5,nonLDB_site_skew,-0.05,0.48,0.52,64,8.927277383549728e-17,1.2129353566368412e-15,1.6653345369377348e-16,0.7071067811865476,4.171399892360804,2.28026514812984,NA,-4.560800845244222,C_from_tilted_residual,1.8908641952464222,2.1506951142165167e-06,0.9453307547225398,7.13278008662815e-07,2.0002144072858417,0.1512599243017616,0.00020268580134263914,ok,ROW_VALID,0.04,-0.05
7,tail_alpha_0.5_left_transport_current_nonLDB_signed,0.5,0.5,tail,exclusion,left_transport_current,transport_non_coboundary,two_terminal_symmetric,0.5,nonLDB_site_skew,-0.05,0.48,0.52,128,8.001314294399164e-17,9.826805795216499e-16,2.7755575615628914e-17,0.7071067811865476,4.563290053622019,2.5096408493686777,NA,-5.019573791412972,C_from_tilted_residual,2.053357111577725,2.1642137123468796e-06,1.0265611575071665,7.091765903041373e-07,2.000228721456754,0.16425785228011003,0.0002347965633919813,ok,ROW_VALID,0.04,-0.05
4,tail_alpha_1_left_transport_current_nonLDB_signed,1.0,1.0,tail,exclusion,left_transport_current,transport_non_coboundary,two_terminal_symmetric,0.5,nonLDB_site_skew,-0.05,0.48,0.52,16,4.736387158705029e-17,2.0698100704804788e-16,8.326672684688674e-17,0.7071067811865476,1.4839917895266128,0.8962510012317343,NA,-1.792588013829333,C_from_tilted_residual,0.5876547769290141,2.044420615821805e-06,0.2937680960381772,5.388985629234612e-07,2.0004036682480466,0.04701068105412598,0.00011858485265969776,ok,ROW_VALID,0.04,-0.05
5,tail_alpha_1_left_transport_current_nonLDB_signed,1.0,1.0,tail,exclusion,left_transport_current,transport_non_coboundary,two_terminal_symmetric,0.5,nonLDB_site_skew,-0.05,0.48,0.52,32,5.417884241975678e-17,4.959313780682923e-16,4.996003610813204e-16,0.7071067811865475,1.5945657213477138,0.989374660814267,NA,-1.9788328556230081,C_from_tilted_residual,0.6051075265389727,2.061637180976521e-06,0.3024835032450268,5.047854728278354e-07,2.0004645544216846,0.04840650867493762,0.00014052004891906833,ok,ROW_VALID,0.04,-0.05
6,tail_alpha_1_left_transport_current_nonLDB_signed,1.0,1.0,tail,exclusion,left_transport_current,transport_non_coboundary,two_terminal_symmetric,0.5,nonLDB_site_skew,-0.05,0.48,0.52,64,6.21901793032473e-17,8.890945433077545e-16,3.0531133177191805e-16,0.7071067811865476,1.6851503374077352,1.067648020624289,NA,-2.135375877316634,C_from_tilted_residual,0.6174224807153905,2.0759138690100023e-06,0.3086323239711253,4.788338101437667e-07,2.00051139417644,0.049391384491739576,0.00015783277313996535,ok,ROW_VALID,0.04,-0.05
7,tail_alpha_1_left_transport_current_nonLDB_signed,1.0,1.0,tail,exclusion,left_transport_current,transport_non_coboundary,two_terminal_symmetric,0.5,nonLDB_site_skew,-0.05,0.48,0.52,128,8.264172956923748e-17,1.210145768393557e-15,4.163336342344337e-16,0.7071067811865476,1.7618546460795517,1.1351798931034782,NA,-2.2704356562695316,C_from_tilted_residual,0.6265988829134983,2.0884987478007885e-06,0.3132135034109418,4.5831004679390036e-07,2.0005487505798536,0.05012523007983294,0.00017187609161473105,ok,ROW_VALID,0.04,-0.05
4,tail_alpha_0.5_left_transport_current_nonLDB_signed,0.5,0.5,tail,exclusion,left_transport_current,transport_non_coboundary,two_terminal_symmetric,0.5,nonLDB_site_skew,0.1,0.48,0.52,16,6.552113077593804e-17,3.240256875935898e-16,5.551115123125783e-17,0.7071067811865476,3.274393987503471,1.760010834876154,NA,-3.5187658035032117,C_from_tilted_residual,1.5156390188764135,2.1108912828116807e-06,0.7577434237583391,7.256372979908318e-07,2.000200821749109,0.12124353467313687,0.00015217135973522034,ok,ROW_VALID,0.04,0.1
5,tail_alpha_0.5_left_transport_current_nonLDB_signed,0.5,0.5,tail,exclusion,left_transport_current,transport_non_coboundary,two_terminal_symmetric,0.5,nonLDB_site_skew,0.1,0.48,0.52,32,7.332048626348447e-17,9.083667426043203e-16,2.498001805406602e-16,0.7071067811865475,3.7448769976244125,2.0330113127577185,NA,-4.064462446896691,C_from_tilted_residual,1.7134258634854405,2.1329056727611084e-06,0.8566139914237936,7.185827217480895e-07,2.0002310032754944,0.13706408661809844,0.00019788063785330934,ok,ROW_VALID,0.04,0.1
6,tail_alpha_0.5_left_transport_current_nonLDB_signed,0.5,0.5,tail,exclusion,left_transport_current,transport_non_coboundary,two_terminal_symmetric,0.5,nonLDB_site_skew,0.1,0.48,0.52,64,8.344898806694099e-17,1.140793005935801e-15,8.326672684688674e-17,0.7071067811865476,4.170648950620704,2.2814529037047695,NA,-4.561072268249131,C_from_tilted_residual,1.8910295860763426,2.1505727680410206e-06,0.945394822375667,7.133231022555461e-07,2.0002538001259684,0.15127017094593131,0.0002399413250087079,ok,ROW_VALID,0.04,0.1
7,tail_alpha_0.5_left_transport_current_nonLDB_signed,0.5,0.5,tail,exclusion,left_transport_current,transport_non_coboundary,two_terminal_symmetric,0.5,nonLDB_site_skew,0.1,0.48,0.52,128,8.923467639384585e-17,1.1922025869328647e-15,2.7755575615628914e-17,0.7071067811865476,4.562409856307635,2.5109528344094336,NA,-5.019822474834292,C_from_tilted_residual,2.0535402158827765,2.163893149662528e-06,1.0266306370129374,7.092256745871266e-07,2.0002717061490713,0.16426896401202984,0.00027894185690158224,ok,ROW_VALID,0.04,0.1
4,tail_alpha_1_left_transport_current_nonLDB_signed,1.0,1.0,tail,exclusion,left_transport_current,transport_non_coboundary,two_terminal_symmetric,0.5,nonLDB_site_skew,0.1,0.48,0.52,16,5.963018284362987e-17,4.514475088793705e-16,2.7755575615628914e-16,0.7071067811865476,1.4835305068476257,0.8967590795794232,NA,-1.7925956583801317,C_from_tilted_residual,0.5876939280469173,2.0444808883226215e-06,0.29377801735908093,5.390258313043376e-07,2.000469379329315,0.0470122646226348,0.00013789332875546734,ok,ROW_VALID,0.04,0.1
5,tail_alpha_1_left_transport_current_nonLDB_signed,1.0,1.0,tail,exclusion,left_transport_current,transport_non_coboundary,two_terminal_symmetric,0.5,nonLDB_site_skew,0.1,0.48,0.52,32,6.494164284761134e-17,5.10254005549061e-16,2.7755575615628914e-16,0.7071067811865475,1.5939818203312686,0.9898918868527526,NA,-1.9787254223505313,C_from_tilted_residual,0.6051482848334899,2.062375275905301e-06,0.30249191721286595,5.049437504356125e-07,2.0005436522379614,0.04840784989381264,0.0001644504077580322,ok,ROW_VALID,0.04,0.1
6,tail_alpha_1_left_transport_current_nonLDB_signed,1.0,1.0,tail,exclusion,left_transport_current,transport_non_coboundary,two_terminal_symmetric,0.5,nonLDB_site_skew,0.1,0.48,0.52,64,9.82406540674999e-17,1.4503558152298133e-15,3.3306690738754696e-16,0.7071067811865476,1.6844586480104664,1.0681566064970245,NA,-2.1351511314758387,C_from_tilted_residual,0.6174641230316524,2.0761946073031033e-06,0.3086393568515533,4.79017720811123e-07,2.0006007313209735,0.04939250372580539,0.00018540932854582692,ok,ROW_VALID,0.04,0.1
7,tail_alpha_1_left_transport_current_nonLDB_signed,1.0,1.0,tail,exclusion,left_transport_current,transport_non_coboundary,two_terminal_symmetric,0.5,nonLDB_site_skew,0.1,0.48,0.52,128,1.131047943155293e-16,1.7451422840969532e-15,1.942890293094024e-16,0.7071067811865476,1.761067003653258,1.1356702409211739,NA,-2.2700962040590795,C_from_tilted_residual,0.6266410405153522,2.0882802883932012e-06,0.31321931803240943,4.585148764935493e-07,2.000646206791474,0.05012615351708799,0.00020240445053332223,ok,ROW_VALID,0.04,0.1
4,tail_alpha_0.5_left_transport_current_nonLDB_signed,0.5,0.5,tail,exclusion,left_transport_current,transport_non_coboundary,two_terminal_symmetric,0.5,nonLDB_site_skew,-0.1,0.48,0.52,16,7.477955142905973e-17,4.69642904465753e-16,8.326672684688674e-17,0.7071067811865476,3.2752714688333735,1.758986310270392,NA,-3.518618759374701,C_from_tilted_residual,1.5156390197290648,2.1103609444674634e-06,0.7577434237582503,7.256376349798004e-07,2.000200822874594,0.12124353468432902,0.00015217221256413893,ok,ROW_VALID,0.04,-0.1
5,tail_alpha_0.5_left_transport_current_nonLDB_signed,0.5,0.5,tail,exclusion,left_transport_current,transport_non_coboundary,two_terminal_symmetric,0.5,nonLDB_site_skew,-0.1,0.48,0.52,32,4.878295301195979e-17,4.4107446948960213e-16,1.6653345369377348e-16,0.7071067811865475,3.7459825702788683,2.03178920387965,NA,-4.0643459108862405,C_from_tilted_residual,1.7134258632722776,2.1330508146089015e-06,0.8566139914240156,7.185826634252507e-07,2.0002310030261325,0.1370640866330768,0.0001978804242463994,ok,ROW_VALID,0.04,-0.1
6,tail_alpha_0.5_left_transport_current_nonLDB_signed,0.5,0.5,tail,exclusion,left_transport_current,transport_non_coboundary,two_terminal_symmetric,0.5,nonLDB_site_skew,-0.1,0.48,0.52,64,1.068493719610832e-16,1.1926708465867822e-15,2.7755575615628914e-17,0.7071067811865476,4.1719641941757235,2.28006209075773,NA,-4.560996698572893,C_from_tilted_residual,1.8910295863605597,2.1504389092566855e-06,0.945394822376211,7.133226560030107e-07,2.0002538004254506,0.1512701709647063,0.00023994160813778365,ok,ROW_VALID,0.04,-0.1
7,tail_alpha_0.5_left_transport_current_nonLDB_signed,0.5,0.5,tail,exclusion,left_transport_current,transport_non_coboundary,two_terminal_symmetric,0.5,nonLDB_site_skew,-0.1,0.48,0.52,128,1.0299213859483177e-16,1.4455985060740619e-15,2.220446049250313e-16,0.7071067811865476,4.563920178695261,2.509413884356088,NA,-5.019793847594897,C_from_tilted_residual,2.053540215456451,2.1640856169963666e-06,1.0266306370128153,7.092260098284174e-07,2.0002717057340424,0.16426896403459645,0.00027894143082018985,ok,ROW_VALID,0.04,-0.1
4,tail_alpha_1_left_transport_current_nonLDB_signed,1.0,1.0,tail,exclusion,left_transport_current,transport_non_coboundary,two_terminal_symmetric,0.5,nonLDB_site_skew,-0.1,0.48,0.52,16,5.5350504649110975e-17,3.3373260200998626e-16,5.551115123125783e-17,0.7071067811865476,1.4841855181017383,0.8961209245517517,NA,-1.7926125143934097,C_from_tilted_residual,0.5876939282600802,2.0441559599819347e-06,0.29377801735916975,5.390254061531573e-07,2.0004693800543016,0.04701226462303809,0.00013789354174065238,ok,ROW_VALID,0.04,-0.1
5,tail_alpha_1_left_transport_current_nonLDB_signed,1.0,1.0,tail,exclusion,left_transport_current,transport_non_coboundary,two_terminal_symmetric,0.5,nonLDB_site_skew,-0.1,0.48,0.52,32,6.482463087851654e-17,5.822548433646258e-16,4.163336342344337e-16,0.7071067811865475,1.5947859424098931,0.9892373488811677,NA,-1.9788750066707337,C_from_tilted_residual,0.6051482846203271,2.062716517010426e-06,0.3024919172128382,5.049438054894835e-07,2.0005436515334556,0.04840784989435565,0.00016445019465072264,ok,ROW_VALID,0.04,-0.1
6,tail_alpha_1_left_transport_current_nonLDB_signed,1.0,1.0,tail,exclusion,left_transport_current,transport_non_coboundary,two_terminal_symmetric,0.5,nonLDB_site_skew,-0.1,0.48,0.52,64,6.397296504143103e-17,9.0704769006916e-16,2.220446049250313e-16,0.7071067811865476,1.6853922401698138,1.0675078955429056,NA,-2.1354360130008114,C_from_tilted_residual,0.6174641227119082,2.076636924452573e-06,0.30863935685148114,4.790179546260756e-07,2.000600730285461,0.0493925037264894,0.00018540900894592482,ok,ROW_VALID,0.04,-0.1
7,tail_alpha_1_left_transport_current_nonLDB_signed,1.0,1.0,tail,exclusion,left_transport_current,transport_non_coboundary,two_terminal_symmetric,0.5,nonLDB_site_skew,-0.1,0.48,0.52,128,6.684445875419874e-17,1.0489157945203148e-15,2.7755575615628914e-17,0.7071067811865476,1.7621149782147736,1.1350394857618316,NA,-2.270513423834288,C_from_tilted_residual,0.6266410401423173,2.0889110151641307e-06,0.31321931803214853,4.5851645382007613e-07,2.0006462056021697,0.05012615351791294,0.00020240407802019078,ok,ROW_VALID,0.04,-0.1
4,tail_alpha_0.5_left_transport_current_nonLDB_signed,0.5,0.5,tail,exclusion,left_transport_current,transport_non_coboundary,two_terminal_symmetric,0.5,nonLDB_site_skew,0.0,0.52,0.48,16,5.982795642425766e-17,4.894309172259411e-16,8.326672684688674e-17,0.7071067811865476,3.2745776734711485,1.7593496441638565,NA,-3.518452635711526,C_from_tilted_residual,1.5154746819234788,2.110361223469955e-06,0.7576758076559109,7.255942674518648e-07,2.000162426476355,-0.12123271931267032,0.00012306661165695232,ok,ROW_VALID,-0.04,0.0
5,tail_alpha_0.5_left_transport_current_nonLDB_signed,0.5,0.5,tail,exclusion,left_transport_current,transport_non_coboundary,two_terminal_symmetric,0.5,nonLDB_site_skew,0.0,0.52,0.48,32,6.076392775252858e-17,6.445151096718578e-16,5.551115123125783e-17,0.7071067811865475,3.7451422861560655,2.032227469501093,NA,-4.064138180348376,C_from_tilted_residual,1.7132315753087823,2.133466382924358e-06,0.8565367422887604,7.185303807230187e-07,2.000184569701983,-0.13705173118110903,0.00015809073126149542,ok,ROW_VALID,-0.04,0.0
6,tail_alpha_0.5_left_transport_current_nonLDB_signed,0.5,0.5,tail,exclusion,left_transport_current,transport_non_coboundary,two_terminal_symmetric,0.5,nonLDB_site_skew,0.0,0.52,0.48,64,9.54653284923897e-17,1.0806804130550999e-15,0.0,0.7071067811865476,4.1709925244700505,2.2805646200800798,NA,-4.560748076690808,C_from_tilted_residual,1.8908090678593226,2.150591063168451e-06,0.9453094000011264,7.132636446681205e-07,2.0002012757485215,-0.15125650893100417,0.00019026785706977023,ok,ROW_VALID,-0.04,0.0
7,tail_alpha_0.5_left_transport_current_nonLDB_signed,0.5,0.5,tail,exclusion,left_transport_current,transport_non_coboundary,two_terminal_symmetric,0.5,nonLDB_site_skew,0.0,0.52,0.48,128,8.907884882083126e-17,1.1816718787747972e-15,1.6653345369377348e-16,0.7071067811865476,4.5628282198615295,2.509972977896254,NA,-5.019505118390455,C_from_tilted_residual,2.0532960793673283,2.1644921592237313e-06,1.0265379990262669,7.091608627590794e-07,2.000214391785792,-0.1642541485756308,0.0002200813147945624,ok,ROW_VALID,-0.04,0.0
4,tail_alpha_1_left_transport_current_nonLDB_signed,1.0,1.0,tail,exclusion,left_transport_current,transport_non_coboundary,two_terminal_symmetric,0.5,nonLDB_site_skew,0.0,0.52,0.48,16,6.362830985940092e-17,4.7543266436947465e-16,0.0,0.7071067811865476,1.4838180218510466,0.8964007227098139,NA,-1.7925770165715529,C_from_tilted_residual,0.5876417279893076,2.0439974715031067e-06,0.29376478946144813,5.38856319912581e-07,2.0003817648351148,-0.04701015328296426,0.00011214906641132671,ok,ROW_VALID,-0.04,0.0
5,tail_alpha_1_left_transport_current_nonLDB_signed,1.0,1.0,tail,exclusion,left_transport_current,transport_non_coboundary,two_terminal_symmetric,0.5,nonLDB_site_skew,0.0,0.52,0.48,32,5.382855356523981e-17,6.085048959084755e-16,2.7755575615628914e-17,0.7071067811865475,1.5943582621376655,0.9895295268738475,NA,-1.978793847232524,C_from_tilted_residual,0.6050939417789891,2.061624752744855e-06,0.3024806992888429,5.047330958918761e-07,2.0004381873012558,-0.048406061714223125,0.00013254320130329234,ok,ROW_VALID,-0.04,0.0
6,tail_alpha_1_left_transport_current_nonLDB_signed,1.0,1.0,tail,exclusion,left_transport_current,transport_non_coboundary,two_terminal_symmetric,0.5,nonLDB_site_skew,0.0,0.52,0.48,64,6.814230803580303e-17,7.774112420557961e-16,8.326672684688674e-17,0.7071067811865476,1.6849140640882272,1.067802854819318,NA,-2.1353083172944665,C_from_tilted_residual,0.6174086016130786,2.0758922031614395e-06,0.30862998052705315,4.787727582136731e-07,2.0004816141280846,-0.04939101154996772,0.00014864055897234607,ok,ROW_VALID,-0.04,0.0
7,tail_alpha_1_left_transport_current_nonLDB_signed,1.0,1.0,tail,exclusion,left_transport_current,transport_non_coboundary,two_terminal_symmetric,0.5,nonLDB_site_skew,0.0,0.52,0.48,128,1.0318480256994052e-16,1.837271769703768e-15,1.6653345369377348e-16,0.7071067811865476,1.7615931578214465,1.1353318296481496,NA,-2.270340155147899,C_from_tilted_residual,0.6265848323216971,2.0884250938725537e-06,0.3132115661855617,4.582416519001056e-07,2.000516264301932,-0.05012492242489658,0.0001616999505738015,ok,ROW_VALID,-0.04,0.0
4,tail_alpha_0.5_left_transport_current_nonLDB_signed,0.5,0.5,tail,exclusion,left_transport_current,transport_non_coboundary,two_terminal_symmetric,0.5,nonLDB_site_skew,0.05,0.52,0.48,16,6.979802382894328e-17,2.4974882841145894e-16,5.551115123125783e-17,0.7071067811865476,3.2748608337086615,1.759130753211025,NA,-3.5184758215573346,C_from_tilted_residual,1.5155157653623519,2.110251269726106e-06,0.757692711138791,7.2560498236834e-07,2.0001720263146967,-0.12123542306994994,0.00013034308476989054,ok,ROW_VALID,-0.04,0.05
5,tail_alpha_0.5_left_transport_current_nonLDB_signed,0.5,0.5,tail,exclusion,left_transport_current,transport_non_coboundary,two_terminal_symmetric,0.5,nonLDB_site_skew,0.05,0.52,0.48,32,7.536930099924443e-17,5.268146897336529e-16,1.1102230246251565e-16,0.7071067811865475,3.74549058962437,2.0319651496845297,NA,-4.064175593288221,C_from_tilted_residual,1.7132801460206792,2.133195945395592e-06,0.856556053856572,7.185431239861017e-07,2.000196178997018,-0.13705481993107727,0.00016803830753531201,ok,ROW_VALID,-0.04,0.05
6,tail_alpha_0.5_left_transport_current_nonLDB_signed,0.5,0.5,tail,exclusion,left_transport_current,transport_non_coboundary,two_terminal_symmetric,0.5,nonLDB_site_skew,0.05,0.52,0.48,64,8.184369418205784e-17,1.0069290470973813e-15,8.326672684688674e-17,0.7071067811865476,4.171399892360804,2.280265148129839,NA,-4.560800845031058,C_from_tilted_residual,1.890864195459585,2.150589426993549e-06,0.9453307547221179,7.132785019225935e-07,2.0002144075122246,-0.15125992430175939,0.00020268601534922936,ok,ROW_VALID,-0.04,0.05
7,tail_alpha_0.5_left_transport_current_nonLDB_signed,0.5,0.5,tail,exclusion,left_transport_current,transport_non_coboundary,two_terminal_symmetric,0.5,nonLDB_site_skew,0.05,0.52,0.48,128,8.146988930912163e-17,1.1369674893763854e-15,2.220446049250313e-16,0.7071067811865476,4.563290053622017,2.509640849368675,NA,-5.019573792265619,C_from_tilted_residual,2.0533571107250737,2.164622471539251e-06,1.0265611575066225,7.091770499405001e-07,2.000228720627224,-0.1642578522801107,0.00023479571182871695,ok,ROW_VALID,-0.04,0.05
4,tail_alpha_1_left_transport_current_nonLDB_signed,1.0,1.0,tail,exclusion,left_transport_current,transport_non_coboundary,two_terminal_symmetric,0.5,nonLDB_site_skew,0.05,0.52,0.48,16,6.590996588318444e-17,4.586235400640123e-16,5.551115123125783e-17,0.7071067811865476,1.4839917895266126,0.8962510012317344,NA,-1.7925880138293329,C_from_tilted_residual,0.5876547769290141,2.0444017234141587e-06,0.29376809603813836,5.388987140934439e-07,2.0004036682483113,-0.04701068105412565,0.00011858485273741337,ok,ROW_VALID,-0.04,0.05
5,tail_alpha_1_left_transport_current_nonLDB_signed,1.0,1.0,tail,exclusion,left_transport_current,transport_non_coboundary,two_terminal_symmetric,0.5,nonLDB_site_skew,0.05,0.52,0.48,32,8.366711086420322e-17,5.872233423300621e-16,5.551115123125783e-17,0.7071067811865475,1.5945657213477138,0.9893746608142666,NA,-1.978832855978279,C_from_tilted_residual,0.6051075261837013,2.062235310491986e-06,0.3024835032449269,5.047855554110361e-07,2.0004645532478302,-0.04840650867493779,0.0001405196938475406,ok,ROW_VALID,-0.04,0.05
6,tail_alpha_1_left_transport_current_nonLDB_signed,1.0,1.0,tail,exclusion,left_transport_current,transport_non_coboundary,two_terminal_symmetric,0.5,nonLDB_site_skew,0.05,0.52,0.48,64,6.680236963434938e-17,9.773661246064506e-16,1.3877787807814457e-16,0.7071067811865476,1.6851503374077352,1.0676480206242887,NA,-2.1353758773166334,C_from_tilted_residual,0.6174224807153905,2.0759138689204146e-06,0.30863232397115303,4.78833927053808e-07,2.00051139417626,-0.04939138449173874,0.0001578327730844542,ok,ROW_VALID,-0.04,0.05
7,tail_alpha_1_left_transport_current_nonLDB_signed,1.0,1.0,tail,exclusion,left_transport_current,transport_non_coboundary,two_terminal_symmetric,0.5,nonLDB_site_skew,0.05,0.52,0.48,128,6.745118711055781e-17,1.0657992657819876e-15,1.3877787807814457e-16,0.7071067811865476,1.7618546460795512,1.1351798931034778,NA,-2.270435655754387,C_from_tilted_residual,0.6265988834286418,2.087708514178477e-06,0.31321350341145804,4.583086112224751e-07,2.00054875222126,-0.050125230079832994,0.00017187660572570707,ok,ROW_VALID,-0.04,0.05
4,tail_alpha_0.5_left_transport_current_nonLDB_signed,0.5,0.5,tail,exclusion,left_transport_current,transport_non_coboundary,two_terminal_symmetric,0.5,nonLDB_site_skew,-0.05,0.52,0.48,16,5.341685497113006e-17,3.141198657661859e-16,0.0,0.7071067811865476,3.2744220360073797,1.7596429967330844,NA,-3.5185492680176007,C_from_tilted_residual,1.5155157647228634,2.1106585792360636e-06,0.7576927111386578,7.25605070284495e-07,2.000172025471054,-0.12123542306435464,0.00013034244554788188,ok,ROW_VALID,-0.04,-0.05
5,tail_alpha_0.5_left_transport_current_nonLDB_signed,0.5,0.5,tail,exclusion,left_transport_current,transport_non_coboundary,two_terminal_symmetric,0.5,nonLDB_site_skew,-0.05,0.52,0.48,32,6.28077508327037e-17,4.555270809198943e-16,1.942890293094024e-16,0.7071067811865475,3.7449377255181946,2.0325761802671836,NA,-4.06423375962259,C_from_tilted_residual,1.7132801461627878,2.1331233682551894e-06,0.8565560538562056,7.185432924854686e-07,2.0001961791637806,-0.13705481992358926,0.00016803845037660636,ok,ROW_VALID,-0.04,-0.05
6,tail_alpha_0.5_left_transport_current_nonLDB_signed,0.5,0.5,tail,exclusion,left_transport_current,transport_non_coboundary,two_terminal_symmetric,0.5,nonLDB_site_skew,-0.05,0.52,0.48,64,9.620658151204075e-17,1.177290592554615e-15,1.942890293094024e-16,0.7071067811865476,4.170742173105101,2.2809605263565844,NA,-4.560838504073154,C_from_tilted_residual,1.8908641953885308,2.1506223075254725e-06,0.9453307547221179,7.132784020962742e-07,2.000214407437061,-0.15125992429237645,0.0002026859442949558,ok,ROW_VALID,-0.04,-0.05
7,tail_alpha_0.5_left_transport_current_nonLDB_signed,0.5,0.5,tail,exclusion,left_transport_current,transport_non_coboundary,two_terminal_symmetric,0.5,nonLDB_site_skew,-0.05,0.52,0.48,128,7.272941111834169e-17,1.1290636096052654e-15,1.1102230246251565e-16,0.7071067811865476,4.562534776202161,2.510410292189044,NA,-5.01958795681348,C_from_tilted_residual,2.053357111577725,2.1642418280018233e-06,1.0265611575069555,7.091765037845678e-07,2.000228721457165,-0.16425785226882506,0.00023479656381386604,ok,ROW_VALID,-0.04,-0.05
4,tail_alpha_1_left_transport_current_nonLDB_signed,1.0,1.0,tail,exclusion,left_transport_current,transport_non_coboundary,two_terminal_symmetric,0.5,nonLDB_site_skew,-0.05,0.52,0.48,16,3.4809592371205637e-17,3.0319740428741263e-16,2.7755575615628914e-17,0.7071067811865476,1.4836642463198948,0.89657008211151,NA,-1.7925795519997707,C_from_tilted_residual,0.5876547764316342,2.045236769192032e-06,0.29376809603816056,5.388986951971642e-07,2.000403666555056,-0.04701068105392414,0.00011858435531308942,ok,ROW_VALID,-0.04,-0.05
5,tail_alpha_1_left_transport_current_nonLDB_signed,1.0,1.0,tail,exclusion,left_transport_current,transport_non_coboundary,two_terminal_symmetric,0.5,nonLDB_site_skew,-0.05,0.52,0.48,32,7.009314602469613e-17,5.737553065091543e-16,8.326672684688674e-17,0.7071067811865475,1.5941636082981079,0.9897019361739061,NA,-1.9787580182527855,C_from_tilted_residual,0.6051075262192285,2.0621582509501553e-06,0.3024835032449824,5.047857205770116e-07,2.000464553364915,-0.048406508674666116,0.00014051972926365508,ok,ROW_VALID,-0.04,-0.05
6,tail_alpha_1_left_transport_current_nonLDB_signed,1.0,1.0,tail,exclusion,left_transport_current,transport_non_coboundary,two_terminal_symmetric,0.5,nonLDB_site_skew,-0.05,0.52,0.48,64,1.0072428561793884e-16,8.818790617877941e-16,1.1102230246251565e-16,0.7071067811865476,1.684683475503447,1.0679723844012614,NA,-2.1352333797222247,C_from_tilted_residual,0.6174224801824835,2.0767302324455617e-06,0.3086323239711253,4.788338101437667e-07,2.0005113924497673,-0.04939138449139735,0.00015783224023291353,ok,ROW_VALID,-0.04,-0.05
7,tail_alpha_1_left_transport_current_nonLDB_signed,1.0,1.0,tail,exclusion,left_transport_current,transport_non_coboundary,two_terminal_symmetric,0.5,nonLDB_site_skew,-0.05,0.52,0.48,128,7.608217714389853e-17,1.1146715970388027e-15,1.942890293094024e-16,0.7071067811865476,1.7613305798890546,1.1354952798937035,NA,-2.2702269773844033,C_from_tilted_residual,0.6265988823983548,2.0892783503569038e-06,0.31321350341105836,4.5831013540920325e-07,2.000548748934405,-0.05012523007942116,0.0001718755762381008,ok,ROW_VALID,-0.04,-0.05
4,tail_alpha_0.5_left_transport_current_nonLDB_signed,0.5,0.5,tail,exclusion,left_transport_current,transport_non_coboundary,two_terminal_symmetric,0.5,nonLDB_site_skew,0.1,0.52,0.48,16,6.836987559228318e-17,4.246400653898093e-16,0.0,0.7071067811865476,3.275271468833374,1.7589863102703922,NA,-3.518618759303647,C_from_tilted_residual,1.515639019800119,2.1103462941610315e-06,0.7577434237583947,7.256373859009221e-07,2.0002008229679844,-0.12124353468432802,0.00015217228332975452,ok,ROW_VALID,-0.04,0.1
5,tail_alpha_0.5_left_transport_current_nonLDB_signed,0.5,0.5,tail,exclusion,left_transport_current,transport_non_coboundary,two_terminal_symmetric,0.5,nonLDB_site_skew,0.1,0.52,0.48,32,5.345676886939306e-17,5.405987048388109e-16,1.1102230246251565e-16,0.7071067811865475,3.7459825702788674,2.03178920387965,NA,-4.064345910744131,C_from_tilted_residual,1.7134258634143862,2.132952325455252e-06,0.85661399142406,7.185826310237398e-07,2.0002310031919244,-0.13706408663307668,0.0001978805662661287,ok,ROW_VALID,-0.04,0.1
6,tail_alpha_0.5_left_transport_current_nonLDB_signed,0.5,0.5,tail,exclusion,left_transport_current,transport_non_coboundary,two_terminal_symmetric,0.5,nonLDB_site_skew,0.1,0.52,0.48,64,1.2034483145558848e-16,1.3013741350460846e-15,1.942890293094024e-16,0.7071067811865476,4.1719641941757235,2.2800620907577303,NA,-4.560996697791297,C_from_tilted_residual,1.8910295871421567,2.1500326362746593e-06,0.9453948223759445,7.133229319749206e-07,2.0002538012527555,-0.15127017096470263,0.00023994239026770003,ok,ROW_VALID,-0.04,0.1
7,tail_alpha_0.5_left_transport_current_nonLDB_signed,0.5,0.5,tail,exclusion,left_transport_current,transport_non_coboundary,two_terminal_symmetric,0.5,nonLDB_site_skew,0.1,0.52,0.48,128,8.535021647827338e-17,1.1530039301049985e-15,6.106226635438361e-16,0.7071067811865476,4.56392017869526,2.5094138843560883,NA,-5.01979384830544,C_from_tilted_residual,2.053540214745908,2.1644489260062776e-06,1.0266306370132816,7.092254583022394e-07,2.0002717050410226,-0.16426896403459923,0.00027894071934486675,ok,ROW_VALID,-0.04,0.1
4,tail_alpha_1_left_transport_current_nonLDB_signed,1.0,1.0,tail,exclusion,left_transport_current,transport_non_coboundary,two_terminal_symmetric,0.5,nonLDB_site_skew,0.1,0.52,0.48,16,6.448048479741794e-17,4.0353866077766494e-16,2.220446049250313e-16,0.7071067811865476,1.4841855181017385,0.8961209245517521,NA,-1.7926125149973717,C_from_tilted_residual,0.5876939276561188,2.045142079498025e-06,0.2937780173590365,5.390260486038279e-07,2.0004693779993663,-0.04701226462303826,0.0001378929380457805,ok,ROW_VALID,-0.04,0.1
5,tail_alpha_1_left_transport_current_nonLDB_signed,1.0,1.0,tail,exclusion,left_transport_current,transport_non_coboundary,two_terminal_symmetric,0.5,nonLDB_site_skew,0.1,0.52,0.48,32,6.962212161140315e-17,6.714063027758142e-16,1.942890293094024e-16,0.7071067811865475,1.5947859424098931,0.9892373488811678,NA,-1.9788750063865166,C_from_tilted_residual,0.6051482849045442,2.062290882834041e-06,0.3024919172129159,5.049436953817045e-07,2.0005436524725275,-0.048407849894355204,0.00016445047871238572,ok,ROW_VALID,-0.04,0.1
6,tail_alpha_1_left_transport_current_nonLDB_signed,1.0,1.0,tail,exclusion,left_transport_current,transport_non_coboundary,two_terminal_symmetric,0.5,nonLDB_site_skew,0.1,0.52,0.48,64,7.5577363351272e-17,9.966942838687816e-16,2.7755575615628914e-17,0.7071067811865476,1.6853922401698136,1.0675078955429058,NA,-2.1354360125389586,C_from_tilted_residual,0.617464123173761,2.0759392863310166e-06,0.30863935685144783,4.790182334053604e-07,2.0006007317820926,-0.049392503726488735,0.00018540947086531645,ok,ROW_VALID,-0.04,0.1
7,tail_alpha_1_left_transport_current_nonLDB_signed,1.0,1.0,tail,exclusion,left_transport_current,transport_non_coboundary,two_terminal_symmetric,0.5,nonLDB_site_skew,0.1,0.52,0.48,128,6.5204633426465e-17,1.2030342398731724e-15,4.440892098500626e-16,0.7071067811865476,1.7621149782147731,1.1350394857618311,NA,-2.270513423336907,C_from_tilted_residual,0.6266410406396972,2.0880960309131233e-06,0.31321931803245384,4.585147081272104e-07,2.00064620718818,-0.050126153517912386,0.00020240457478948315,ok,ROW_VALID,-0.04,0.1
4,tail_alpha_0.5_left_transport_current_nonLDB_signed,0.5,0.5,tail,exclusion,left_transport_current,transport_non_coboundary,two_terminal_symmetric,0.5,nonLDB_site_skew,-0.1,0.52,0.48,16,5.83992687350752e-17,3.097595801872746e-16,1.3877787807814457e-16,0.7071067811865476,3.274393987503471,1.7600108348761536,NA,-3.5187658027216138,C_from_tilted_residual,1.5156390196580105,2.110428335405459e-06,0.7577434237580838,7.256375763731974e-07,2.000200822781263,-0.12124353467313687,0.00015217214184293226,ok,ROW_VALID,-0.04,-0.1
5,tail_alpha_0.5_left_transport_current_nonLDB_signed,0.5,0.5,tail,exclusion,left_transport_current,transport_non_coboundary,two_terminal_symmetric,0.5,nonLDB_site_skew,-0.1,0.52,0.48,32,6.601764898624499e-17,5.021209172009632e-16,8.326672684688674e-17,0.7071067811865475,3.744876997624412,2.0330113127577185,NA,-4.06446244689669,C_from_tilted_residual,1.7134258634854405,2.1329004890768305e-06,0.8566139914238269,7.185826245436406e-07,2.0002310032754167,-0.13706408661809877,0.00019788063778669596,ok,ROW_VALID,-0.04,-0.1
6,tail_alpha_0.5_left_transport_current_nonLDB_signed,0.5,0.5,tail,exclusion,left_transport_current,transport_non_coboundary,two_terminal_symmetric,0.5,nonLDB_site_skew,-0.1,0.52,0.48,64,8.320136495695006e-17,1.0575695452434733e-15,2.7755575615628914e-16,0.7071067811865476,4.170648950620704,2.2814529037047695,NA,-4.561072268107022,C_from_tilted_residual,1.8910295862184512,2.150502316099588e-06,0.9453948223759889,7.133224681075467e-07,2.000253800275604,-0.1512701709459332,0.0002399414664733257,ok,ROW_VALID,-0.04,-0.1
7,tail_alpha_0.5_left_transport_current_nonLDB_signed,0.5,0.5,tail,exclusion,left_transport_current,transport_non_coboundary,two_terminal_symmetric,0.5,nonLDB_site_skew,-0.1,0.52,0.48,128,8.545811814259481e-17,1.1932008043866098e-15,2.220446049250313e-16,0.7071067811865476,4.562409856307635,2.5109528344094327,NA,-5.01982247447902,C_from_tilted_residual,2.053540216238048,2.1637417707815813e-06,1.026630637012571,7.092257232514257e-07,2.000271706495841,-0.16426896401202806,0.0002789422129056973,ok,ROW_VALID,-0.04,-0.1
4,tail_alpha_1_left_transport_current_nonLDB_signed,1.0,1.0,tail,exclusion,left_transport_current,transport_non_coboundary,two_terminal_symmetric,0.5,nonLDB_site_skew,-0.1,0.52,0.48,16,4.1655534426650524e-17,2.022172583419278e-16,0.0,0.7071067811865476,1.4835305068476257,0.8967590795794231,NA,-1.7925956584511857,C_from_tilted_residual,0.5876939279758631,2.0446055700300684e-06,0.29377801735915865,5.3902546283998e-07,2.0004693790869217,-0.047012264622634414,0.00013789325754576254,ok,ROW_VALID,-0.04,-0.1
5,tail_alpha_1_left_transport_current_nonLDB_signed,1.0,1.0,tail,exclusion,left_transport_current,transport_non_coboundary,two_terminal_symmetric,0.5,nonLDB_site_skew,-0.1,0.52,0.48,32,1.0648089187626363e-16,7.594801992444333e-16,2.7755575615628914e-17,0.7071067811865475,1.5939818203312681,0.9898918868527523,NA,-1.9787254223150033,C_from_tilted_residual,0.6051482848690171,2.0623312446670583e-06,0.3024919172127716,5.049440991099926e-07,2.0005436523560336,-0.04840784989381347,0.00016445044347390692,ok,ROW_VALID,-0.04,-0.1
6,tail_alpha_1_left_transport_current_nonLDB_signed,1.0,1.0,tail,exclusion,left_transport_current,transport_non_coboundary,two_terminal_symmetric,0.5,nonLDB_site_skew,-0.1,0.52,0.48,64,8.271853154194338e-17,9.77429061421685e-16,1.942890293094024e-16,0.7071067811865476,1.6844586480104662,1.0681566064970245,NA,-2.1351511320797996,C_from_tilted_residual,0.6174641224276911,2.077100817877842e-06,0.3086393568514645,4.790181344836712e-07,2.000600729364698,-0.04939250372580739,0.0001854087247621372,ok,ROW_VALID,-0.04,-0.1
7,tail_alpha_1_left_transport_current_nonLDB_signed,1.0,1.0,tail,exclusion,left_transport_current,transport_non_coboundary,two_terminal_symmetric,0.5,nonLDB_site_skew,-0.1,0.52,0.48,128,8.818376466378641e-17,1.5084915188065332e-15,5.828670879282072e-16,0.7071067811865476,1.7610670036532579,1.135670240921174,NA,-2.2700962043077695,C_from_tilted_residual,0.6266410402666622,2.0886806937123066e-06,0.3132193180322429,4.5851604619632753e-07,2.000646205998557,-0.050126153517090155,0.00020240420217643162,ok,ROW_VALID,-0.04,-0.1
