L,reservoir_id,alpha_kernel,alpha_tail_effective,reservoir_kind,sector,observable_kind,observable_status,affinity_mode,affinity_split,activity_mode,activity_bias,rho_left,rho_right,n_state,pi_resid,phi_resid,phi_gauge,coboundary_resid,a_mean,corrector_2hphi,two_C_explicit,two_C_residual,C_status,lambda_tilt_second,lambda_tilt_rel_spread,G_R,G_rel_spread,S_R,J0,FDT_residual_R2,status,verdict,density_delta,activity_A
4,tail_alpha_0.5_left_transport_current_reversible_signed,0.5,0.5,tail,exclusion,left_transport_current,transport_non_coboundary,two_terminal_symmetric,0.5,reversible_side,0.0,0.5,0.5,16,6.196466915369545e-17,4.613646410007257e-16,1.6653345369377348e-16,0.7071067811865476,3.2749683140010424,1.7595593225926582,NA,-3.519118431680702,C_from_tilted_residual,1.5154092049129986,2.1112319158662657e-06,0.7577046789257635,7.254340371125565e-07,1.9999997981554916,-3.3306690738754696e-16,-1.5293852850817302e-07,ok,ROW_VALID,0.0,0.0
5,tail_alpha_0.5_left_transport_current_reversible_signed,0.5,0.5,tail,exclusion,left_transport_current,transport_non_coboundary,two_terminal_symmetric,0.5,reversible_side,0.0,0.5,0.5,32,6.806728445355365e-17,5.845281316425229e-16,5.551115123125783e-17,0.7071067811865475,3.7456532621282257,2.0325066223643686,NA,-4.065013000833061,C_from_tilted_residual,1.7131468836595332,2.1340877090427373e-06,0.856573524987625,7.183469724939979e-07,1.9999998058360293,6.661338147750939e-16,-1.66315716754184e-07,ok,ROW_VALID,0.0,0.0
6,tail_alpha_0.5_left_transport_current_reversible_signed,0.5,0.5,tail,exclusion,left_transport_current,transport_non_coboundary,two_terminal_symmetric,0.5,reversible_side,0.0,0.5,0.5,64,1.0314217721681013e-16,1.3449450340910315e-15,3.885780586188048e-16,0.7071067811865476,4.17161685107453,2.2809104894369945,NA,-4.56182070932468,C_from_tilted_residual,1.8907066311868448,2.1523658297763806e-06,0.945353405517424,7.130623980000087e-07,1.9999998097557992,1.7763568394002505e-15,-1.798480031567351e-07,ok,ROW_VALID,0.0,0.0
7,tail_alpha_0.5_left_transport_current_reversible_signed,0.5,0.5,tail,exclusion,left_transport_current,transport_non_coboundary,two_terminal_symmetric,0.5,reversible_side,0.0,0.5,0.5,128,1.8026192241695776e-16,3.637578789869244e-15,3.608224830031759e-16,0.7071067811865476,4.563559749517733,2.510382892322371,NA,-5.0207654886394675,C_from_tilted_residual,2.053177153200636,2.165417818198675e-06,1.0265886711961936,7.089454537683662e-07,1.9999998157083196,6.439293542825908e-15,-1.8919175115428288e-07,ok,ROW_VALID,0.0,0.0
4,tail_alpha_1_left_transport_current_reversible_signed,1.0,1.0,tail,exclusion,left_transport_current,transport_non_coboundary,two_terminal_symmetric,0.5,reversible_side,0.0,0.5,0.5,16,3.994602412697815e-17,2.573946193822258e-16,1.3877787807814457e-16,0.7071067811865476,1.48431251574492,0.8966855997078638,NA,-1.7933711195368152,C_from_tilted_residual,0.5876269959159686,2.0452956727674865e-06,0.2938135107427686,5.38343829965323e-07,1.9999999129734756,-1.1102230246251565e-16,-2.5569568684602473e-08,ok,ROW_VALID,0.0,0.0
5,tail_alpha_1_left_transport_current_reversible_signed,1.0,1.0,tail,exclusion,left_transport_current,transport_non_coboundary,two_terminal_symmetric,0.5,reversible_side,0.0,0.5,0.5,32,8.647674148850482e-17,5.604204008429283e-16,3.3306690738754696e-16,0.7071067811865475,1.5949739780339511,0.9898982066061637,NA,-1.9797963294422474,C_from_tilted_residual,0.6050758551978674,2.0616973869023257e-06,0.30253793655191097,5.041156459677822e-07,1.9999999408141844,-1.1102230246251565e-16,-1.790595449691068e-08,ok,ROW_VALID,0.0,0.0
6,tail_alpha_1_left_transport_current_reversible_signed,1.0,1.0,tail,exclusion,left_transport_current,transport_non_coboundary,two_terminal_symmetric,0.5,reversible_side,0.0,0.5,0.5,64,8.088799447335863e-17,1.1748266657873885e-15,1.3877787807814457e-16,0.7071067811865476,1.685635440330758,1.0682477959561585,NA,-2.136495506724592,C_from_tilted_residual,0.6173877295623242,2.077400987201339e-06,0.3086938713795728,4.780689926232719e-07,1.9999999572494869,-6.106226635438361e-16,-1.319682141343037e-08,ok,ROW_VALID,0.0,0.0
7,tail_alpha_1_left_transport_current_reversible_signed,1.0,1.0,tail,exclusion,left_transport_current,transport_non_coboundary,two_terminal_symmetric,0.5,reversible_side,0.0,0.5,0.5,128,7.854301157561345e-17,1.2221616269928561e-15,8.326672684688674e-17,0.7071067811865476,1.7624080137464455,1.1358464834352242,NA,-2.271692880174088,C_from_tilted_residual,0.6265616170075816,2.0896400504336128e-06,0.31328081292723575,4.57464895357227e-07,1.9999999717605115,-3.885780586188048e-16,-8.846889887337284e-09,ok,ROW_VALID,0.0,0.0
4,tail_alpha_0.5_left_transport_current_reversible_signed,0.5,0.5,tail,exclusion,left_transport_current,transport_non_coboundary,two_terminal_symmetric,0.5,reversible_side,0.05,0.5,0.5,16,7.073293277502633e-17,3.572709123174241e-16,5.551115123125783e-17,0.7071067811865476,3.259720196204084,1.7418056182572634,NA,-3.4836110241913776,C_from_tilted_residual,1.5179147902699697,2.099171884236337e-06,0.7589574736242333,7.298859229178895e-07,1.9999997931656222,2.220446049250313e-16,-1.56978496868021e-07,ok,ROW_VALID,0.0,0.05
5,tail_alpha_0.5_left_transport_current_reversible_signed,0.5,0.5,tail,exclusion,left_transport_current,transport_non_coboundary,two_terminal_symmetric,0.5,reversible_side,0.05,0.5,0.5,32,1.096092783626145e-16,1.0218567102352742e-15,4.440892098500626e-16,0.7071067811865475,3.7266344057480087,2.0103775879475734,NA,-4.020754933741763,C_from_tilted_residual,1.7162570599538185,2.121402011357797e-06,0.8581286157311574,7.230763474296473e-07,1.9999998001366075,-1.4432899320127035e-15,-1.7150849629388176e-07,ok,ROW_VALID,0.0,0.05
6,tail_alpha_0.5_left_transport_current_reversible_signed,0.5,0.5,tail,exclusion,left_transport_current,transport_non_coboundary,two_terminal_symmetric,0.5,reversible_side,0.05,0.5,0.5,64,1.301806863317168e-16,1.5784631170214392e-15,3.0531133177191805e-16,0.7071067811865476,4.14916848665431,2.254807234573692,NA,-4.509614199180087,C_from_tilted_residual,1.894361522047916,2.1379687256576496e-06,0.9471808527222958,7.179684158507306e-07,1.999999806376285,-2.6645352591003757e-15,-1.8339667562372597e-07,ok,ROW_VALID,0.0,0.05
7,tail_alpha_0.5_left_transport_current_reversible_signed,0.5,0.5,tail,exclusion,left_transport_current,transport_non_coboundary,two_terminal_symmetric,0.5,reversible_side,0.05,0.5,0.5,128,7.285489932531759e-17,1.0891192457551144e-15,3.0531133177191805e-16,0.7071067811865476,4.537945295730456,2.480614821987034,NA,-4.961229348896515,C_from_tilted_residual,2.057330768820975,2.1512871084605855e-06,1.028665481684199,7.139714353261457e-07,1.9999998108739663,-3.3306690738754696e-16,-1.9454742261615365e-07,ok,ROW_VALID,0.0,0.05
4,tail_alpha_1_left_transport_current_reversible_signed,1.0,1.0,tail,exclusion,left_transport_current,transport_non_coboundary,two_terminal_symmetric,0.5,reversible_side,0.05,0.5,0.5,16,4.528098899343682e-17,4.025754647518722e-16,2.220446049250313e-16,0.7071067811865476,1.4709497759145091,0.8830776430049103,NA,-1.7661552057525016,C_from_tilted_residual,0.5878722131669178,2.0401933072482306e-06,0.29393612010494286,5.475694304672534e-07,1.9999999079971258,1.1102230246251565e-16,-2.704296786504301e-08,ok,ROW_VALID,0.0,0.05
5,tail_alpha_1_left_transport_current_reversible_signed,1.0,1.0,tail,exclusion,left_transport_current,transport_non_coboundary,two_terminal_symmetric,0.5,reversible_side,0.05,0.5,0.5,32,7.591834352419621e-17,6.062008499261916e-16,3.608224830031759e-16,0.7071067811865475,1.5791411832167213,0.9737302750825465,NA,-1.947460467306729,C_from_tilted_residual,0.6054109909925387,2.058604902969329e-06,0.30270550591257606,5.13820947481117e-07,1.999999931178611,5.551115123125783e-16,-2.0832613412125056e-08,ok,ROW_VALID,0.0,0.05
6,tail_alpha_1_left_transport_current_reversible_signed,1.0,1.0,tail,exclusion,left_transport_current,transport_non_coboundary,two_terminal_symmetric,0.5,reversible_side,0.05,0.5,0.5,64,6.498623448955903e-17,8.096272445411358e-16,5.551115123125783e-17,0.7071067811865476,1.6677442211606588,1.049943417512099,NA,-2.0998867496837628,C_from_tilted_residual,0.6178008889889952,2.0728596779094066e-06,0.30890045207689343,4.880463794477077e-07,1.9999999509071886,2.220446049250313e-16,-1.5164791644650677e-08,ok,ROW_VALID,0.0,0.05
7,tail_alpha_1_left_transport_current_reversible_signed,1.0,1.0,tail,exclusion,left_transport_current,transport_non_coboundary,two_terminal_symmetric,0.5,reversible_side,0.05,0.5,0.5,128,1.4234422657008464e-16,2.424429198821923e-15,4.718447854656915e-16,0.7071067811865476,1.7427524417367193,1.1157100718451072,NA,-2.23142005649538,C_from_tilted_residual,0.6270424570864463,2.084753233294787e-06,0.31352123381355734,4.6760183322669975e-07,1.9999999663797305,-2.1649348980190553e-15,-1.0540668338165915e-08,ok,ROW_VALID,0.0,0.05
4,tail_alpha_0.5_left_transport_current_reversible_signed,0.5,0.5,tail,exclusion,left_transport_current,transport_non_coboundary,two_terminal_symmetric,0.5,reversible_side,-0.05,0.5,0.5,16,1.1571581006927138e-16,9.2568069606638e-16,1.942890293094024e-16,0.7071067811865476,3.290919183011282,1.7781042945195444,NA,-3.5562083747598114,C_from_tilted_residual,1.5128151027710146,2.1239228784159363e-06,0.7564076259907515,7.20821144658121e-07,1.9999998027379904,-1.4432899320127035e-15,-1.4921048840932372e-07,ok,ROW_VALID,0.0,-0.05
5,tail_alpha_0.5_left_transport_current_reversible_signed,0.5,0.5,tail,exclusion,left_transport_current,transport_non_coboundary,two_terminal_symmetric,0.5,reversible_side,-0.05,0.5,0.5,32,6.958731333504269e-17,4.904112131753619e-16,1.3877787807814457e-16,0.7071067811865475,3.765516829133997,2.0555803713939893,NA,-4.111160498073757,C_from_tilted_residual,1.709936702454229,2.147612562837156e-06,0.8549684321989548,7.134614152024241e-07,1.9999998105851928,5.551115123125783e-16,-1.6194368068767062e-07,ok,ROW_VALID,0.0,-0.05
6,tail_alpha_0.5_left_transport_current_reversible_signed,0.5,0.5,tail,exclusion,left_transport_current,transport_non_coboundary,two_terminal_symmetric,0.5,reversible_side,-0.05,0.5,0.5,64,1.1267109472712637e-16,1.3534314122893541e-15,5.551115123125783e-17,0.7071067811865476,4.1950367417819585,2.3080947237005693,NA,-4.616189174743925,C_from_tilted_residual,1.8869422907386024,2.1652898894243583e-06,0.9434712317014649,7.080048235342469e-07,1.9999998169903634,-2.220446049250313e-15,-1.7266432728035852e-07,ok,ROW_VALID,0.0,-0.05
7,tail_alpha_0.5_left_transport_current_reversible_signed,0.5,0.5,tail,exclusion,left_transport_current,transport_non_coboundary,two_terminal_symmetric,0.5,reversible_side,-0.05,0.5,0.5,128,8.120151635761296e-17,8.589096970120665e-16,4.163336342344337e-16,0.7071067811865476,4.590261577572036,2.541355921756388,NA,-5.082711546552243,C_from_tilted_residual,2.048905952776181,2.1798089304294727e-06,1.024453068234854,7.037721325989213e-07,1.9999998206911251,-3.3306690738754696e-16,-1.8369352705605024e-07,ok,ROW_VALID,0.0,-0.05
4,tail_alpha_1_left_transport_current_reversible_signed,1.0,1.0,tail,exclusion,left_transport_current,transport_non_coboundary,two_terminal_symmetric,0.5,reversible_side,-0.05,0.5,0.5,16,9.657582532843507e-17,8.309886771551362e-16,1.942890293094024e-16,0.7071067811865476,1.4980346148070278,0.9106555900360681,NA,-1.8213110997372284,C_from_tilted_residual,0.5873791051058674,2.049201950383638e-06,0.2936895641737547,5.290109441530287e-07,1.9999999208632353,-6.661338147750939e-16,-2.3241641944338198e-08,ok,ROW_VALID,0.0,-0.05
5,tail_alpha_1_left_transport_current_reversible_signed,1.0,1.0,tail,exclusion,left_transport_current,transport_non_coboundary,two_terminal_symmetric,0.5,reversible_side,-0.05,0.5,0.5,32,5.475860362403816e-17,4.954511161298415e-16,8.326672684688674e-17,0.7071067811865475,1.6112264749200942,1.00648845123592,NA,-2.0129768199513647,C_from_tilted_residual,0.6047381062046497,2.0682132674702213e-06,0.3023690616646313,4.943224305674177e-07,1.999999943365195,-5.551115123125783e-17,-1.7124612838870235e-08,ok,ROW_VALID,0.0,-0.05
6,tail_alpha_1_left_transport_current_reversible_signed,1.0,1.0,tail,exclusion,left_transport_current,transport_non_coboundary,two_terminal_symmetric,0.5,reversible_side,-0.05,0.5,0.5,64,8.80071264374478e-17,1.1340820232209273e-15,1.1102230246251565e-16,0.7071067811865476,1.703996566162966,1.0870243617910536,NA,-2.1740486379855324,C_from_tilted_residual,0.6169722899684871,2.0810599389631756e-06,0.30848615031181525,4.680190971375187e-07,1.999999965459897,7.216449660063518e-16,-1.0655143434235015e-08,ok,ROW_VALID,0.0,-0.05
7,tail_alpha_1_left_transport_current_reversible_signed,1.0,1.0,tail,exclusion,left_transport_current,transport_non_coboundary,two_terminal_symmetric,0.5,reversible_side,-0.05,0.5,0.5,128,1.3758848705315384e-16,2.6704894596327003e-15,2.7755575615628914e-17,0.7071067811865476,1.7825765519718717,1.1564976737566681,NA,-2.3129952595114034,C_from_tilted_residual,0.6260789662171362,2.0918077890221912e-06,0.3130394857784269,4.4726840944229594e-07,1.9999999829423514,2.3869795029440866e-15,-5.339717557006907e-09,ok,ROW_VALID,0.0,-0.05
4,tail_alpha_0.5_left_transport_current_reversible_signed,0.5,0.5,tail,exclusion,left_transport_current,transport_non_coboundary,two_terminal_symmetric,0.5,reversible_side,0.1,0.5,0.5,16,2.8664854322758834e-17,3.94904492438805e-16,2.7755575615628914e-16,0.7071067811865476,3.245169805314907,1.72484041209999,NA,-3.4496806122724184,C_from_tilted_residual,1.5203296051424786,2.0870220867485564e-06,0.7601648826384255,7.341732136668842e-07,1.9999997893425807,0.0,-1.601343724288995e-07,ok,ROW_VALID,0.0,0.1
5,tail_alpha_0.5_left_transport_current_reversible_signed,0.5,0.5,tail,exclusion,left_transport_current,transport_non_coboundary,two_terminal_symmetric,0.5,reversible_side,0.1,0.5,0.5,32,4.5566265734630614e-17,5.215035395958698e-16,2.220446049250313e-16,0.7071067811865475,3.7084534511586202,1.989189422560262,NA,-3.97837860342654,C_from_tilted_residual,1.7192642702923422,2.1083718982207757e-06,0.8596322228017428,7.276454606138109e-07,1.99999979606262,0.0,-1.7531114337998588e-07,ok,ROW_VALID,0.0,0.1
6,tail_alpha_0.5_left_transport_current_reversible_signed,0.5,0.5,tail,exclusion,left_transport_current,transport_non_coboundary,two_terminal_symmetric,0.5,reversible_side,0.1,0.5,0.5,64,7.426255958218327e-17,1.0664455412715915e-15,3.3306690738754696e-16,0.7071067811865476,4.127683205126777,2.2297800977339364,NA,-4.4595599265717905,C_from_tilted_residual,1.897903376288923,2.1246216476796074e-06,0.948951782304841,7.227183082095739e-07,1.9999998015486535,-8.881784197001252e-16,-1.8832075898700396e-07,ok,ROW_VALID,0.0,0.1
7,tail_alpha_0.5_left_transport_current_reversible_signed,0.5,0.5,tail,exclusion,left_transport_current,transport_non_coboundary,two_terminal_symmetric,0.5,reversible_side,0.1,0.5,0.5,128,9.300431548873814e-17,1.4703204486540115e-15,0.0,0.7071067811865476,4.51340825904512,2.4520458872333695,NA,-4.904091480578927,C_from_tilted_residual,2.061362665699562,2.1375700538357917e-06,1.0306814328728153,7.188450722412974e-07,1.9999998059089237,1.5543122344752192e-15,-2.0004606859913565e-07,ok,ROW_VALID,0.0,0.1
4,tail_alpha_1_left_transport_current_reversible_signed,1.0,1.0,tail,exclusion,left_transport_current,transport_non_coboundary,two_terminal_symmetric,0.5,reversible_side,0.1,0.5,0.5,16,2.763125803709437e-17,5.289057802881776e-16,2.7755575615628914e-17,0.7071067811865476,1.4579419383165637,0.8698274058097877,NA,-1.7396547315433386,C_from_tilted_residual,0.5881146125830128,2.0360526042514285e-06,0.294057320818919,5.566828457862217e-07,1.999999901193328,1.1102230246251565e-16,-2.905482521242675e-08,ok,ROW_VALID,0.0,0.1
5,tail_alpha_1_left_transport_current_reversible_signed,1.0,1.0,tail,exclusion,left_transport_current,transport_non_coboundary,two_terminal_symmetric,0.5,reversible_side,0.1,0.5,0.5,32,8.756620219415083e-17,8.308727872337648e-16,1.6653345369377348e-16,0.7071067811865475,1.563722291871611,0.9579790685518184,NA,-1.915958053886919,C_from_tilted_residual,0.6057433065365103,2.05372557845776e-06,0.30287166450427283,5.234335098785015e-07,1.9999999258034409,-6.106226635438361e-16,-2.247203534366804e-08,ok,ROW_VALID,0.0,0.1
6,tail_alpha_1_left_transport_current_reversible_signed,1.0,1.0,tail,exclusion,left_transport_current,transport_non_coboundary,two_terminal_symmetric,0.5,reversible_side,0.1,0.5,0.5,64,8.019678346034075e-17,1.0238925193119085e-15,3.3306690738754696e-16,0.7071067811865476,1.650315964403895,1.0321045492964898,NA,-2.064209013290969,C_from_tilted_residual,0.6182115004094157,2.068645442750392e-06,0.30910575885970126,4.979470503281061e-07,1.999999943999792,7.216449660063518e-16,-1.7309986777291897e-08,ok,ROW_VALID,0.0,0.1
7,tail_alpha_1_left_transport_current_reversible_signed,1.0,1.0,tail,exclusion,left_transport_current,transport_non_coboundary,two_terminal_symmetric,0.5,reversible_side,0.1,0.5,0.5,128,7.060827602375752e-17,1.2464576663223655e-15,2.498001805406602e-16,0.7071067811865476,1.7236018940544258,1.0960808104962934,NA,-2.192161534146398,C_from_tilted_residual,0.6275211704043215,2.0811300208441894e-06,0.3137605917375219,4.776744052233489e-07,1.9999999583417336,2.220446049250313e-16,-1.3070722282293445e-08,ok,ROW_VALID,0.0,0.1
4,tail_alpha_0.5_left_transport_current_reversible_signed,0.5,0.5,tail,exclusion,left_transport_current,transport_non_coboundary,two_terminal_symmetric,0.5,reversible_side,-0.1,0.5,0.5,16,3.679006635831987e-17,3.4017651871760984e-16,1.6653345369377348e-16,0.7071067811865476,3.307578057083509,1.7974434799929435,NA,-3.594886745389629,C_from_tilted_residual,1.5101347916868235,2.137252870304784e-06,0.7550674687675119,7.160510167045245e-07,1.9999998068408371,2.220446049250313e-16,-1.4584820018370692e-07,ok,ROW_VALID,0.0,-0.1
5,tail_alpha_0.5_left_transport_current_reversible_signed,0.5,0.5,tail,exclusion,left_transport_current,transport_non_coboundary,two_terminal_symmetric,0.5,reversible_side,-0.1,0.5,0.5,32,4.526362977282511e-17,3.6282886015247565e-16,1.6653345369377348e-16,0.7071067811865475,3.7862322133124,2.0796029244775838,NA,-4.159205602711265,C_from_tilted_residual,1.7066295350787186,2.1610482967773124e-06,0.8533148459201501,7.084237868121322e-07,1.9999998162910417,-1.1102230246251565e-16,-1.5676158149346975e-07,ok,ROW_VALID,0.0,-0.1
6,tail_alpha_0.5_left_transport_current_reversible_signed,0.5,0.5,tail,exclusion,left_transport_current,transport_non_coboundary,two_terminal_symmetric,0.5,reversible_side,-0.1,0.5,0.5,64,1.2728492807792386e-16,1.8470753938097277e-15,2.7755575615628914e-17,0.7071067811865476,4.219436960022242,2.336365104970487,NA,-4.6727299356898975,C_from_tilted_residual,1.8830721293028319,2.179215796684121e-06,0.9415361480963336,7.028001510797737e-07,1.9999998227472884,3.1086244689504383e-15,-1.6688983528467816e-07,ok,ROW_VALID,0.0,-0.1
7,tail_alpha_0.5_left_transport_current_reversible_signed,0.5,0.5,tail,exclusion,left_transport_current,transport_non_coboundary,two_terminal_symmetric,0.5,reversible_side,-0.1,0.5,0.5,128,1.2754682814456772e-16,1.9693503322546744e-15,3.3306690738754696e-16,0.7071067811865476,4.6180611493195025,2.5735400981582686,NA,-5.147079896183478,C_from_tilted_residual,2.044521351294293,2.19336968081357e-06,1.022260763581917,6.984555689694589e-07,1.9999998279601963,3.219646771412954e-15,-1.7586954115245135e-07,ok,ROW_VALID,0.0,-0.1
4,tail_alpha_1_left_transport_current_reversible_signed,1.0,1.0,tail,exclusion,left_transport_current,transport_non_coboundary,two_terminal_symmetric,0.5,reversible_side,-0.1,0.5,0.5,16,7.407847508013158e-17,5.044914688582685e-16,2.498001805406602e-16,0.7071067811865476,1.51212065009392,0.9249920476392932,NA,-1.8499840145683073,C_from_tilted_residual,0.5871286831649059,2.0532792158859808e-06,0.29356435207014697,5.19575232998687e-07,1.9999999285492671,-3.3306690738754696e-16,-2.097538809309185e-08,ok,ROW_VALID,0.0,-0.1
5,tail_alpha_1_left_transport_current_reversible_signed,1.0,1.0,tail,exclusion,left_transport_current,transport_non_coboundary,two_terminal_symmetric,0.5,reversible_side,-0.1,0.5,0.5,32,1.2039551946759406e-16,1.072059108153667e-15,3.3306690738754696e-16,0.7071067811865475,1.6279046264263182,1.0235067511455707,NA,-2.04701341869088,C_from_tilted_residual,0.6043979588810089,2.0709900329930907e-06,0.3021989864400776,4.844463139585069e-07,1.9999999536757338,-9.43689570931383e-16,-1.3999146286636233e-08,ok,ROW_VALID,0.0,-0.1
6,tail_alpha_1_left_transport_current_reversible_signed,1.0,1.0,tail,exclusion,left_transport_current,transport_non_coboundary,two_terminal_symmetric,0.5,reversible_side,-0.1,0.5,0.5,64,8.212346326645566e-17,9.536499325559447e-16,5.828670879282072e-16,0.7071067811865476,1.722834725610739,1.1062799759657946,NA,-2.212559866478718,C_from_tilted_residual,0.6165548350978156,2.085612970947666e-06,0.3082774218761464,4.579028278498772e-07,1.9999999719263348,2.7755575615628914e-16,-8.654477134939498e-09,ok,ROW_VALID,0.0,-0.1
7,tail_alpha_1_left_transport_current_reversible_signed,1.0,1.0,tail,exclusion,left_transport_current,transport_non_coboundary,two_terminal_symmetric,0.5,reversible_side,-0.1,0.5,0.5,128,7.407822112747049e-17,1.1788936204432634e-15,1.1102230246251565e-16,0.7071067811865476,1.8032662059293219,1.1776714811800295,NA,-2.3553428753687253,C_from_tilted_residual,0.6255948117406263,2.0974285285304406e-06,0.3127974079406515,4.370174420158959e-07,1.999999986762433,3.885780586188048e-16,-4.1406766904117376e-09,ok,ROW_VALID,0.0,-0.1
4,tail_alpha_0.5_left_transport_current_reversible_signed,0.5,0.5,tail,exclusion,left_transport_current,transport_non_coboundary,two_terminal_symmetric,0.5,reversible_side,0.0,0.49,0.51,16,5.697900611834063e-17,3.1702310522213485e-16,8.326672684688674e-17,0.7071067811865476,3.274870653868569,1.7595069029854584,NA,-3.518951982812754,C_from_tilted_residual,1.5154255740412736,2.1110713797392984e-06,0.757697461108342,7.254741063735887e-07,2.000040453909592,0.06061635965633527,3.0651824589611465e-05,ok,ROW_VALID,0.02,0.0
5,tail_alpha_0.5_left_transport_current_reversible_signed,0.5,0.5,tail,exclusion,left_transport_current,transport_non_coboundary,two_terminal_symmetric,0.5,reversible_side,0.0,0.49,0.51,32,8.588747480405483e-17,6.688299646819979e-16,5.551115123125783e-17,0.7071067811865475,3.7455255181351856,2.03243683414855,NA,-4.064794296155979,C_from_tilted_residual,1.7131680561277562,2.1341961291245986e-06,0.8565643293129477,7.18392738825769e-07,2.000045994796319,0.06852586559055496,3.9397501860882755e-05,ok,ROW_VALID,0.02,0.0
6,tail_alpha_0.5_left_transport_current_reversible_signed,0.5,0.5,tail,exclusion,left_transport_current,transport_non_coboundary,two_terminal_symmetric,0.5,reversible_side,0.0,0.49,0.51,64,7.813050879208546e-17,1.0419862139868126e-15,2.7755575615628914e-16,0.7071067811865476,4.171460769423411,2.2808240220977654,NA,-4.561552549034584,C_from_tilted_residual,1.8907322424865924,2.1508405121774553e-06,0.9453424041385938,7.131124759638262e-07,2.000050176749924,0.07562825446550248,4.7434209404784156e-05,ok,ROW_VALID,0.02,0.0
7,tail_alpha_0.5_left_transport_current_reversible_signed,0.5,0.5,tail,exclusion,left_transport_current,transport_non_coboundary,two_terminal_symmetric,0.5,reversible_side,0.0,0.49,0.51,128,8.864721296948867e-17,1.452051449252781e-15,1.942890293094024e-16,0.7071067811865476,4.563376867103681,2.5102804137158374,NA,-5.020450395739702,C_from_tilted_residual,2.053206885079817,2.165012279626732e-06,1.0265760031540783,7.089990890778616e-07,2.000053458069828,0.08212707428781585,5.4878771660327175e-05,ok,ROW_VALID,0.02,0.0
4,tail_alpha_1_left_transport_current_reversible_signed,1.0,1.0,tail,exclusion,left_transport_current,transport_non_coboundary,two_terminal_symmetric,0.5,reversible_side,0.0,0.49,0.51,16,8.788125307935192e-17,4.2850883380066587e-16,1.1102230246251565e-16,0.7071067811865476,1.4841888922714517,0.8966143804583511,NA,-1.7931725935734548,C_from_tilted_residual,0.5876306791563479,2.0446178132640574e-06,0.29380133042241074,5.384721915876005e-07,2.0000953648218207,0.023505076641482603,2.8018311526434303e-05,ok,ROW_VALID,0.02,0.0
5,tail_alpha_1_left_transport_current_reversible_signed,1.0,1.0,tail,exclusion,left_transport_current,transport_non_coboundary,two_terminal_symmetric,0.5,reversible_side,0.0,0.49,0.51,32,7.395575185485122e-17,6.35213883636999e-16,5.551115123125783e-17,0.7071067811865475,1.5948200490598796,0.989806036673085,NA,-1.9795457093161424,C_from_tilted_residual,0.6050803764168222,2.062342521122246e-06,0.3025236272362064,5.042699085600374e-07,2.0001094854795705,0.02420303085711195,3.3121944409408854e-05,ok,ROW_VALID,0.02,0.0
6,tail_alpha_1_left_transport_current_reversible_signed,1.0,1.0,tail,exclusion,left_transport_current,transport_non_coboundary,two_terminal_symmetric,0.5,reversible_side,0.0,0.49,0.51,64,7.731721850641698e-17,6.369601357608882e-16,0.0,0.7071067811865476,1.6854550962701254,1.0681365606719482,NA,-2.136198708763099,C_from_tilted_residual,0.6173929481789742,2.076074308812479e-06,0.30867789866659834,4.782447201291859e-07,2.0001203547320294,0.024695505774984194,3.7150845777489394e-05,ok,ROW_VALID,0.02,0.0
7,tail_alpha_1_left_transport_current_reversible_signed,1.0,1.0,tail,exclusion,left_transport_current,transport_non_coboundary,two_terminal_symmetric,0.5,reversible_side,0.0,0.49,0.51,128,8.402376018556009e-17,1.1675771530904697e-15,8.326672684688674e-17,0.7071067811865476,1.7622042997651959,1.135717819988455,NA,-2.271354698393515,C_from_tilted_residual,0.6265674213601358,2.0885575470124095e-06,0.3132635012421281,4.5765816407015465e-07,2.0001290251680115,0.025062461212448595,4.04188758795776e-05,ok,ROW_VALID,0.02,0.0
4,tail_alpha_0.5_left_transport_current_reversible_signed,0.5,0.5,tail,exclusion,left_transport_current,transport_non_coboundary,two_terminal_symmetric,0.5,reversible_side,0.05,0.49,0.51,16,4.715528851668422e-17,4.870105600309107e-16,1.6653345369377348e-16,0.7071067811865476,3.2596306397879586,1.7417578019674134,NA,-3.483458524243721,C_from_tilted_residual,1.5179299175116512,2.099262138031913e-06,0.7589508205240181,7.299225873489426e-07,2.000037257306864,0.0607165831178732,2.8276463615029e-05,ok,ROW_VALID,0.02,0.05
5,tail_alpha_0.5_left_transport_current_reversible_signed,0.5,0.5,tail,exclusion,left_transport_current,transport_non_coboundary,two_terminal_symmetric,0.5,reversible_side,0.05,0.49,0.51,32,9.173182921790999e-17,7.4798182783228995e-16,5.551115123125783e-17,0.7071067811865475,3.72651675743995,2.010313700352996,NA,-4.02055371502375,C_from_tilted_residual,1.716276742769196,2.120593666968201e-06,0.8581200960021351,7.231184715037658e-07,2.000042593997153,0.06865027271201862,3.655076492581344e-05,ok,ROW_VALID,0.02,0.05
6,tail_alpha_0.5_left_transport_current_reversible_signed,0.5,0.5,tail,exclusion,left_transport_current,transport_non_coboundary,two_terminal_symmetric,0.5,reversible_side,0.05,0.49,0.51,64,6.99348534396532e-17,8.048557812398069e-16,1.942890293094024e-16,0.7071067811865476,4.149024308261313,2.2547278761339475,NA,-4.509366760968691,C_from_tilted_residual,1.89438542342657,2.1378456373824794e-06,0.9471706231366839,7.180148977179473e-07,2.000046641177548,0.07577445008322492,4.417715320226279e-05,ok,ROW_VALID,0.02,0.05
7,tail_alpha_0.5_left_transport_current_reversible_signed,0.5,0.5,tail,exclusion,left_transport_current,transport_non_coboundary,two_terminal_symmetric,0.5,reversible_side,0.05,0.49,0.51,128,8.167759515743257e-17,8.599279590952263e-16,2.7755575615628914e-17,0.7071067811865476,4.5377759819911585,2.4805205863939435,NA,-4.960937967036733,C_from_tilted_residual,2.057358601348369,2.151171663784744e-06,1.0286536703503546,7.140208678939805e-07,2.0000498327562886,0.0822932189497374,5.126064765992311e-05,ok,ROW_VALID,0.02,0.05
4,tail_alpha_1_left_transport_current_reversible_signed,1.0,1.0,tail,exclusion,left_transport_current,transport_non_coboundary,two_terminal_symmetric,0.5,reversible_side,0.05,0.49,0.51,16,7.967161354541414e-17,3.278071395717607e-16,5.551115123125783e-17,0.7071067811865476,1.4708316937104708,0.8830099630633212,NA,-1.7659659322467827,C_from_tilted_residual,0.5878757245270094,2.0408081129734846e-06,0.29392439750335897,5.47692253659647e-07,2.000091620568147,0.023514885316384238,2.692952029148543e-05,ok,ROW_VALID,0.02,0.05
5,tail_alpha_1_left_transport_current_reversible_signed,1.0,1.0,tail,exclusion,left_transport_current,transport_non_coboundary,two_terminal_symmetric,0.5,reversible_side,0.05,0.49,0.51,32,4.642065896603328e-17,7.328180529492707e-16,1.1102230246251565e-16,0.7071067811865475,1.578993855469942,0.9736425594284117,NA,-1.9472210752776908,C_from_tilted_residual,0.605415339620663,2.0586304602099033e-06,0.3026916900713439,5.139688403390556e-07,2.000105584259573,0.024216436325367352,3.195947797518528e-05,ok,ROW_VALID,0.02,0.05
6,tail_alpha_1_left_transport_current_reversible_signed,1.0,1.0,tail,exclusion,left_transport_current,transport_non_coboundary,two_terminal_symmetric,0.5,reversible_side,0.05,0.49,0.51,64,6.394047899202591e-17,9.180215933527486e-16,8.326672684688674e-17,0.7071067811865476,1.6675713641151129,1.0498374373689074,NA,-2.0996028659718258,C_from_tilted_residual,0.6178059355121945,2.0738670572446595e-06,0.30888499468247343,4.882162365195951e-07,2.0001163738862893,0.024712032145942975,3.5946147247667426e-05,ok,ROW_VALID,0.02,0.05
7,tail_alpha_1_left_transport_current_reversible_signed,1.0,1.0,tail,exclusion,left_transport_current,transport_non_coboundary,two_terminal_symmetric,0.5,reversible_side,0.05,0.49,0.51,128,6.962324519802952e-17,1.0952058649818162e-15,3.608224830031759e-16,0.7071067811865476,1.7425569746559382,1.1155873726930028,NA,-2.2310962525855027,C_from_tilted_residual,0.6270480947634383,2.0845804516342983e-06,0.3135044512570906,4.6778902240573877e-07,2.000125013374132,0.025081694795664133,3.919224925708065e-05,ok,ROW_VALID,0.02,0.05
4,tail_alpha_0.5_left_transport_current_reversible_signed,0.5,0.5,tail,exclusion,left_transport_current,transport_non_coboundary,two_terminal_symmetric,0.5,reversible_side,-0.05,0.49,0.51,16,5.892277445245106e-17,3.1387953503816146e-16,2.498001805406602e-16,0.7071067811865476,3.290813067248871,1.7780470260486982,NA,-3.5560273468977743,C_from_tilted_residual,1.5128327463997948,2.1235693346731725e-06,0.7563998250362691,7.208646785213374e-07,2.0000437550699526,0.060512595539669256,3.3096327256565417e-05,ok,ROW_VALID,0.02,-0.05
5,tail_alpha_0.5_left_transport_current_reversible_signed,0.5,0.5,tail,exclusion,left_transport_current,transport_non_coboundary,two_terminal_symmetric,0.5,reversible_side,-0.05,0.49,0.51,32,9.258897757549616e-17,8.098173959636935e-16,2.7755575615628914e-17,0.7071067811865475,3.765378571568535,2.0555043743706447,NA,-4.110923547897319,C_from_tilted_residual,1.7099593980418604,2.147137362566152e-06,0.8549585408718974,7.135111003227896e-07,2.0000494951463055,0.06839745830959898,4.231629806561443e-05,ok,ROW_VALID,0.02,-0.05
6,tail_alpha_0.5_left_transport_current_reversible_signed,0.5,0.5,tail,exclusion,left_transport_current,transport_non_coboundary,two_terminal_symmetric,0.5,reversible_side,-0.05,0.49,0.51,64,1.018112301751142e-16,1.1867101643113233e-15,1.942890293094024e-16,0.7071067811865476,4.194868280699712,2.308000782640713,NA,-4.6158994275778,C_from_tilted_residual,1.8869696357626253,2.1647995889451717e-06,0.9434594378585848,7.080587850106632e-07,2.000053802043224,0.075477680723254,5.076004545578883e-05,ok,ROW_VALID,0.02,-0.05
7,tail_alpha_0.5_left_transport_current_reversible_signed,0.5,0.5,tail,exclusion,left_transport_current,transport_non_coboundary,two_terminal_symmetric,0.5,reversible_side,-0.05,0.49,0.51,128,9.168780489386101e-17,1.4213178497791264e-15,6.661338147750939e-16,0.7071067811865476,4.590064597465661,2.5412447833531235,NA,-5.082371770876826,C_from_tilted_residual,2.0489376099419587,2.1793504392518417e-06,1.0244395220230018,7.03829968316724e-07,2.0000571687197692,0.08195622623262411,5.856589595509831e-05,ok,ROW_VALID,0.02,-0.05
4,tail_alpha_1_left_transport_current_reversible_signed,1.0,1.0,tail,exclusion,left_transport_current,transport_non_coboundary,two_terminal_symmetric,0.5,reversible_side,-0.05,0.49,0.51,16,4.147079558221035e-17,3.253736213606674e-16,2.220446049250313e-16,0.7071067811865476,1.497905304180922,0.9105807093140865,NA,-1.8211030507815744,C_from_tilted_residual,0.5873829627134342,2.049585416208453e-06,0.2936769211899781,5.291445981662209e-07,2.0000991577184886,0.023495160990838315,2.9120333477905547e-05,ok,ROW_VALID,0.02,-0.05
5,tail_alpha_1_left_transport_current_reversible_signed,1.0,1.0,tail,exclusion,left_transport_current,transport_non_coboundary,two_terminal_symmetric,0.5,reversible_side,-0.05,0.49,0.51,32,8.423504344719061e-17,6.445552062205378e-16,5.551115123125783e-17,0.7071067811865475,1.6110657747490733,1.0063916747523267,NA,-2.012714645863197,C_from_tilted_residual,0.604742803638203,2.0670332696735777e-06,0.3023542549606184,4.944829033882394e-07,2.0001134223064616,0.02418952094736737,3.429371696617167e-05,ok,ROW_VALID,0.02,-0.05
6,tail_alpha_1_left_transport_current_reversible_signed,1.0,1.0,tail,exclusion,left_transport_current,transport_non_coboundary,two_terminal_symmetric,0.5,reversible_side,-0.05,0.49,0.51,64,5.881957777048279e-17,7.35873340599487e-16,0.0,0.7071067811865476,1.7038085452999987,1.0869076942230702,NA,-2.1737385607629465,C_from_tilted_residual,0.6169776787601222,2.0812073120308887e-06,0.30846965925046543,4.6820166077949997e-07,2.000124356668609,0.0246788881748764,3.836025919135011e-05,ok,ROW_VALID,0.02,-0.05
7,tail_alpha_1_left_transport_current_reversible_signed,1.0,1.0,tail,exclusion,left_transport_current,transport_non_coboundary,two_terminal_symmetric,0.5,reversible_side,-0.05,0.49,0.51,128,7.18675258834343e-17,1.3273198285825462e-15,2.498001805406602e-16,0.7071067811865476,1.7823643844536545,1.156362847858293,NA,-2.3126422973404317,C_from_tilted_residual,0.6260849349715158,2.092211659583071e-06,0.3130216426735666,4.47469382494439e-07,2.0001330566922686,0.025043155128608663,4.1649624382689154e-05,ok,ROW_VALID,0.02,-0.05
4,tail_alpha_0.5_left_transport_current_reversible_signed,0.5,0.5,tail,exclusion,left_transport_current,transport_non_coboundary,two_terminal_symmetric,0.5,reversible_side,0.1,0.49,0.51,16,6.951227173269018e-17,4.4207122450651123e-16,2.7755575615628914e-17,0.7071067811865476,3.245088000907353,1.7247969586696894,NA,-3.449541433836556,C_from_tilted_residual,1.5203435257404863,2.0871723938998694e-06,0.7601587751731476,7.34207110395255e-07,2.000034171011425,0.06081317572859635,2.5975394191135592e-05,ok,ROW_VALID,0.02,0.1
5,tail_alpha_0.5_left_transport_current_reversible_signed,0.5,0.5,tail,exclusion,left_transport_current,transport_non_coboundary,two_terminal_symmetric,0.5,reversible_side,0.1,0.49,0.51,32,8.878072420553836e-17,7.768681359437973e-16,3.608224830031759e-16,0.7071067811865475,3.7083454810010354,1.9891311339975664,NA,-3.9781941201377387,C_from_tilted_residual,1.7192824948608632,2.108049922796696e-06,0.8596243584822139,7.27684411977303e-07,2.000039293786992,0.0687705611439351,3.377789643543849e-05,ok,ROW_VALID,0.02,0.1
6,tail_alpha_0.5_left_transport_current_reversible_signed,0.5,0.5,tail,exclusion,left_transport_current,transport_non_coboundary,two_terminal_symmetric,0.5,reversible_side,0.1,0.49,0.51,64,8.933935439668691e-17,1.1171691072976644e-15,1.942890293094024e-16,0.7071067811865476,4.127550454330641,2.2297074912125505,NA,-4.459332342624842,C_from_tilted_residual,1.8979256029183489,2.1243861787674813e-06,0.9489423028779753,7.227613869761738e-07,2.0000432030085222,0.07591612429571204,4.099716239824858e-05,ok,ROW_VALID,0.02,0.1
7,tail_alpha_0.5_left_transport_current_reversible_signed,0.5,0.5,tail,exclusion,left_transport_current,transport_non_coboundary,two_terminal_symmetric,0.5,reversible_side,0.1,0.49,0.51,128,1.0874935430469498e-16,1.7320580640497501e-15,1.942890293094024e-16,0.7071067811865476,4.5132519856389495,2.4519594867720937,NA,-4.903822841987777,C_from_tilted_residual,2.0613886304232665,2.1371165749063164e-06,1.0306704557088042,7.18891226877372e-07,2.000046298994401,0.08245449487246803,4.771900565803122e-05,ok,ROW_VALID,0.02,0.1
4,tail_alpha_1_left_transport_current_reversible_signed,1.0,1.0,tail,exclusion,left_transport_current,transport_non_coboundary,two_terminal_symmetric,0.5,reversible_side,0.1,0.49,0.51,16,8.577203015681374e-17,5.071394547802371e-16,5.551115123125783e-17,0.7071067811865476,1.4578292531672423,0.8697631457511181,NA,-1.7394744418106904,C_from_tilted_residual,0.58811795710767,2.036271331239917e-06,0.29404605074043744,5.567998954644381e-07,2.0000879305358126,0.02352458130027074,2.5855626795134867e-05,ok,ROW_VALID,0.02,0.1
5,tail_alpha_1_left_transport_current_reversible_signed,1.0,1.0,tail,exclusion,left_transport_current,transport_non_coboundary,two_terminal_symmetric,0.5,reversible_side,0.1,0.49,0.51,32,6.998215350556797e-17,5.853068395999255e-16,2.7755575615628914e-16,0.7071067811865475,1.563581397533518,0.9578956582719212,NA,-1.9157295715618599,C_from_tilted_residual,0.6057474842435795,2.0537480704385645e-06,0.3028583379477312,5.235754704939859e-07,2.000101725276332,0.02422972893279185,3.0808348117083995e-05,ok,ROW_VALID,0.02,0.1
6,tail_alpha_1_left_transport_current_reversible_signed,1.0,1.0,tail,exclusion,left_transport_current,transport_non_coboundary,two_terminal_symmetric,0.5,reversible_side,0.1,0.49,0.51,64,6.169752543021228e-17,8.528914841920748e-16,5.551115123125783e-17,0.7071067811865476,1.650150407150219,1.032003650980067,NA,-2.0639376806265863,C_from_tilted_residual,0.6182163775036997,2.068851807971298e-06,0.30909081347037515,4.98109038327414e-07,2.000112428326676,0.02472845660429679,3.4750562949437125e-05,ok,ROW_VALID,0.02,0.1
7,tail_alpha_1_left_transport_current_reversible_signed,1.0,1.0,tail,exclusion,left_transport_current,transport_non_coboundary,two_terminal_symmetric,0.5,reversible_side,0.1,0.49,0.51,128,7.752340746063923e-17,1.2051822336341698e-15,2.220446049250313e-16,0.7071067811865476,1.7234144701636502,1.0959638816712154,NA,-2.191851710073843,C_from_tilted_residual,0.6275266417610226,2.080451963624864e-06,0.31374433573450045,4.778546242538204e-07,2.0001210230359465,0.025100843342325818,3.7970292021682894e-05,ok,ROW_VALID,0.02,0.1
4,tail_alpha_0.5_left_transport_current_reversible_signed,0.5,0.5,tail,exclusion,left_transport_current,transport_non_coboundary,two_terminal_symmetric,0.5,reversible_side,-0.1,0.49,0.51,16,7.216513016439666e-17,3.8328693520964957e-16,5.551115123125783e-17,0.7071067811865476,3.3074631335223486,1.797381111907546,NA,-3.5946905054867737,C_from_tilted_residual,1.5101537399431209,2.1369525701782332e-06,0.7550590669296753,7.160979936096123e-07,2.0000471566865823,0.06040538308362298,3.560608377028984e-05,ok,ROW_VALID,0.02,-0.1
5,tail_alpha_0.5_left_transport_current_reversible_signed,0.5,0.5,tail,exclusion,left_transport_current,transport_non_coboundary,two_terminal_symmetric,0.5,reversible_side,-0.1,0.49,0.51,32,7.485908000890307e-17,5.447535068799084e-16,5.551115123125783e-17,0.7071067811865475,3.7860830238581427,2.079520403757883,NA,-4.158949647540187,C_from_tilted_residual,1.7066537800758397,2.1609291251802986e-06,0.8533042400716728,7.084769134123419e-07,2.000053087668345,0.06826517155339229,4.5299932494025086e-05,ok,ROW_VALID,0.02,-0.1
6,tail_alpha_0.5_left_transport_current_reversible_signed,0.5,0.5,tail,exclusion,left_transport_current,transport_non_coboundary,two_terminal_symmetric,0.5,reversible_side,-0.1,0.49,0.51,64,6.345799312870406e-17,9.443388126476589e-16,1.942890293094024e-16,0.7071067811865476,4.219255642722274,2.336263317438351,NA,-4.672417725393088,C_from_tilted_residual,1.8831012347675369,2.179059483667863e-06,0.941523542087197,7.028582077488409e-07,2.0000575137962273,0.07532287420207007,5.4150593142843206e-05,ok,ROW_VALID,0.02,-0.1
7,tail_alpha_0.5_left_transport_current_reversible_signed,0.5,0.5,tail,exclusion,left_transport_current,transport_non_coboundary,two_terminal_symmetric,0.5,reversible_side,-0.1,0.49,0.51,128,8.156566068740843e-17,1.1749224772045715e-15,3.3306690738754696e-16,0.7071067811865476,4.617849541700702,2.5734198741983567,NA,-5.146714461617706,C_from_tilted_residual,2.0445549542813524,2.193809311562886e-06,1.0222463188164332,6.985176345435746e-07,2.000060960501729,0.08178084204644953,6.231664848588281e-05,ok,ROW_VALID,0.02,-0.1
4,tail_alpha_1_left_transport_current_reversible_signed,1.0,1.0,tail,exclusion,left_transport_current,transport_non_coboundary,two_terminal_symmetric,0.5,reversible_side,-0.1,0.49,0.51,16,9.500140315619925e-17,8.687294122892299e-16,8.326672684688674e-17,0.7071067811865476,1.5119855047158457,0.9249133804919638,NA,-1.8497661654496218,C_from_tilted_residual,0.5871327197581877,2.053529828094544e-06,0.293551241727924,5.19714678820937e-07,2.000103001786542,0.023485144098185806,3.0236302339670118e-05,ok,ROW_VALID,0.02,-0.1
5,tail_alpha_1_left_transport_current_reversible_signed,1.0,1.0,tail,exclusion,left_transport_current,transport_non_coboundary,two_terminal_symmetric,0.5,reversible_side,-0.1,0.49,0.51,32,5.3238481151855176e-17,5.649314002803667e-16,2.7755575615628914e-17,0.7071067811865475,1.6277369828759722,1.0234052124226487,NA,-2.0467393630181503,C_from_tilted_residual,0.6044028322804706,2.0715244006362517e-06,0.3021836787061416,4.846132220293154e-07,2.0001173950503857,0.02417591501122962,3.547486818744616e-05,ok,ROW_VALID,0.02,-0.1
6,tail_alpha_1_left_transport_current_reversible_signed,1.0,1.0,tail,exclusion,left_transport_current,transport_non_coboundary,two_terminal_symmetric,0.5,reversible_side,-0.1,0.49,0.51,64,6.820673266501437e-17,7.759771646075632e-16,5.551115123125783e-17,0.7071067811865476,1.7226388355202107,1.1061576950905416,NA,-2.2122361345212695,C_from_tilted_residual,0.6165603960894828,2.084701028588206e-06,0.308260409716804,4.580925642657211e-07,2.000128387086461,0.024662189985798055,3.957665587472903e-05,ok,ROW_VALID,0.02,-0.1
7,tail_alpha_1_left_transport_current_reversible_signed,1.0,1.0,tail,exclusion,left_transport_current,transport_non_coboundary,two_terminal_symmetric,0.5,reversible_side,-0.1,0.49,0.51,128,9.381243663730228e-17,1.4296778469407041e-15,3.608224830031759e-16,0.7071067811865476,1.8030453752267497,1.1775302904288554,NA,-2.3549747194087427,C_from_tilted_residual,0.6256009462468626,2.0961071457220047e-06,0.31277903140405905,4.3722660259670376e-07,2.0001371045832324,0.025023788989972706,4.288343874447875e-05,ok,ROW_VALID,0.02,-0.1
4,tail_alpha_0.5_left_transport_current_reversible_signed,0.5,0.5,tail,exclusion,left_transport_current,transport_non_coboundary,two_terminal_symmetric,0.5,reversible_side,0.0,0.51,0.49,16,4.629544247115177e-17,5.454450674460522e-16,0.0,0.7071067811865476,3.274870653868568,1.7595069029854575,NA,-3.5189519832390777,C_from_tilted_residual,1.515425573614948,2.1113644255625407e-06,0.7576974611083087,7.254741796365175e-07,2.00004045334702,-0.060616359656335494,3.065139833058339e-05,ok,ROW_VALID,-0.02,0.0
5,tail_alpha_0.5_left_transport_current_reversible_signed,0.5,0.5,tail,exclusion,left_transport_current,transport_non_coboundary,two_terminal_symmetric,0.5,reversible_side,0.0,0.51,0.49,32,6.368527043293859e-17,5.151600615742167e-16,2.498001805406602e-16,0.7071067811865475,3.745525518135186,2.03243683414855,NA,-4.064794295374383,C_from_tilted_residual,1.7131680569093533,2.1337295313510796e-06,0.8565643293129588,7.183929591685548e-07,2.000045995708772,-0.06852586559055396,3.939828343568763e-05,ok,ROW_VALID,-0.02,0.0
6,tail_alpha_0.5_left_transport_current_reversible_signed,0.5,0.5,tail,exclusion,left_transport_current,transport_non_coboundary,two_terminal_symmetric,0.5,reversible_side,0.0,0.51,0.49,64,7.045366006766502e-17,8.168416858692444e-16,1.3877787807814457e-16,0.7071067811865476,4.17146076942341,2.2808240220977645,NA,-4.561552550242505,C_from_tilted_residual,1.8907322412786698,2.1514417969977805e-06,0.9453424041381497,7.131130631705681e-07,2.0000501754731013,-0.0756282544655007,4.743300237031178e-05,ok,ROW_VALID,-0.02,0.0
7,tail_alpha_0.5_left_transport_current_reversible_signed,0.5,0.5,tail,exclusion,left_transport_current,transport_non_coboundary,two_terminal_symmetric,0.5,reversible_side,0.0,0.51,0.49,128,1.0192001539827393e-16,1.5242500717827531e-15,5.551115123125783e-17,0.7071067811865476,4.563376867103681,2.5102804137158374,NA,-5.020450395526539,C_from_tilted_residual,2.0532068852929797,2.1649300891489596e-06,1.02657600315339,7.089996298187371e-07,2.0000534582788134,-0.08212707428781296,5.487898619982445e-05,ok,ROW_VALID,-0.02,0.0
4,tail_alpha_1_left_transport_current_reversible_signed,1.0,1.0,tail,exclusion,left_transport_current,transport_non_coboundary,two_terminal_symmetric,0.5,reversible_side,0.0,0.51,0.49,16,6.44842960906933e-17,5.149077369625821e-16,0.0,0.7071067811865476,1.4841888922714515,0.8966143804583512,NA,-1.7931725936445089,C_from_tilted_residual,0.5876306790852937,2.044734951211217e-06,0.29380133042246626,5.384719837523832e-07,2.000095364579598,-0.023505076641481937,2.8018240361138425e-05,ok,ROW_VALID,-0.02,0.0
5,tail_alpha_1_left_transport_current_reversible_signed,1.0,1.0,tail,exclusion,left_transport_current,transport_non_coboundary,two_terminal_symmetric,0.5,reversible_side,0.0,0.51,0.49,32,6.670059898301455e-17,7.787178791370263e-16,1.1102230246251565e-16,0.7071067811865475,1.5948200490598794,0.9898060366730845,NA,-1.9795457094227231,C_from_tilted_residual,0.6050803763102408,2.062537013534486e-06,0.30252362723616755,5.042699360841291e-07,2.0001094851275196,-0.02420303085711145,3.31218379057141e-05,ok,ROW_VALID,-0.02,0.0
6,tail_alpha_1_left_transport_current_reversible_signed,1.0,1.0,tail,exclusion,left_transport_current,transport_non_coboundary,two_terminal_symmetric,0.5,reversible_side,0.0,0.51,0.49,64,7.072120178970535e-17,5.818188466867662e-16,5.551115123125783e-17,0.7071067811865476,1.6854550962701251,1.0681365606719475,NA,-2.136198709473641,C_from_tilted_residual,0.6173929474684314,2.077192816479362e-06,0.30867789866639295,4.78245115766752e-07,2.00012035243147,-0.02469550577498414,3.715013564553615e-05,ok,ROW_VALID,-0.02,0.0
7,tail_alpha_1_left_transport_current_reversible_signed,1.0,1.0,tail,exclusion,left_transport_current,transport_non_coboundary,two_terminal_symmetric,0.5,reversible_side,0.0,0.51,0.49,128,8.141285238318395e-17,1.366685183728314e-15,1.3877787807814457e-16,0.7071067811865476,1.762204299765195,1.135717819988454,NA,-2.271354698322459,C_from_tilted_residual,0.62656742143119,2.0884654074204625e-06,0.3132635012415508,4.57659909517203e-07,2.000129025398517,-0.025062461212449483,4.041894808848312e-05,ok,ROW_VALID,-0.02,0.0
4,tail_alpha_0.5_left_transport_current_reversible_signed,0.5,0.5,tail,exclusion,left_transport_current,transport_non_coboundary,two_terminal_symmetric,0.5,reversible_side,0.05,0.51,0.49,16,7.430530311719936e-17,4.645591257300728e-16,5.551115123125783e-17,0.7071067811865476,3.2596306397879586,1.7417578019674134,NA,-3.4834585235331783,C_from_tilted_residual,1.517929918222194,2.09882329435578e-06,0.7589508205238404,7.299229238018879e-07,2.0000372582435495,-0.06071658311787265,2.827717451303613e-05,ok,ROW_VALID,-0.02,0.05
5,tail_alpha_0.5_left_transport_current_reversible_signed,0.5,0.5,tail,exclusion,left_transport_current,transport_non_coboundary,two_terminal_symmetric,0.5,reversible_side,0.05,0.51,0.49,32,7.766432825158513e-17,7.275959045451018e-16,2.7755575615628914e-17,0.7071067811865475,3.72651675743995,2.010313700352996,NA,-4.020553715165859,C_from_tilted_residual,1.7162767426270875,2.1207152801088812e-06,0.8581200960017576,7.231188661082649e-07,2.000042593832428,-0.06865027271201651,3.6550623572217944e-05,ok,ROW_VALID,-0.02,0.05
6,tail_alpha_0.5_left_transport_current_reversible_signed,0.5,0.5,tail,exclusion,left_transport_current,transport_non_coboundary,two_terminal_symmetric,0.5,reversible_side,0.05,0.51,0.49,64,6.459347031726405e-17,8.204470674890603e-16,2.220446049250313e-16,0.7071067811865476,4.149024308261313,2.254727876133948,NA,-4.509366760187094,C_from_tilted_residual,1.894385424208167,2.137437739829742e-06,0.9471706231366506,7.180147570604563e-07,2.00004664200281,-0.07577445008322459,4.4177934865885504e-05,ok,ROW_VALID,-0.02,0.05
7,tail_alpha_0.5_left_transport_current_reversible_signed,0.5,0.5,tail,exclusion,left_transport_current,transport_non_coboundary,two_terminal_symmetric,0.5,reversible_side,0.05,0.51,0.49,128,7.123109027646206e-17,1.06303253433477e-15,2.498001805406602e-16,0.7071067811865476,4.537775981991157,2.480520586393943,NA,-4.96093796668146,C_from_tilted_residual,2.0573586017036405,2.1509773952192707e-06,1.0286536703494775,7.140216395915353e-07,2.000049833103369,-0.08229321894973629,5.126100468544337e-05,ok,ROW_VALID,-0.02,0.05
4,tail_alpha_1_left_transport_current_reversible_signed,1.0,1.0,tail,exclusion,left_transport_current,transport_non_coboundary,two_terminal_symmetric,0.5,reversible_side,0.05,0.51,0.49,16,5.043958267623341e-17,3.739375465541515e-16,1.942890293094024e-16,0.7071067811865476,1.470831693710471,0.883009963063321,NA,-1.7659659319980927,C_from_tilted_residual,0.5878757247756994,2.040381304497284e-06,0.29392439750340893,5.476920081390811e-07,2.0000916214139086,-0.023514885316384126,2.6929768881522875e-05,ok,ROW_VALID,-0.02,0.05
5,tail_alpha_1_left_transport_current_reversible_signed,1.0,1.0,tail,exclusion,left_transport_current,transport_non_coboundary,two_terminal_symmetric,0.5,reversible_side,0.05,0.51,0.49,32,8.202941761592716e-17,6.91972307162637e-16,2.7755575615628914e-17,0.7071067811865475,1.5789938554699416,0.9736425594284117,NA,-1.9472210749934733,C_from_tilted_residual,0.6054153399048801,2.0581683374923195e-06,0.30269169007114405,5.139693630055429e-07,2.0001055851998593,-0.02421643632536674,3.195976259195987e-05,ok,ROW_VALID,-0.02,0.05
6,tail_alpha_1_left_transport_current_reversible_signed,1.0,1.0,tail,exclusion,left_transport_current,transport_non_coboundary,two_terminal_symmetric,0.5,reversible_side,0.05,0.51,0.49,64,7.663893860492825e-17,8.74414098934119e-16,2.220446049250313e-16,0.7071067811865476,1.6675713641151129,1.049837437368907,NA,-2.0996028655099725,C_from_tilted_residual,0.6178059359740473,2.0731410525608565e-06,0.3088849946826733,4.882152660607737e-07,2.000116375380221,-0.024712032145942697,3.594660870076538e-05,ok,ROW_VALID,-0.02,0.05
7,tail_alpha_1_left_transport_current_reversible_signed,1.0,1.0,tail,exclusion,left_transport_current,transport_non_coboundary,two_terminal_symmetric,0.5,reversible_side,0.05,0.51,0.49,128,6.18897360083293e-17,1.0566433508326322e-15,4.163336342344337e-16,0.7071067811865476,1.7425569746559377,1.115587372693002,NA,-2.231096252390102,C_from_tilted_residual,0.6270480949588375,2.0842847690775757e-06,0.31350445125740145,4.6778841152596716e-07,2.000125013995423,-0.025081694795664355,3.919244403460809e-05,ok,ROW_VALID,-0.02,0.05
4,tail_alpha_0.5_left_transport_current_reversible_signed,0.5,0.5,tail,exclusion,left_transport_current,transport_non_coboundary,two_terminal_symmetric,0.5,reversible_side,-0.05,0.51,0.49,16,6.105251328808182e-17,4.3308672635864247e-16,8.326672684688674e-17,0.7071067811865476,3.290813067248871,1.7780470260486982,NA,-3.5560273473241,C_from_tilted_residual,1.5128327459734692,2.123848205385939e-06,0.7563998250362247,7.208647665876791e-07,2.000043754506445,-0.060512595539670144,3.30959010197418e-05,ok,ROW_VALID,-0.02,-0.05
5,tail_alpha_0.5_left_transport_current_reversible_signed,0.5,0.5,tail,exclusion,left_transport_current,transport_non_coboundary,two_terminal_symmetric,0.5,reversible_side,-0.05,0.51,0.49,32,1.0307074862177873e-16,8.867463740426124e-16,1.1102230246251565e-16,0.7071067811865475,3.765378571568534,2.0555043743706447,NA,-4.110923548181535,C_from_tilted_residual,1.7099593977576433,2.147300978267794e-06,0.8549585408721638,7.13510756201914e-07,2.0000494948132483,-0.06839745830960153,4.231601331561308e-05,ok,ROW_VALID,-0.02,-0.05
6,tail_alpha_0.5_left_transport_current_reversible_signed,0.5,0.5,tail,exclusion,left_transport_current,transport_non_coboundary,two_terminal_symmetric,0.5,reversible_side,-0.05,0.51,0.49,64,8.218942945045583e-17,9.09145065101131e-16,2.7755575615628914e-17,0.7071067811865476,4.194868280699712,2.308000782640714,NA,-4.615899428501506,C_from_tilted_residual,1.8869696348389198,2.165270279360991e-06,0.9434594378583516,7.080591321540721e-07,2.000053801064656,-0.07547768072325645,5.075912221652601e-05,ok,ROW_VALID,-0.02,-0.05
7,tail_alpha_0.5_left_transport_current_reversible_signed,0.5,0.5,tail,exclusion,left_transport_current,transport_non_coboundary,two_terminal_symmetric,0.5,reversible_side,-0.05,0.51,0.49,128,8.786972034989378e-17,1.1451686053687642e-15,8.326672684688674e-16,0.7071067811865476,4.59006459746566,2.5412447833531244,NA,-5.082371770663663,C_from_tilted_residual,2.0489376101551215,2.1792550731347964e-06,1.0244395220230351,7.038298761991202e-07,2.000057168927782,-0.08195622623262744,5.856610905130566e-05,ok,ROW_VALID,-0.02,-0.05
4,tail_alpha_1_left_transport_current_reversible_signed,1.0,1.0,tail,exclusion,left_transport_current,transport_non_coboundary,two_terminal_symmetric,0.5,reversible_side,-0.05,0.51,0.49,16,6.589879845940274e-17,3.7109862874144456e-16,1.942890293094024e-16,0.7071067811865476,1.4979053041809223,0.9105807093140867,NA,-1.8211030506749935,C_from_tilted_residual,0.5873829628200156,2.049366162660415e-06,0.2936769211899226,5.291449006000111e-07,2.0000991580817873,-0.02349516099083826,2.9120440170338213e-05,ok,ROW_VALID,-0.02,-0.05
5,tail_alpha_1_left_transport_current_reversible_signed,1.0,1.0,tail,exclusion,left_transport_current,transport_non_coboundary,two_terminal_symmetric,0.5,reversible_side,-0.05,0.51,0.49,32,6.023446398644197e-17,5.115792558597541e-16,8.326672684688674e-17,0.7071067811865475,1.611065774749073,1.0063916747523263,NA,-2.012714645436871,C_from_tilted_residual,0.6047428040645286,2.0663466581338974e-06,0.30235425496030754,4.944836836730408e-07,2.0001134237185383,-0.024189520947367094,3.429414391353802e-05,ok,ROW_VALID,-0.02,-0.05
6,tail_alpha_1_left_transport_current_reversible_signed,1.0,1.0,tail,exclusion,left_transport_current,transport_non_coboundary,two_terminal_symmetric,0.5,reversible_side,-0.05,0.51,0.49,64,4.8152047293216395e-17,8.030320724035764e-16,5.828670879282072e-16,0.7071067811865476,1.7038085452999985,1.08690769422307,NA,-2.173738560372148,C_from_tilted_residual,0.6169776791509207,2.080620689755515e-06,0.30846965925023784,4.6820292047545905e-07,2.000124357936979,-0.024678888174876457,3.836065044504622e-05,ok,ROW_VALID,-0.02,-0.05
7,tail_alpha_1_left_transport_current_reversible_signed,1.0,1.0,tail,exclusion,left_transport_current,transport_non_coboundary,two_terminal_symmetric,0.5,reversible_side,-0.05,0.51,0.49,128,6.99547837172783e-17,1.1717109620944648e-15,1.6653345369377348e-16,0.7071067811865476,1.7823643844536547,1.1563628478582924,NA,-2.3126422976246483,C_from_tilted_residual,0.6260849346872988,2.092654979149665e-06,0.3130216426732002,4.474700918532796e-07,2.000133055786631,-0.02504315512860844,4.1649340898342047e-05,ok,ROW_VALID,-0.02,-0.05
4,tail_alpha_0.5_left_transport_current_reversible_signed,0.5,0.5,tail,exclusion,left_transport_current,transport_non_coboundary,two_terminal_symmetric,0.5,reversible_side,0.1,0.51,0.49,16,6.306267951006944e-17,4.478439871557012e-16,1.3877787807814457e-16,0.7071067811865476,3.2450880009073533,1.7247969586696903,NA,-3.44954143355234,C_from_tilted_residual,1.5203435260247034,2.0869708463299668e-06,0.7601587751732919,7.342068694103758e-07,2.0000341713849368,-0.06081317572859668,2.597567811957191e-05,ok,ROW_VALID,-0.02,0.1
5,tail_alpha_0.5_left_transport_current_reversible_signed,0.5,0.5,tail,exclusion,left_transport_current,transport_non_coboundary,two_terminal_symmetric,0.5,reversible_side,0.1,0.51,0.49,32,8.613494103385012e-17,7.855109252792287e-16,1.3877787807814457e-16,0.7071067811865475,3.708345481001035,1.9891311339975672,NA,-3.9781941202798476,C_from_tilted_residual,1.7192824947187546,2.108129995540606e-06,0.8596243584821694,7.276844248925425e-07,2.000039293621781,-0.06877056114393332,3.377775441570918e-05,ok,ROW_VALID,-0.02,0.1
6,tail_alpha_0.5_left_transport_current_reversible_signed,0.5,0.5,tail,exclusion,left_transport_current,transport_non_coboundary,two_terminal_symmetric,0.5,reversible_side,0.1,0.51,0.49,64,9.058537049705912e-17,1.2121644080390442e-15,8.326672684688674e-17,0.7071067811865476,4.127550454330641,2.22970749121255,NA,-4.4593323429801135,C_from_tilted_residual,1.8979256025630775,2.124566348434719e-06,0.9489423028782973,7.227611763835676e-07,2.000043202633457,-0.07591612429571482,4.099680648295134e-05,ok,ROW_VALID,-0.02,0.1
7,tail_alpha_0.5_left_transport_current_reversible_signed,0.5,0.5,tail,exclusion,left_transport_current,transport_non_coboundary,two_terminal_symmetric,0.5,reversible_side,0.1,0.51,0.49,128,9.577327059085469e-17,1.7212787844704111e-15,4.163336342344337e-16,0.7071067811865476,4.51325198563895,2.451959486772094,NA,-4.903822842982538,C_from_tilted_residual,2.0613886294285066,2.137586216833763e-06,1.030670455708449,7.188915338751988e-07,2.0000462980299325,-0.08245449487247214,4.771801160874389e-05,ok,ROW_VALID,-0.02,0.1
4,tail_alpha_1_left_transport_current_reversible_signed,1.0,1.0,tail,exclusion,left_transport_current,transport_non_coboundary,two_terminal_symmetric,0.5,reversible_side,0.1,0.51,0.49,16,5.1232957610445796e-17,2.3127050599971846e-16,5.551115123125783e-17,0.7071067811865476,1.4578292531672425,0.8697631457511183,NA,-1.7394744420593808,C_from_tilted_residual,0.58811795685898,2.036671535516653e-06,0.29404605074045964,5.567998388292668e-07,2.0000879296899097,-0.02352458130027113,2.585537806076843e-05,ok,ROW_VALID,-0.02,0.1
5,tail_alpha_1_left_transport_current_reversible_signed,1.0,1.0,tail,exclusion,left_transport_current,transport_non_coboundary,two_terminal_symmetric,0.5,reversible_side,0.1,0.51,0.49,32,7.187037349897284e-17,7.543617094544988e-16,2.220446049250313e-16,0.7071067811865475,1.5635813975335175,0.9578956582719208,NA,-1.9157295714197504,C_from_tilted_residual,0.605747484385688,2.053502473318588e-06,0.30285833794768124,5.235755163167517e-07,2.000101725745886,-0.024229728932791683,3.080849032555122e-05,ok,ROW_VALID,-0.02,0.1
6,tail_alpha_1_left_transport_current_reversible_signed,1.0,1.0,tail,exclusion,left_transport_current,transport_non_coboundary,two_terminal_symmetric,0.5,reversible_side,0.1,0.51,0.49,64,7.119714441865663e-17,8.441927656407571e-16,4.718447854656915e-16,0.7071067811865476,1.6501504071502189,1.0320036509800667,NA,-2.0639376808397487,C_from_tilted_residual,0.6182163772905369,2.069157102277789e-06,0.3090908134704251,4.981091999627139e-07,2.0001124276367084,-0.024728456604296123,3.4750349686696325e-05,ok,ROW_VALID,-0.02,0.1
7,tail_alpha_1_left_transport_current_reversible_signed,1.0,1.0,tail,exclusion,left_transport_current,transport_non_coboundary,two_terminal_symmetric,0.5,reversible_side,0.1,0.51,0.49,128,6.249713128804408e-17,1.1010747686156364e-15,2.7755575615628914e-17,0.7071067811865476,1.7234144701636502,1.095963881671215,NA,-2.1918517105001682,C_from_tilted_residual,0.6275266413346969,2.081147260965556e-06,0.31374433573485017,4.778536068995679e-07,2.000121021674886,-0.025100843342325152,3.796986499660093e-05,ok,ROW_VALID,-0.02,0.1
4,tail_alpha_0.5_left_transport_current_reversible_signed,0.5,0.5,tail,exclusion,left_transport_current,transport_non_coboundary,two_terminal_symmetric,0.5,reversible_side,-0.1,0.51,0.49,16,7.075012761215359e-17,5.540276150744815e-16,5.551115123125783e-17,0.7071067811865476,3.307463133522348,1.7973811119075458,NA,-3.594690504847285,C_from_tilted_residual,1.5101537405826093,2.1365261703173333e-06,0.7550590669295976,7.160979862577961e-07,2.0000471575337264,-0.06040538308362242,3.560672341418325e-05,ok,ROW_VALID,-0.02,-0.1
5,tail_alpha_0.5_left_transport_current_reversible_signed,0.5,0.5,tail,exclusion,left_transport_current,transport_non_coboundary,two_terminal_symmetric,0.5,reversible_side,-0.1,0.51,0.49,32,5.106665923087961e-17,5.195126724402624e-16,2.7755575615628914e-17,0.7071067811865475,3.7860830238581418,2.0795204037578827,NA,-4.158949647398076,C_from_tilted_residual,1.7066537802179482,2.1608718788366045e-06,0.8533042400715063,7.084772582002817e-07,2.000053087835274,-0.06826517155339273,4.5300074935639145e-05,ok,ROW_VALID,-0.02,-0.1
6,tail_alpha_0.5_left_transport_current_reversible_signed,0.5,0.5,tail,exclusion,left_transport_current,transport_non_coboundary,two_terminal_symmetric,0.5,reversible_side,-0.1,0.51,0.49,64,6.345799312870406e-17,7.20733521598671e-16,5.551115123125783e-17,0.7071067811865476,4.219255642722274,2.3362633174383514,NA,-4.6724177263167945,C_from_tilted_residual,1.8831012338438313,2.1795217079134786e-06,0.9415235420873858,7.02858195956937e-07,2.000057512814751,-0.07532287420207029,5.414966905981089e-05,ok,ROW_VALID,-0.02,-0.1
7,tail_alpha_0.5_left_transport_current_reversible_signed,0.5,0.5,tail,exclusion,left_transport_current,transport_non_coboundary,two_terminal_symmetric,0.5,reversible_side,-0.1,0.51,0.49,128,7.23479907542716e-17,1.1246024532057646e-15,1.1102230246251565e-16,0.7071067811865476,4.6178495417007035,2.573419874198357,NA,-5.146714460836112,C_from_tilted_residual,2.0445549550629494,2.193468298396552e-06,1.0222463188160447,6.985177811621265e-07,2.000060961267077,-0.08178084204644953,6.231743086004826e-05,ok,ROW_VALID,-0.02,-0.1
4,tail_alpha_1_left_transport_current_reversible_signed,1.0,1.0,tail,exclusion,left_transport_current,transport_non_coboundary,two_terminal_symmetric,0.5,reversible_side,-0.1,0.51,0.49,16,7.916783596349938e-17,5.863596993115305e-16,1.1102230246251565e-16,0.7071067811865476,1.5119855047158457,0.9249133804919638,NA,-1.8497661654496218,C_from_tilted_residual,0.5871327197581877,2.053510918909287e-06,0.29355124172782965,5.197149813842794e-07,2.0001030017871853,-0.023485144098184474,3.0236302528408032e-05,ok,ROW_VALID,-0.02,-0.1
5,tail_alpha_1_left_transport_current_reversible_signed,1.0,1.0,tail,exclusion,left_transport_current,transport_non_coboundary,two_terminal_symmetric,0.5,reversible_side,-0.1,0.51,0.49,32,6.298147116657376e-17,5.562692177063086e-16,1.3877787807814457e-16,0.7071067811865475,1.6277369828759718,1.0234052124226487,NA,-2.0467393626628785,C_from_tilted_residual,0.604402832635742,2.0709880279507073e-06,0.3021836787058918,4.846140762344475e-07,2.0001173962277194,-0.024175915011229565,3.5475223958414404e-05,ok,ROW_VALID,-0.02,-0.1
6,tail_alpha_1_left_transport_current_reversible_signed,1.0,1.0,tail,exclusion,left_transport_current,transport_non_coboundary,two_terminal_symmetric,0.5,reversible_side,-0.1,0.51,0.49,64,7.617320035912563e-17,7.608717483799033e-16,1.1102230246251565e-16,0.7071067811865476,1.7226388355202107,1.1061576950905416,NA,-2.2122361345212695,C_from_tilted_residual,0.6165603960894828,2.0847514473864246e-06,0.3082604097166819,4.580930234665211e-07,2.000128387087253,-0.024662189985797778,3.957665611897809e-05,ok,ROW_VALID,-0.02,-0.1
7,tail_alpha_1_left_transport_current_reversible_signed,1.0,1.0,tail,exclusion,left_transport_current,transport_non_coboundary,two_terminal_symmetric,0.5,reversible_side,-0.1,0.51,0.49,128,9.036644021964184e-17,1.4159237140589977e-15,5.551115123125783e-16,0.7071067811865476,1.8030453752267497,1.1775302904288547,NA,-2.3549747195153232,C_from_tilted_residual,0.6256009461402812,2.0962278219284353e-06,0.31277903140405905,4.372262742640006e-07,2.000137104242476,-0.025023788989971152,4.288333216306839e-05,ok,ROW_VALID,-0.02,-0.1
4,tail_alpha_0.5_left_transport_current_reversible_signed,0.5,0.5,tail,exclusion,left_transport_current,transport_non_coboundary,two_terminal_symmetric,0.5,reversible_side,0.0,0.48,0.52,16,5.769124369481989e-17,3.7043725100582587e-16,8.326672684688674e-17,0.7071067811865476,3.274577673471148,1.7593496441638563,NA,-3.51845263578258,C_from_tilted_residual,1.5154746818524245,2.110411039626383e-06,0.7576758076560108,7.255940989422907e-07,2.000162426382312,0.12123271931267099,0.0001230665404028386,ok,ROW_VALID,0.04,0.0
5,tail_alpha_0.5_left_transport_current_reversible_signed,0.5,0.5,tail,exclusion,left_transport_current,transport_non_coboundary,two_terminal_symmetric,0.5,reversible_side,0.0,0.48,0.52,32,6.485380750510262e-17,5.812137042106294e-16,5.551115123125783e-17,0.7071067811865475,3.7451422861560655,2.032227469501093,NA,-4.064138180064159,C_from_tilted_residual,1.7132315755929994,2.133313448131247e-06,0.8565367422890713,7.185299529847324e-07,2.000184570033078,0.13705173118110803,0.00015809101485686483,ok,ROW_VALID,0.04,0.0
6,tail_alpha_0.5_left_transport_current_reversible_signed,0.5,0.5,tail,exclusion,left_transport_current,transport_non_coboundary,two_terminal_symmetric,0.5,reversible_side,0.0,0.48,0.52,64,7.528264555560693e-17,7.841010600927384e-16,0.0,0.7071067811865476,4.17099252447005,2.2805646200800798,NA,-4.560748077472404,C_from_tilted_residual,1.8908090670777256,2.1509668509808723e-06,0.9453094000015816,7.132631455249049e-07,2.0002012749207423,0.1512565089310025,0.000190267074562378,ok,ROW_VALID,0.04,0.0
7,tail_alpha_0.5_left_transport_current_reversible_signed,0.5,0.5,tail,exclusion,left_transport_current,transport_non_coboundary,two_terminal_symmetric,0.5,reversible_side,0.0,0.48,0.52,128,8.616530682426866e-17,1.13239017656879e-15,8.326672684688674e-17,0.7071067811865476,4.5628282198615295,2.509972977896255,NA,-5.019505119172053,C_from_tilted_residual,2.0532960785857313,2.1648338835825425e-06,1.0265379990267887,7.091603544439249e-07,2.000214391023384,0.1642541485756286,0.0002200805321539434,ok,ROW_VALID,0.04,0.0
4,tail_alpha_1_left_transport_current_reversible_signed,1.0,1.0,tail,exclusion,left_transport_current,transport_non_coboundary,two_terminal_symmetric,0.5,reversible_side,0.0,0.48,0.52,16,5.192983136507159e-17,2.616450155868565e-16,3.885780586188048e-16,0.7071067811865476,1.4838180218510462,0.8964007227098134,NA,-1.792577016322862,C_from_tilted_residual,0.5876417282379975,2.043593164332354e-06,0.2937647894614648,5.388562632231956e-07,2.000381765681563,0.04701015328296465,0.00011214931506797754,ok,ROW_VALID,0.04,0.0
5,tail_alpha_1_left_transport_current_reversible_signed,1.0,1.0,tail,exclusion,left_transport_current,transport_non_coboundary,two_terminal_symmetric,0.5,reversible_side,0.0,0.48,0.52,32,5.3243460591704594e-17,5.686354358259484e-16,2.220446049250313e-16,0.7071067811865475,1.5943582621376655,0.9895295268738475,NA,-1.978793847268051,C_from_tilted_residual,0.605093941743462,2.0616541094626e-06,0.30248069928895394,5.047323434615169e-07,2.000438187183069,0.04840606171422318,0.00013254316555411094,ok,ROW_VALID,0.04,0.0
6,tail_alpha_1_left_transport_current_reversible_signed,1.0,1.0,tail,exclusion,left_transport_current,transport_non_coboundary,two_terminal_symmetric,0.5,reversible_side,0.0,0.48,0.52,64,7.964814170705944e-17,1.0988793298672583e-15,5.551115123125783e-17,0.7071067811865476,1.6849140640882272,1.067802854819318,NA,-2.1353083175786836,C_from_tilted_residual,0.6174086013288616,2.076356138243118e-06,0.3086299805271864,4.787720027887241e-07,2.000481613206322,0.049391011549969,0.00014864027448879824,ok,ROW_VALID,0.04,0.0
7,tail_alpha_1_left_transport_current_reversible_signed,1.0,1.0,tail,exclusion,left_transport_current,transport_non_coboundary,two_terminal_symmetric,0.5,reversible_side,0.0,0.48,0.52,128,9.366901462904888e-17,1.484352208042541e-15,2.7755575615628914e-17,0.7071067811865476,1.761593157821447,1.13533182964815,NA,-2.270340154934737,C_from_tilted_residual,0.62658483253486,2.0881380517538077e-06,0.3132115661858448,4.582400390880993e-07,2.000516264980695,0.05012492242489891,0.00016170016317040847,ok,ROW_VALID,0.04,0.0
4,tail_alpha_0.5_left_transport_current_reversible_signed,0.5,0.5,tail,exclusion,left_transport_current,transport_non_coboundary,two_terminal_symmetric,0.5,reversible_side,0.05,0.48,0.52,16,4.001054783233813e-17,2.8822147540585144e-16,1.6653345369377348e-16,0.7071067811865476,3.2593619705395867,1.7416143530978647,NA,-3.4830010227665076,C_from_tilted_residual,1.517975300870944,2.098549907830236e-06,0.7589308612231838,7.30032906332118e-07,2.0001496558255565,0.12143316623574574,0.00011357842457648815,ok,ROW_VALID,0.04,0.05
5,tail_alpha_0.5_left_transport_current_reversible_signed,0.5,0.5,tail,exclusion,left_transport_current,transport_non_coboundary,two_terminal_symmetric,0.5,reversible_side,0.05,0.48,0.52,32,7.004443189482583e-17,5.778376455248423e-16,0.0,0.7071067811865475,3.7261638125157726,2.010122037569257,NA,-4.019950062919794,C_from_tilted_residual,1.7163357871652352,2.120494841160992e-06,0.8580945368145798,7.232453533362173e-07,2.0001709759586865,0.13730054542403536,0.00014671353607553783,ok,ROW_VALID,0.04,0.05
6,tail_alpha_0.5_left_transport_current_reversible_signed,0.5,0.5,tail,exclusion,left_transport_current,transport_non_coboundary,two_terminal_symmetric,0.5,reversible_side,0.05,0.48,0.52,64,6.26059789228867e-17,6.880004623937514e-16,2.498001805406602e-16,0.7071067811865476,4.148591773082321,2.2544898008147065,NA,-4.508624445339736,C_from_tilted_residual,1.894457128557292,2.136934892491095e-06,0.9471399343795595,7.181543434832133e-07,2.0001871527022974,0.15154890016644929,0.00017725979817306836,ok,ROW_VALID,0.04,0.05
7,tail_alpha_0.5_left_transport_current_reversible_signed,0.5,0.5,tail,exclusion,left_transport_current,transport_non_coboundary,two_terminal_symmetric,0.5,reversible_side,0.05,0.48,0.52,128,6.939077335442582e-17,1.1353477439634883e-15,2.7755575615628914e-17,0.7071067811865476,4.537268040773267,2.4802378796146667,NA,-4.960063821031056,C_from_tilted_residual,2.0574420993568765,2.1505490665329734e-06,1.02861823634659,7.141709155342393e-07,2.0001999057147057,0.1645864378994738,0.0002056266636962789,ok,ROW_VALID,0.04,0.05
4,tail_alpha_1_left_transport_current_reversible_signed,1.0,1.0,tail,exclusion,left_transport_current,transport_non_coboundary,two_terminal_symmetric,0.5,reversible_side,0.05,0.48,0.52,16,5.1012759752099695e-17,3.1607489487496173e-16,2.7755575615628914e-16,0.7071067811865476,1.4704774470983568,0.8828069232385535,NA,-1.7653981103085408,C_from_tilted_residual,0.5878862600283696,2.0402843077636024e-06,0.29388922969869613,5.480596676078071e-07,2.000366807014629,0.04702977063276803,0.00010780063097737269,ok,ROW_VALID,0.04,0.05
5,tail_alpha_1_left_transport_current_reversible_signed,1.0,1.0,tail,exclusion,left_transport_current,transport_non_coboundary,two_terminal_symmetric,0.5,reversible_side,0.05,0.48,0.52,32,5.770264190461352e-17,4.890219484388278e-16,1.1102230246251565e-16,0.7071067811865475,1.5785518722296041,0.9733794124660078,NA,-1.9465028987287234,C_from_tilted_residual,0.6054283859668885,2.057768234256064e-06,0.3026502425472588,5.144129942742773e-07,2.0004226029072187,0.04843287265073409,0.00012790087237091186,ok,ROW_VALID,0.04,0.05
6,tail_alpha_1_left_transport_current_reversible_signed,1.0,1.0,tail,exclusion,left_transport_current,transport_non_coboundary,two_terminal_symmetric,0.5,reversible_side,0.05,0.48,0.52,64,6.035503157191231e-17,7.477851679825301e-16,1.3877787807814457e-16,0.7071067811865476,1.6670527929784764,1.0495194969393342,NA,-2.0987512117451574,C_from_tilted_residual,0.6178210781726534,2.072137834977183e-06,0.3088386224999462,4.887219105013554e-07,2.000465722750596,0.04942406429188473,0.00014383317276100982,ok,ROW_VALID,0.04,0.05
7,tail_alpha_1_left_transport_current_reversible_signed,1.0,1.0,tail,exclusion,left_transport_current,transport_non_coboundary,two_terminal_symmetric,0.5,reversible_side,0.05,0.48,0.52,128,7.553710516662384e-17,1.2944004247316479e-15,1.1102230246251565e-16,0.7071067811865476,1.7419705734135944,1.1152192752366819,NA,-2.2301248416374593,C_from_tilted_residual,0.627065007012817,2.0851439056205915e-06,0.3134541035883842,4.683489481141942e-07,2.000500232200675,0.05016338959132888,0.00015679983604854897,ok,ROW_VALID,0.04,0.05
4,tail_alpha_0.5_left_transport_current_reversible_signed,0.5,0.5,tail,exclusion,left_transport_current,transport_non_coboundary,two_terminal_symmetric,0.5,reversible_side,-0.05,0.48,0.52,16,6.389216506892283e-17,3.3349963115494706e-16,8.326672684688674e-17,0.7071067811865476,3.2904947199616377,1.7778752206361585,NA,-3.5554842638090407,C_from_tilted_residual,1.5128856767887555,2.1229050286853357e-06,0.7563764221730218,7.209947864408646e-07,2.000175616847403,0.12102519107933918,0.00013283244271189432,ok,ROW_VALID,0.04,-0.05
5,tail_alpha_0.5_left_transport_current_reversible_signed,0.5,0.5,tail,exclusion,left_transport_current,transport_non_coboundary,two_terminal_symmetric,0.5,reversible_side,-0.05,0.48,0.52,32,7.832212254027819e-17,4.641438512763172e-16,2.498001805406602e-16,0.7071067811865475,3.76496379887215,2.055276383300618,NA,-4.110212699073315,C_from_tilted_residual,1.7100274830994522,2.1467220590541896e-06,0.854928866891147,7.136593704273811e-07,2.0001985537320497,0.1367949166192005,0.00016974931715818542,ok,ROW_VALID,0.04,-0.05
6,tail_alpha_0.5_left_transport_current_reversible_signed,0.5,0.5,tail,exclusion,left_transport_current,transport_non_coboundary,two_terminal_symmetric,0.5,reversible_side,-0.05,0.48,0.52,64,7.762335003654161e-17,1.1084367623880016e-15,2.220446049250313e-16,0.7071067811865476,4.194362897452969,2.3077189594611465,NA,-4.615030188068941,C_from_tilted_residual,1.8870516688451744,2.16439719342508e-06,0.943424056329567,7.082213130075781e-07,2.000215763192251,0.15095536144651212,0.0002035561860402879,ok,ROW_VALID,0.04,-0.05
7,tail_alpha_0.5_left_transport_current_reversible_signed,0.5,0.5,tail,exclusion,left_transport_current,transport_non_coboundary,two_terminal_symmetric,0.5,reversible_side,-0.05,0.48,0.52,128,7.04463486281278e-17,1.2216998578351276e-15,2.220446049250313e-16,0.7071067811865476,4.589473657146531,2.5409113681433366,NA,-5.08135244541377,C_from_tilted_residual,2.0490325798760978,2.178776956183094e-06,1.0243988833869122,7.040036472149011e-07,2.000229220380929,0.1639124524652512,0.00023481310227335683,ok,ROW_VALID,0.04,-0.05
4,tail_alpha_1_left_transport_current_reversible_signed,1.0,1.0,tail,exclusion,left_transport_current,transport_non_coboundary,two_terminal_symmetric,0.5,reversible_side,-0.05,0.48,0.52,16,5.908168137739557e-17,3.7642085655758555e-16,2.7755575615628914e-16,0.7071067811865476,1.497517372302604,0.9103560671481398,NA,-1.8204789030974853,C_from_tilted_residual,0.5873945363532584,2.0493333438541603e-06,0.2936389922384264,5.295460262572142e-07,2.0003969223416727,0.046990321981676686,0.00011655187640569054,ok,ROW_VALID,0.04,-0.05
5,tail_alpha_1_left_transport_current_reversible_signed,1.0,1.0,tail,exclusion,left_transport_current,transport_non_coboundary,two_terminal_symmetric,0.5,reversible_side,-0.05,0.48,0.52,32,5.1962419609193654e-17,6.003982050427134e-16,2.7755575615628914e-17,0.7071067811865475,1.6105836742360111,1.0061013453015462,NA,-2.0119281253395243,C_from_tilted_residual,0.604756894198033,2.066379290341845e-06,0.30230983484795804,4.949651506614472e-07,2.000453920072385,0.04837904189473369,0.00013722450211695048,ok,ROW_VALID,0.04,-0.05
6,tail_alpha_1_left_transport_current_reversible_signed,1.0,1.0,tail,exclusion,left_transport_current,transport_non_coboundary,two_terminal_symmetric,0.5,reversible_side,-0.05,0.48,0.52,64,5.896773791600038e-17,6.798552786804043e-16,2.7755575615628914e-17,0.7071067811865476,1.7032444827110955,1.0865576915191202,NA,-2.1728083285622812,C_from_tilted_residual,0.6169938456679347,2.080882868061761e-06,0.3084201860660163,4.687508907293305e-07,2.00049761183877,0.049357776349753246,0.00015347353590211554,ok,ROW_VALID,0.04,-0.05
7,tail_alpha_1_left_transport_current_reversible_signed,1.0,1.0,tail,exclusion,left_transport_current,transport_non_coboundary,two_terminal_symmetric,0.5,reversible_side,-0.05,0.48,0.52,128,1.069416294246319e-16,1.1793596575749557e-15,4.718447854656915e-16,0.7071067811865476,1.7817278818990046,1.1559583701631744,NA,-2.311583409672892,C_from_tilted_residual,0.6261028423892867,2.0917244722234673e-06,0.3129681133578366,4.4807425718965004e-07,2.0005323726811204,0.050086310257215994,0.0001666156736135349,ok,ROW_VALID,0.04,-0.05
4,tail_alpha_0.5_left_transport_current_reversible_signed,0.5,0.5,tail,exclusion,left_transport_current,transport_non_coboundary,two_terminal_symmetric,0.5,reversible_side,0.1,0.48,0.52,16,5.804633000358664e-17,2.0780373744900442e-16,5.551115123125783e-17,0.7071067811865476,3.24484258768469,1.7246665983787879,NA,-3.4491238974631546,C_from_tilted_residual,1.5203852886003233,2.0869018368206044e-06,0.7601404527779021,7.343076938309024e-07,2.0001373207334745,0.12162635145719336,0.0001043830445190963,ok,ROW_VALID,0.04,0.1
5,tail_alpha_0.5_left_transport_current_reversible_signed,0.5,0.5,tail,exclusion,left_transport_current,transport_non_coboundary,two_terminal_symmetric,0.5,reversible_side,0.1,0.48,0.52,32,6.673253110813646e-17,5.345439278445135e-16,0.0,0.7071067811865475,3.7080215705282806,1.9889562683094804,NA,-3.977640671550312,C_from_tilted_residual,1.7193371672874491,2.1076755241766613e-06,0.8596007655238491,7.27800740806071e-07,2.0001577898080027,0.13754112228786852,0.00013563623975088035,ok,ROW_VALID,0.04,0.1
6,tail_alpha_0.5_left_transport_current_reversible_signed,0.5,0.5,tail,exclusion,left_transport_current,transport_non_coboundary,two_terminal_symmetric,0.5,reversible_side,0.1,0.48,0.52,64,1.0578676692159997e-16,1.3331310012006686e-15,3.608224830031759e-16,0.7071067811865476,4.127152201942232,2.2294896716484005,NA,-4.458649590784006,C_from_tilted_residual,1.8979922828066265,2.1235908930801664e-06,0.948913864598111,7.228901779924054e-07,2.0001734125894286,0.15183224859142963,0.00016455361040446093,ok,ROW_VALID,0.04,0.1
7,tail_alpha_0.5_left_transport_current_reversible_signed,0.5,0.5,tail,exclusion,left_transport_current,transport_non_coboundary,two_terminal_symmetric,0.5,reversible_side,0.1,0.48,0.52,128,9.148410484443887e-17,1.5098156744020974e-15,1.6653345369377348e-16,0.7071067811865476,4.512783165420444,2.4517002853882888,NA,-4.9030169278486015,C_from_tilted_residual,2.0614665229601314,2.1365511209713386e-06,1.0306375242166377,7.190294650826437e-07,2.0001857826077134,0.16490898974494195,0.00019147452685608357,ok,ROW_VALID,0.04,0.1
4,tail_alpha_1_left_transport_current_reversible_signed,1.0,1.0,tail,exclusion,left_transport_current,transport_non_coboundary,two_terminal_symmetric,0.5,reversible_side,0.1,0.48,0.52,16,4.835470156491514e-17,2.9602646388027673e-16,1.3877787807814457e-16,0.7071067811865476,1.4574911977192788,0.86957036557511,NA,-1.7389335718311503,C_from_tilted_residual,0.5881279914632387,2.0356627225321014e-06,0.29401224050503716,5.571508151316955e-07,2.0003520617134396,0.047049162600542316,0.00010351045316436824,ok,ROW_VALID,0.04,0.1
5,tail_alpha_1_left_transport_current_reversible_signed,1.0,1.0,tail,exclusion,left_transport_current,transport_non_coboundary,two_terminal_symmetric,0.5,reversible_side,0.1,0.48,0.52,32,6.301934227988753e-17,6.349217343224059e-16,4.163336342344337e-16,0.7071067811865475,1.5631587145192396,0.9576454274322297,NA,-1.9150441246932637,C_from_tilted_residual,0.6057600172582056,2.053855866315575e-06,0.3028183582782562,5.240000799449642e-07,2.0004071771024527,0.048459457865583755,0.0001233007016931964,ok,ROW_VALID,0.04,0.1
6,tail_alpha_1_left_transport_current_reversible_signed,1.0,1.0,tail,exclusion,left_transport_current,transport_non_coboundary,two_terminal_symmetric,0.5,reversible_side,0.1,0.48,0.52,64,8.504658894391498e-17,9.647079237672199e-16,2.7755575615628914e-17,0.7071067811865476,1.649653735389192,1.0317009560307984,NA,-2.0631236818518417,C_from_tilted_residual,0.6182310095681487,2.068321567988625e-06,0.3090459773021359,4.985960573019461e-07,2.0004499491146617,0.04945691320859197,0.00013905496387689453,ok,ROW_VALID,0.04,0.1
7,tail_alpha_1_left_transport_current_reversible_signed,1.0,1.0,tail,exclusion,left_transport_current,transport_non_coboundary,two_terminal_symmetric,0.5,reversible_side,0.1,0.48,0.52,128,7.915433468631886e-17,1.191782608620371e-15,8.326672684688674e-17,0.7071067811865476,1.7228521984913243,1.0956130951959795,NA,-2.1909222389397556,C_from_tilted_residual,0.627543054747548,2.0800543345987667e-06,0.3136955677260578,4.783930841039815e-07,2.0004842889446404,0.05020168668465097,0.00015191929543245664,ok,ROW_VALID,0.04,0.1
4,tail_alpha_0.5_left_transport_current_reversible_signed,0.5,0.5,tail,exclusion,left_transport_current,transport_non_coboundary,two_terminal_symmetric,0.5,reversible_side,-0.1,0.48,0.52,16,6.438261612705978e-17,3.3230222582707036e-16,1.3877787807814457e-16,0.7071067811865476,3.3071183628388656,1.7971940076513522,NA,-3.5941017859203135,C_from_tilted_residual,1.5102105845699043,2.136034071721675e-06,0.7550338614158103,7.162387909076023e-07,2.0001892123593183,0.12081076616724551,0.00014286173828370607,ok,ROW_VALID,0.04,-0.1
5,tail_alpha_0.5_left_transport_current_reversible_signed,0.5,0.5,tail,exclusion,left_transport_current,transport_non_coboundary,two_terminal_symmetric,0.5,reversible_side,-0.1,0.48,0.52,32,5.65795372160314e-17,7.506935197953423e-16,1.942890293094024e-16,0.7071067811865475,3.7856354554953713,2.079272841598783,NA,-4.1581817812453545,C_from_tilted_residual,1.7067265158487999,2.160238575089307e-06,0.8532724225258193,7.08636919176339e-07,2.000212910662955,0.1365303431067857,0.0001816707971613596,ok,ROW_VALID,0.04,-0.1
6,tail_alpha_0.5_left_transport_current_reversible_signed,0.5,0.5,tail,exclusion,left_transport_current,transport_non_coboundary,two_terminal_symmetric,0.5,reversible_side,-0.1,0.48,0.52,64,7.378836410314427e-17,7.992307603755222e-16,1.3877787807814457e-16,0.7071067811865476,4.218711690822371,2.3359579548419487,NA,-4.671481094502667,C_from_tilted_residual,1.883188551161652,2.1785811412040726e-06,0.9414857240600316,7.030323576034352e-07,2.0002305962119666,0.1506457484041407,0.00021710304158872873,ok,ROW_VALID,0.04,-0.1
7,tail_alpha_0.5_left_transport_current_reversible_signed,0.5,0.5,tail,exclusion,left_transport_current,transport_non_coboundary,two_terminal_symmetric,0.5,reversible_side,-0.1,0.48,0.52,128,7.16513063988601e-17,1.0013307848398298e-15,1.6653345369377348e-16,0.7071067811865476,4.617214718844307,2.5730592023186354,NA,-5.145618152378178,C_from_tilted_residual,2.0446557687847644,2.192552183131139e-06,1.0222029845192715,6.987036300000314e-07,2.000244373915949,0.1635616840928995,0.000249799746221413,ok,ROW_VALID,0.04,-0.1
4,tail_alpha_1_left_transport_current_reversible_signed,1.0,1.0,tail,exclusion,left_transport_current,transport_non_coboundary,two_terminal_symmetric,0.5,reversible_side,-0.1,0.48,0.52,16,4.184585615213539e-17,4.0180054961112923e-16,2.498001805406602e-16,0.7071067811865476,1.5115800685816239,0.9246773790499736,NA,-1.8491126174896029,C_from_tilted_residual,0.5871448301419946,2.0531811494129504e-06,0.29351191070091653,5.201335922193591e-07,2.000412278806242,0.04697028819637039,0.00012100874016152119,ok,ROW_VALID,0.04,-0.1
5,tail_alpha_1_left_transport_current_reversible_signed,1.0,1.0,tail,exclusion,left_transport_current,transport_non_coboundary,two_terminal_symmetric,0.5,reversible_side,-0.1,0.48,0.52,32,8.722295822700455e-17,1.0042128192026414e-15,2.7755575615628914e-17,0.7071067811865475,1.6272340522249347,1.0231005962538826,NA,-2.0459171944722945,C_from_tilted_residual,0.6044174540065228,2.0707652656110308e-06,0.30213775550371746,4.851156002192784e-07,2.0004697956362696,0.04835183002246063,0.000141942999087874,ok,ROW_VALID,0.04,-0.1
6,tail_alpha_1_left_transport_current_reversible_signed,1.0,1.0,tail,exclusion,left_transport_current,transport_non_coboundary,two_terminal_symmetric,0.5,reversible_side,-0.1,0.48,0.52,64,8.48773039508398e-17,1.0429106351874157e-15,3.3306690738754696e-16,0.7071067811865476,1.722051165248626,1.1057908524647795,NA,-2.211264940389751,C_from_tilted_residual,0.6165770773236545,2.0847742723494326e-06,0.3082093732384106,4.5866219636662437e-07,2.0005137119782237,0.049324379971595056,0.0001583308468333655,ok,ROW_VALID,0.04,-0.1
7,tail_alpha_1_left_transport_current_reversible_signed,1.0,1.0,tail,exclusion,left_transport_current,transport_non_coboundary,two_terminal_symmetric,0.5,reversible_side,-0.1,0.48,0.52,128,7.589753600635956e-17,1.1634788296606495e-15,2.498001805406602e-16,0.7071067811865476,1.8023828831190323,1.177106718175326,NA,-2.3538702540512135,C_from_tilted_residual,0.6256193472431448,2.095999354439096e-06,0.3127239017943151,4.378524478695305e-07,2.00054854666858,0.05004757797994336,0.00017154365451466091,ok,ROW_VALID,0.04,-0.1
4,tail_alpha_0.5_left_transport_current_reversible_signed,0.5,0.5,tail,exclusion,left_transport_current,transport_non_coboundary,two_terminal_symmetric,0.5,reversible_side,0.0,0.52,0.48,16,5.982795642425766e-17,4.894309172259411e-16,8.326672684688674e-17,0.7071067811865476,3.2745776734711485,1.7593496441638565,NA,-3.518452635711526,C_from_tilted_residual,1.5154746819234788,2.110361223469955e-06,0.7576758076559109,7.255942674518648e-07,2.000162426476355,-0.12123271931267032,0.00012306661165695232,ok,ROW_VALID,-0.04,0.0
5,tail_alpha_0.5_left_transport_current_reversible_signed,0.5,0.5,tail,exclusion,left_transport_current,transport_non_coboundary,two_terminal_symmetric,0.5,reversible_side,0.0,0.52,0.48,32,6.076392775252858e-17,6.445151096718578e-16,5.551115123125783e-17,0.7071067811865475,3.7451422861560655,2.032227469501093,NA,-4.064138180348376,C_from_tilted_residual,1.7132315753087823,2.133466382924358e-06,0.8565367422887604,7.185303807230187e-07,2.000184569701983,-0.13705173118110903,0.00015809073126149542,ok,ROW_VALID,-0.04,0.0
6,tail_alpha_0.5_left_transport_current_reversible_signed,0.5,0.5,tail,exclusion,left_transport_current,transport_non_coboundary,two_terminal_symmetric,0.5,reversible_side,0.0,0.52,0.48,64,9.54653284923897e-17,1.0806804130550999e-15,0.0,0.7071067811865476,4.1709925244700505,2.2805646200800798,NA,-4.560748076690808,C_from_tilted_residual,1.8908090678593226,2.150591063168451e-06,0.9453094000011264,7.132636446681205e-07,2.0002012757485215,-0.15125650893100417,0.00019026785706977023,ok,ROW_VALID,-0.04,0.0
7,tail_alpha_0.5_left_transport_current_reversible_signed,0.5,0.5,tail,exclusion,left_transport_current,transport_non_coboundary,two_terminal_symmetric,0.5,reversible_side,0.0,0.52,0.48,128,8.907884882083126e-17,1.1816718787747972e-15,1.6653345369377348e-16,0.7071067811865476,4.5628282198615295,2.509972977896254,NA,-5.019505118390455,C_from_tilted_residual,2.0532960793673283,2.1644921592237313e-06,1.0265379990262669,7.091608627590794e-07,2.000214391785792,-0.1642541485756308,0.0002200813147945624,ok,ROW_VALID,-0.04,0.0
4,tail_alpha_1_left_transport_current_reversible_signed,1.0,1.0,tail,exclusion,left_transport_current,transport_non_coboundary,two_terminal_symmetric,0.5,reversible_side,0.0,0.52,0.48,16,6.362830985940092e-17,4.7543266436947465e-16,0.0,0.7071067811865476,1.4838180218510466,0.8964007227098139,NA,-1.7925770165715529,C_from_tilted_residual,0.5876417279893076,2.0439974715031067e-06,0.29376478946144813,5.38856319912581e-07,2.0003817648351148,-0.04701015328296426,0.00011214906641132671,ok,ROW_VALID,-0.04,0.0
5,tail_alpha_1_left_transport_current_reversible_signed,1.0,1.0,tail,exclusion,left_transport_current,transport_non_coboundary,two_terminal_symmetric,0.5,reversible_side,0.0,0.52,0.48,32,5.382855356523981e-17,6.085048959084755e-16,2.7755575615628914e-17,0.7071067811865475,1.5943582621376655,0.9895295268738475,NA,-1.978793847232524,C_from_tilted_residual,0.6050939417789891,2.061624752744855e-06,0.3024806992888429,5.047330958918761e-07,2.0004381873012558,-0.048406061714223125,0.00013254320130329234,ok,ROW_VALID,-0.04,0.0
6,tail_alpha_1_left_transport_current_reversible_signed,1.0,1.0,tail,exclusion,left_transport_current,transport_non_coboundary,two_terminal_symmetric,0.5,reversible_side,0.0,0.52,0.48,64,6.814230803580303e-17,7.774112420557961e-16,8.326672684688674e-17,0.7071067811865476,1.6849140640882272,1.067802854819318,NA,-2.1353083172944665,C_from_tilted_residual,0.6174086016130786,2.0758922031614395e-06,0.30862998052705315,4.787727582136731e-07,2.0004816141280846,-0.04939101154996772,0.00014864055897234607,ok,ROW_VALID,-0.04,0.0
7,tail_alpha_1_left_transport_current_reversible_signed,1.0,1.0,tail,exclusion,left_transport_current,transport_non_coboundary,two_terminal_symmetric,0.5,reversible_side,0.0,0.52,0.48,128,1.0318480256994052e-16,1.837271769703768e-15,1.6653345369377348e-16,0.7071067811865476,1.7615931578214465,1.1353318296481496,NA,-2.270340155147899,C_from_tilted_residual,0.6265848323216971,2.0884250938725537e-06,0.3132115661855617,4.582416519001056e-07,2.000516264301932,-0.05012492242489658,0.0001616999505738015,ok,ROW_VALID,-0.04,0.0
4,tail_alpha_0.5_left_transport_current_reversible_signed,0.5,0.5,tail,exclusion,left_transport_current,transport_non_coboundary,two_terminal_symmetric,0.5,reversible_side,0.05,0.52,0.48,16,4.929871072198805e-17,4.064321739000774e-16,1.3877787807814457e-16,0.7071067811865476,3.2593619705395867,1.741614353097864,NA,-3.483001022340181,C_from_tilted_residual,1.5179753012972697,2.09828660953598e-06,0.7589308612232282,7.300328039307117e-07,2.000149656387184,-0.12143316623574563,0.00011357885081331176,ok,ROW_VALID,-0.04,0.05
5,tail_alpha_0.5_left_transport_current_reversible_signed,0.5,0.5,tail,exclusion,left_transport_current,transport_non_coboundary,two_terminal_symmetric,0.5,reversible_side,0.05,0.52,0.48,32,6.03730249804775e-17,6.37092509106295e-16,2.498001805406602e-16,0.7071067811865475,3.7261638125157726,2.0101220375692574,NA,-4.019950062351361,C_from_tilted_residual,1.7163357877336693,2.1201558883430332e-06,0.8580945368145465,7.232453468671317e-07,2.000170976621202,-0.1373005454240348,0.00014671410457633982,ok,ROW_VALID,-0.04,0.05
6,tail_alpha_0.5_left_transport_current_reversible_signed,0.5,0.5,tail,exclusion,left_transport_current,transport_non_coboundary,two_terminal_symmetric,0.5,reversible_side,0.05,0.52,0.48,64,6.745048919668151e-17,7.259374312851575e-16,4.440892098500626e-16,0.7071067811865476,4.1485917730823205,2.254489800814706,NA,-4.508624445410788,C_from_tilted_residual,1.8944571284862377,2.1369559898968613e-06,0.947139934379515,7.181543259004877e-07,2.0001871526273716,-0.15154890016644917,0.00017725972720761263,ok,ROW_VALID,-0.04,0.05
7,tail_alpha_0.5_left_transport_current_reversible_signed,0.5,0.5,tail,exclusion,left_transport_current,transport_non_coboundary,two_terminal_symmetric,0.5,reversible_side,0.05,0.52,0.48,128,7.658966013768528e-17,1.2181703179480743e-15,1.3877787807814457e-16,0.7071067811865476,4.537268040773266,2.4802378796146667,NA,-4.960063821670545,C_from_tilted_residual,2.057442098717388,2.1508555668169023e-06,1.0286182363467344,7.141708669641266e-07,2.0001999050927286,-0.16458643789947303,0.00020562602391915874,ok,ROW_VALID,-0.04,0.05
4,tail_alpha_1_left_transport_current_reversible_signed,1.0,1.0,tail,exclusion,left_transport_current,transport_non_coboundary,two_terminal_symmetric,0.5,reversible_side,0.05,0.52,0.48,16,7.938502500748099e-17,3.7444151543078037e-16,2.220446049250313e-16,0.7071067811865476,1.4704774470983566,0.8828069232385536,NA,-1.765398110166432,C_from_tilted_residual,0.5878862601704782,2.040069018709166e-06,0.2938892296987572,5.480593465040398e-07,2.000366807497758,-0.04702977063276781,0.00010780077296379531,ok,ROW_VALID,-0.04,0.05
5,tail_alpha_1_left_transport_current_reversible_signed,1.0,1.0,tail,exclusion,left_transport_current,transport_non_coboundary,two_terminal_symmetric,0.5,reversible_side,0.05,0.52,0.48,32,9.190115268718487e-17,8.265664398633813e-16,2.498001805406602e-16,0.7071067811865475,1.5785518722296037,0.973379412466008,NA,-1.9465028987642503,C_from_tilted_residual,0.6054283859313614,2.057779237025628e-06,0.3026502425473365,5.144129117366095e-07,2.0004226027893184,-0.048432872650733594,0.00012790083668834384,ok,ROW_VALID,-0.04,0.05
6,tail_alpha_1_left_transport_current_reversible_signed,1.0,1.0,tail,exclusion,left_transport_current,transport_non_coboundary,two_terminal_symmetric,0.5,reversible_side,0.05,0.52,0.48,64,8.535356775103771e-17,7.803495209348397e-16,5.828670879282072e-16,0.7071067811865476,1.6670527929784769,1.0495194969393347,NA,-2.0987512118162126,C_from_tilted_residual,0.6178210781015991,2.0722312788717904e-06,0.3088386224996409,4.887233753952438e-07,2.0004657225225047,-0.04942406429188484,0.0001438331023173589,ok,ROW_VALID,-0.04,0.05
7,tail_alpha_1_left_transport_current_reversible_signed,1.0,1.0,tail,exclusion,left_transport_current,transport_non_coboundary,two_terminal_symmetric,0.5,reversible_side,0.05,0.52,0.48,128,8.537187595688688e-17,1.0720503048520232e-15,1.1102230246251565e-16,0.7071067811865476,1.7419705734135944,1.1152192752366825,NA,-2.2301248411400802,C_from_tilted_residual,0.6270650075101969,2.0844339320940424e-06,0.31345410358835646,4.6834892154999965e-07,2.000500233787623,-0.05016338959132849,0.00015680033348397515,ok,ROW_VALID,-0.04,0.05
4,tail_alpha_0.5_left_transport_current_reversible_signed,0.5,0.5,tail,exclusion,left_transport_current,transport_non_coboundary,two_terminal_symmetric,0.5,reversible_side,-0.05,0.52,0.48,16,4.6854254383876735e-17,4.165697797610542e-16,2.7755575615628914e-17,0.7071067811865476,3.290494719961638,1.7778752206361585,NA,-3.5554842644485296,C_from_tilted_residual,1.512885676149267,2.123321852374359e-06,0.7563764221729441,7.209949332226457e-07,2.0001756160021453,-0.12102519107933896,0.00013283180337886336,ok,ROW_VALID,-0.04,-0.05
5,tail_alpha_0.5_left_transport_current_reversible_signed,0.5,0.5,tail,exclusion,left_transport_current,transport_non_coboundary,two_terminal_symmetric,0.5,reversible_side,-0.05,0.52,0.48,32,6.318178658453668e-17,6.161507484729424e-16,1.1102230246251565e-16,0.7071067811865475,3.7649637988721496,2.055276383300619,NA,-4.110212698931208,C_from_tilted_residual,1.7100274832415607,2.1466597317100824e-06,0.8549288668912358,7.136593509481033e-07,2.0001985538980644,-0.1367949166192014,0.0001697494590890969,ok,ROW_VALID,-0.04,-0.05
6,tail_alpha_0.5_left_transport_current_reversible_signed,0.5,0.5,tail,exclusion,left_transport_current,transport_non_coboundary,two_terminal_symmetric,0.5,reversible_side,-0.05,0.52,0.48,64,1.0403256610620759e-16,1.1045147785762832e-15,1.6653345369377348e-16,0.7071067811865476,4.194362897452969,2.3077189594611465,NA,-4.615030187642615,C_from_tilted_residual,1.8870516692715,2.1641948053227264e-06,0.9434240563295893,7.08221265935527e-07,2.000215763644096,-0.15095536144650978,0.00020355661232152045,ok,ROW_VALID,-0.04,-0.05
7,tail_alpha_0.5_left_transport_current_reversible_signed,0.5,0.5,tail,exclusion,left_transport_current,transport_non_coboundary,two_terminal_symmetric,0.5,reversible_side,-0.05,0.52,0.48,128,7.087655533730721e-17,1.2095103245311192e-15,1.1102230246251565e-16,0.7071067811865476,4.589473657146533,2.540911368143338,NA,-5.081352443992687,C_from_tilted_residual,2.0490325812971832,2.17811159144904e-06,1.0243988833870232,7.040030402984505e-07,2.0002292217679507,-0.163912452465252,0.00023481452313678375,ok,ROW_VALID,-0.04,-0.05
4,tail_alpha_1_left_transport_current_reversible_signed,1.0,1.0,tail,exclusion,left_transport_current,transport_non_coboundary,two_terminal_symmetric,0.5,reversible_side,-0.05,0.52,0.48,16,6.220619337331553e-17,3.67182780524915e-16,1.6653345369377348e-16,0.7071067811865476,1.497517372302604,0.9103560671481401,NA,-1.82047890316854,C_from_tilted_residual,0.5873945362822042,2.0494543090277693e-06,0.2936389922384097,5.295461396845273e-07,2.000396922099808,-0.04699032198167674,0.00011655180538472365,ok,ROW_VALID,-0.04,-0.05
5,tail_alpha_1_left_transport_current_reversible_signed,1.0,1.0,tail,exclusion,left_transport_current,transport_non_coboundary,two_terminal_symmetric,0.5,reversible_side,-0.05,0.52,0.48,32,6.314715566857167e-17,6.310694051387773e-16,1.1102230246251565e-16,0.7071067811865475,1.6105836742360111,1.0061013453015464,NA,-2.011928125197416,C_from_tilted_residual,0.6047568943401416,2.0662177381996685e-06,0.30230983484785257,4.949655821763302e-07,2.000453920543159,-0.04837904189473402,0.00013722464443644,ok,ROW_VALID,-0.04,-0.05
6,tail_alpha_1_left_transport_current_reversible_signed,1.0,1.0,tail,exclusion,left_transport_current,transport_non_coboundary,two_terminal_symmetric,0.5,reversible_side,-0.05,0.52,0.48,64,8.524147038778616e-17,8.11345532503257e-16,2.220446049250313e-16,0.7071067811865476,1.7032444827110957,1.0865576915191204,NA,-2.172808328278064,C_from_tilted_residual,0.6169938459521518,2.080415022355234e-06,0.3084201860661717,4.687500357985266e-07,2.0004976127592875,-0.04935777634975286,0.0001534738198083474,ok,ROW_VALID,-0.04,-0.05
7,tail_alpha_1_left_transport_current_reversible_signed,1.0,1.0,tail,exclusion,left_transport_current,transport_non_coboundary,two_terminal_symmetric,0.5,reversible_side,-0.05,0.52,0.48,128,9.39822639617997e-17,1.493662399935345e-15,8.326672684688674e-17,0.7071067811865476,1.7817278818990054,1.1559583701631744,NA,-2.311583409637366,C_from_tilted_residual,0.6261028424248138,2.091655316431784e-06,0.31296811335825847,4.480731574955989e-07,2.0005323727919406,-0.05008631025721766,0.0001666157082969022,ok,ROW_VALID,-0.04,-0.05
4,tail_alpha_0.5_left_transport_current_reversible_signed,0.5,0.5,tail,exclusion,left_transport_current,transport_non_coboundary,two_terminal_symmetric,0.5,reversible_side,0.1,0.52,0.48,16,3.368120382924163e-17,2.9751772579806037e-16,5.551115123125783e-17,0.7071067811865476,3.24484258768469,1.7246665983787879,NA,-3.4491238968947204,C_from_tilted_residual,1.5203852891687575,2.0865484080035128e-06,0.7601404527779243,7.343077011336249e-07,2.0001373214812177,-0.12162635145719336,0.00010438361290887599,ok,ROW_VALID,-0.04,0.1
5,tail_alpha_0.5_left_transport_current_reversible_signed,0.5,0.5,tail,exclusion,left_transport_current,transport_non_coboundary,two_terminal_symmetric,0.5,reversible_side,0.1,0.52,0.48,32,6.526265156830966e-17,6.966782390848079e-16,1.1102230246251565e-16,0.7071067811865475,3.70802157052828,1.9889562683094797,NA,-3.9776406710529306,C_from_tilted_residual,1.719337167784829,2.107391404162925e-06,0.8596007655238047,7.278007924683343e-07,2.0001577903867234,-0.13754112228786908,0.00013563673721961322,ok,ROW_VALID,-0.04,0.1
6,tail_alpha_0.5_left_transport_current_reversible_signed,0.5,0.5,tail,exclusion,left_transport_current,transport_non_coboundary,two_terminal_symmetric,0.5,reversible_side,0.1,0.52,0.48,64,1.208635617361036e-16,1.5859762081621776e-15,3.0531133177191805e-16,0.7071067811865476,4.127152201942232,2.2294896716484,NA,-4.458649591565603,C_from_tilted_residual,1.8979922820250295,2.123976957525491e-06,0.9489138645986439,7.228896631952451e-07,2.0001734117646297,-0.15183224859142497,0.00016455282774163749,ok,ROW_VALID,-0.04,0.1
7,tail_alpha_0.5_left_transport_current_reversible_signed,0.5,0.5,tail,exclusion,left_transport_current,transport_non_coboundary,two_terminal_symmetric,0.5,reversible_side,0.1,0.52,0.48,128,8.67062999623554e-17,1.5782730370087003e-15,5.551115123125783e-17,0.7071067811865476,4.512783165420444,2.4517002853882888,NA,-4.903016928843361,C_from_tilted_residual,2.0614665219653716,2.1370099739801053e-06,1.03063752421646,7.190297882484394e-07,2.000185781642869,-0.1649089897449385,0.00019147353245152487,ok,ROW_VALID,-0.04,0.1
4,tail_alpha_1_left_transport_current_reversible_signed,1.0,1.0,tail,exclusion,left_transport_current,transport_non_coboundary,two_terminal_symmetric,0.5,reversible_side,0.1,0.52,0.48,16,4.461296870572528e-17,3.6732910075320603e-16,1.3877787807814457e-16,0.7071067811865476,1.4574911977192788,0.8695703655751099,NA,-1.7389335722574757,C_from_tilted_residual,0.588127991036913,2.0363687310781607e-06,0.29401224050503716,5.571508434525166e-07,2.0003520602634124,-0.04704916260054226,0.00010351002683872679,ok,ROW_VALID,-0.04,0.1
5,tail_alpha_1_left_transport_current_reversible_signed,1.0,1.0,tail,exclusion,left_transport_current,transport_non_coboundary,two_terminal_symmetric,0.5,reversible_side,0.1,0.52,0.48,32,7.316852474443871e-17,8.379591725620434e-16,3.3306690738754696e-16,0.7071067811865475,1.5631587145192394,0.9576454274322296,NA,-1.9150441243024647,C_from_tilted_residual,0.6057600176490041,2.0532950363557992e-06,0.30281835827790093,5.240011248406045e-07,2.000407178395337,-0.04845945786558292,0.0001233010932022438,ok,ROW_VALID,-0.04,0.1
6,tail_alpha_1_left_transport_current_reversible_signed,1.0,1.0,tail,exclusion,left_transport_current,transport_non_coboundary,two_terminal_symmetric,0.5,reversible_side,0.1,0.52,0.48,64,6.91472266369397e-17,6.480478524712739e-16,2.7755575615628914e-17,0.7071067811865476,1.6496537353891916,1.0317009560307988,NA,-2.0631236818518417,C_from_tilted_residual,0.6182310095681487,2.0683036099547595e-06,0.3090459773022525,4.985957968514204e-07,2.000449949113907,-0.04945691320859258,0.0001390549636437477,ok,ROW_VALID,-0.04,0.1
7,tail_alpha_1_left_transport_current_reversible_signed,1.0,1.0,tail,exclusion,left_transport_current,transport_non_coboundary,two_terminal_symmetric,0.5,reversible_side,0.1,0.52,0.48,128,7.652310542888904e-17,1.2267775713363e-15,3.3306690738754696e-16,0.7071067811865476,1.7228521984913239,1.0956130951959788,NA,-2.190922238975282,C_from_tilted_residual,0.6275430547120209,2.0800702571025158e-06,0.31369556772608553,4.783928894494926e-07,2.0004842888312098,-0.05020168668465025,0.0001519192598498087,ok,ROW_VALID,-0.04,0.1
4,tail_alpha_0.5_left_transport_current_reversible_signed,0.5,0.5,tail,exclusion,left_transport_current,transport_non_coboundary,two_terminal_symmetric,0.5,reversible_side,-0.1,0.52,0.48,16,6.226011229869518e-17,4.539672455905895e-16,1.942890293094024e-16,0.7071067811865476,3.307118362838865,1.7971940076513522,NA,-3.5941017860624216,C_from_tilted_residual,1.5102105844277958,2.1361017050951746e-06,0.7550338614156549,7.162390555846226e-07,2.0001892121715152,-0.12081076616724484,0.00014286159648602137,ok,ROW_VALID,-0.04,-0.1
5,tail_alpha_0.5_left_transport_current_reversible_signed,0.5,0.5,tail,exclusion,left_transport_current,transport_non_coboundary,two_terminal_symmetric,0.5,reversible_side,-0.1,0.52,0.48,32,5.483862837861504e-17,5.012000175562243e-16,5.551115123125783e-17,0.7071067811865475,3.785635455495371,2.079272841598783,NA,-4.158181781600625,C_from_tilted_residual,1.7067265154935285,2.1604441325794096e-06,0.8532724225257637,7.086370362784954e-07,2.000212910246722,-0.13653034310678558,0.000181670442001014,ok,ROW_VALID,-0.04,-0.1
6,tail_alpha_0.5_left_transport_current_reversible_signed,0.5,0.5,tail,exclusion,left_transport_current,transport_non_coboundary,two_terminal_symmetric,0.5,reversible_side,-0.1,0.52,0.48,64,6.272010948767263e-17,7.281341217270673e-16,2.498001805406602e-16,0.7071067811865476,4.218711690822371,2.3359579548419482,NA,-4.671481095071101,C_from_tilted_residual,1.8831885505932178,2.178864122441269e-06,0.941485724059532,7.030329413195214e-07,2.0002305956092647,-0.1506457484041408,0.00021710247415374084,ok,ROW_VALID,-0.04,-0.1
7,tail_alpha_0.5_left_transport_current_reversible_signed,0.5,0.5,tail,exclusion,left_transport_current,transport_non_coboundary,two_terminal_symmetric,0.5,reversible_side,-0.1,0.52,0.48,128,6.870379566442682e-17,1.1481785883083701e-15,4.996003610813204e-16,0.7071067811865476,4.617214718844307,2.5730592023186363,NA,-5.145618153088722,C_from_tilted_residual,2.0446557680742217,2.1928866635902145e-06,1.0222029845196712,6.987032878759199e-07,2.0002443732200574,-0.16356168409289873,0.00024979903487931665,ok,ROW_VALID,-0.04,-0.1
4,tail_alpha_1_left_transport_current_reversible_signed,1.0,1.0,tail,exclusion,left_transport_current,transport_non_coboundary,two_terminal_symmetric,0.5,reversible_side,-0.1,0.52,0.48,16,6.644443375507984e-17,5.068335363618334e-16,2.7755575615628914e-17,0.7071067811865476,1.5115800685816239,0.9246773790499737,NA,-1.8491126173830215,C_from_tilted_residual,0.587144830248576,2.0529769339418644e-06,0.293511910700861,5.201338853668104e-07,2.000412279169745,-0.04697028819636989,0.00012100884685395386,ok,ROW_VALID,-0.04,-0.1
5,tail_alpha_1_left_transport_current_reversible_signed,1.0,1.0,tail,exclusion,left_transport_current,transport_non_coboundary,two_terminal_symmetric,0.5,reversible_side,-0.1,0.52,0.48,32,1.0612899837461325e-16,8.585263428564114e-16,3.0531133177191805e-16,0.7071067811865475,1.6272340522249342,1.0231005962538822,NA,-2.0459171944012393,C_from_tilted_residual,0.6044174540775771,2.0706366862193125e-06,0.30213775550373967,4.851154899825245e-07,2.000469795871294,-0.04835183002245935,0.00014194307009773866,ok,ROW_VALID,-0.04,-0.1
6,tail_alpha_1_left_transport_current_reversible_signed,1.0,1.0,tail,exclusion,left_transport_current,transport_non_coboundary,two_terminal_symmetric,0.5,reversible_side,-0.1,0.52,0.48,64,1.0361325574995333e-16,1.3745624645864816e-15,1.1102230246251565e-16,0.7071067811865476,1.7220511652486254,1.105790852464779,NA,-2.211264940425277,C_from_tilted_residual,0.6165770772881274,2.084810284879623e-06,0.30820937323843833,4.5866248454017204e-07,2.000513711862774,-0.04932437997159672,0.00015833081125071757,ok,ROW_VALID,-0.04,-0.1
7,tail_alpha_1_left_transport_current_reversible_signed,1.0,1.0,tail,exclusion,left_transport_current,transport_non_coboundary,two_terminal_symmetric,0.5,reversible_side,-0.1,0.52,0.48,128,6.213495404017534e-17,1.1709520522763953e-15,3.885780586188048e-16,0.7071067811865476,1.8023828831190325,1.177106718175326,NA,-2.353870253749233,C_from_tilted_residual,0.6256193475451255,2.0955397335434446e-06,0.3127239017944705,4.378524656201553e-07,2.0005485476332323,-0.05004757797994325,0.00017154395618446117,ok,ROW_VALID,-0.04,-0.1
