ensemble,seed,i,j,r_angstrom,is_edge_sharing,is_corner_sharing,f_OO_local,t_eV,kept_t_gt_tmin
G_good,2903000,0,5,3.041944,0,1,0.0,1.758574,1
G_good,2903000,0,44,3.64632,1,0,0.002154,0.689619,1
G_good,2903000,1,5,4.119688,1,0,0.0,0.292884,0
G_good,2903000,1,36,2.886991,0,1,0.0,2.330858,1
G_good,2903000,1,49,3.753302,0,1,0.0,0.482451,1
G_good,2903000,2,12,3.939237,1,0,0.000645,0.406092,1
G_good,2903000,2,21,3.60511,0,1,0.001989,0.629132,1
G_good,2903000,2,43,3.463168,1,0,0.0,0.966277,1
G_good,2903000,3,16,3.334062,0,1,0.001068,1.031736,1
G_good,2903000,3,22,3.528482,0,1,0.001434,0.723989,1
G_good,2903000,3,35,3.945847,0,1,0.000764,0.33943,0
G_good,2903000,4,54,3.030926,1,0,0.002324,2.110533,1
G_good,2903000,4,63,3.530609,0,1,0.001998,0.720381,1
G_good,2903000,5,44,3.845369,1,0,0.000738,0.481575,1
G_good,2903000,5,61,4.155445,0,1,0.001194,0.231672,0
G_good,2903000,6,29,3.074408,1,0,0.0,1.959191,1
G_good,2903000,6,48,3.777465,0,1,0.0,0.461715,1
G_good,2903000,7,11,2.982475,1,0,0.0,2.315633,1
G_good,2903000,7,15,4.079649,0,1,3.4e-05,0.266521,0
G_good,2903000,8,42,3.405346,0,1,0.0,0.908257,1
G_good,2903000,8,43,3.560865,1,0,0.001079,0.807273,1
G_good,2903000,9,10,3.635204,1,0,0.000452,0.706098,1
G_good,2903000,9,47,3.817534,0,1,0.0,0.429274,1
G_good,2903000,10,19,3.323511,0,1,0.0,1.053969,1
G_good,2903000,10,39,3.751476,0,1,0.000169,0.483892,1
G_good,2903000,11,51,3.022813,1,0,0.0,2.151877,1
G_good,2903000,12,41,3.948937,0,1,0.0,0.338045,0
G_good,2903000,13,59,3.524727,0,1,0.0,0.731041,1
G_good,2903000,13,60,4.067866,0,1,0.0,0.272311,0
G_good,2903000,15,20,4.06717,0,1,0.000203,0.272545,0
G_good,2903000,15,58,2.870359,0,1,0.003056,2.387781,1
G_good,2903000,16,51,4.037218,0,1,0.004053,0.285592,0
G_good,2903000,17,21,2.911626,0,1,0.000328,2.227296,1
G_good,2903000,18,24,3.505978,0,1,0.0,0.756392,1
G_good,2903000,18,47,3.849986,1,0,0.0,0.478255,1
G_good,2903000,18,62,3.216517,0,1,0.0,1.280304,1
G_good,2903000,18,63,3.710037,0,1,0.0,0.521935,1
G_good,2903000,19,48,3.898904,0,1,0.001295,0.369281,1
G_good,2903000,19,52,3.757353,1,0,0.002602,0.563047,1
G_good,2903000,19,53,3.363489,1,0,0.001124,1.155673,1
G_good,2903000,20,41,3.02241,0,1,0.0,1.822154,1
G_good,2903000,20,60,3.123324,1,0,0.003015,1.781694,1
G_good,2903000,21,58,3.86257,0,1,0.0,0.395524,1
G_good,2903000,22,35,3.860318,0,1,0.0,0.397146,1
G_good,2903000,22,52,3.606441,0,1,0.0,0.630114,1
G_good,2903000,23,42,3.600903,0,1,0.000168,0.636276,1
G_good,2903000,23,46,3.748894,1,0,0.00189,0.57259,1
G_good,2903000,24,36,3.968858,1,0,0.0,0.385297,1
G_good,2903000,24,49,3.292524,1,0,0.0,1.317791,1
G_good,2903000,24,54,3.609316,0,1,0.00191,0.624439,1
G_good,2903000,24,62,3.590362,1,0,0.000285,0.766336,1
G_good,2903000,25,27,3.474804,1,0,0.001019,0.944121,1
G_good,2903000,25,28,3.078705,0,1,0.0,1.644875,1
G_good,2903000,26,31,3.187265,0,1,0.0,1.35024,1
G_good,2903000,26,34,3.98376,1,0,0.0,0.374998,1
G_good,2903000,26,55,3.736197,1,0,0.0,0.588181,1
G_good,2903000,28,37,2.989026,0,1,0.00084,1.932931,1
G_good,2903000,29,34,3.908099,1,0,0.000412,0.429947,1
G_good,2903000,30,40,3.413591,0,1,0.002688,0.889945,1
G_good,2903000,30,46,3.433949,1,0,0.0,1.018998,1
G_good,2903000,32,39,3.501546,1,0,0.0,0.90115,1
G_good,2903000,32,53,3.039158,1,0,0.0,2.08887,1
G_good,2903000,33,36,4.017364,0,1,0.002687,0.296899,0
G_good,2903000,33,37,2.995315,0,1,0.003795,1.899696,1
G_good,2903000,34,55,3.438415,1,0,0.000717,1.00931,1
G_good,2903000,35,44,4.072309,1,0,0.0,0.319233,0
G_good,2903000,35,54,4.162808,1,0,0.0,0.270799,0
G_good,2903000,36,49,4.10484,1,0,0.000358,0.300683,0
G_good,2903000,36,61,3.934264,0,1,0.0,0.347185,0
G_good,2903000,36,62,3.304557,0,1,0.000422,1.090002,1
G_good,2903000,37,54,3.549264,0,1,0.002053,0.69628,1
G_good,2903000,38,58,3.94043,0,1,0.001824,0.342064,0
G_good,2903000,39,41,3.961309,0,1,0.001708,0.329398,0
G_good,2903000,39,47,3.53478,0,1,0.0,0.717802,1
G_good,2903000,39,53,3.292425,1,0,0.0,1.318029,1
G_good,2903000,39,56,3.983201,1,0,0.0,0.375379,1
G_good,2903000,41,56,3.585565,0,1,0.003507,0.649916,1
G_good,2903000,41,60,3.653913,0,1,0.001753,0.575984,1
G_good,2903000,43,50,4.095447,1,0,0.001284,0.305297,0
G_good,2903000,45,55,3.33817,0,1,0.000503,1.025217,1
G_good,2903000,47,53,3.963693,0,1,0.003117,0.327052,0
G_good,2903000,47,63,3.165206,1,0,0.0,1.661039,1
G_good,2903000,51,52,3.988903,0,1,0.0,0.314352,0
G_good,2903000,51,56,3.77682,0,1,0.0,0.462257,1
G_good,2903000,59,61,3.06019,0,1,0.003379,1.689735,1
G_good,2903000,61,62,3.657739,0,1,0.001733,0.572015,1
G_good,2903001,0,14,3.812203,0,1,0.000689,0.432858,1
G_good,2903001,0,27,3.191279,0,1,0.002111,1.334775,1
G_good,2903001,1,23,3.304882,0,1,0.0,1.090279,1
G_good,2903001,1,40,4.195908,0,1,0.0,0.215755,0
G_good,2903001,1,50,4.004695,0,1,0.001624,0.304464,0
G_good,2903001,2,9,3.543387,1,0,0.001373,0.832849,1
G_good,2903001,2,17,4.040364,1,0,0.001401,0.337377,0
G_good,2903001,2,51,2.969998,0,1,0.0,2.004336,1
G_good,2903001,2,58,3.507099,0,1,0.0,0.754853,1
G_good,2903001,3,18,3.911142,1,0,0.00014,0.427806,1
G_good,2903001,3,34,4.114028,1,0,0.00083,0.295423,0
G_good,2903001,3,42,3.078773,0,1,0.001167,1.640839,1
G_good,2903001,3,55,3.846583,0,1,0.001545,0.405933,1
G_good,2903001,4,52,3.606777,1,0,0.0,0.744225,1
G_good,2903001,5,7,3.646479,0,1,0.002813,0.582587,1
G_good,2903001,5,38,3.544174,0,1,0.001015,0.704214,1
G_good,2903001,5,42,3.723224,0,1,0.0,0.50957,1
G_good,2903001,5,61,3.437954,0,1,0.0,0.855974,1
G_good,2903001,5,63,2.953414,1,0,0.001296,2.434957,1
G_good,2903001,6,8,3.707796,1,0,0.000268,0.619019,1
G_good,2903001,6,31,3.655131,0,1,0.001562,0.57493,1
G_good,2903001,6,37,3.199723,0,1,0.0,1.32,1
G_good,2903001,7,29,3.188756,0,1,0.0,1.346585,1
G_good,2903001,7,38,4.198934,0,1,0.00326,0.213176,0
G_good,2903001,7,57,3.016055,0,1,0.000471,1.841594,1
G_good,2903001,8,37,3.657322,0,1,0.0,0.574436,1
G_good,2903001,8,61,3.273123,0,1,0.001776,1.150994,1
G_good,2903001,9,10,4.133386,0,1,0.0,0.241729,0
G_good,2903001,9,36,4.154907,0,1,0.0,0.232453,0
G_good,2903001,9,51,3.380041,0,1,0.0,0.951021,1
G_good,2903001,9,53,3.214098,0,1,0.0027,1.279022,1
G_good,2903001,10,23,3.563696,0,1,0.000325,0.680595,1
G_good,2903001,10,26,3.496376,0,1,0.0,0.769713,1
G_good,2903001,11,41,3.463466,0,1,0.000407,0.81651,1
G_good,2903001,12,19,3.977318,0,1,0.0,0.321044,0
G_good,2903001,12,20,3.49919,0,1,0.0,0.765785,1
G_good,2903001,12,46,3.55051,0,1,0.001697,0.6952,1
G_good,2903001,13,35,4.174074,0,1,0.0,0.224492,0
G_good,2903001,14,28,3.44374,1,0,0.0,1.00102,1
G_good,2903001,15,40,3.657977,0,1,0.0,0.573753,1
G_good,2903001,15,49,3.828433,1,0,0.000202,0.497168,1
G_good,2903001,16,22,3.166573,1,0,0.003392,1.645717,1
G_good,2903001,16,52,3.357377,1,0,0.002941,1.164347,1
G_good,2903001,17,48,3.230673,0,1,0.0,1.247771,1
G_good,2903001,17,58,3.928566,0,1,6e-06,0.350796,1
G_good,2903001,18,39,3.972963,0,1,0.0,0.323596,0
G_good,2903001,18,42,3.670571,0,1,0.001863,0.558678,1
G_good,2903001,18,57,4.15143,0,1,0.000259,0.233806,0
G_good,2903001,19,20,3.02077,1,0,0.0,2.159886,1
G_good,2903001,19,41,3.85872,1,0,0.001588,0.469228,1
G_good,2903001,19,58,2.932526,1,0,0.00256,2.522823,1
G_good,2903001,20,29,3.780736,0,1,0.003302,0.455956,1
G_good,2903001,20,58,2.881028,0,1,0.003036,2.342003,1
G_good,2903001,21,40,3.644742,0,1,0.000788,0.586801,1
G_good,2903001,21,52,3.766566,0,1,0.00125,0.469779,1
G_good,2903001,22,52,3.480215,1,0,0.001642,0.933716,1
G_good,2903001,22,61,3.51264,0,1,0.0,0.747286,1
G_good,2903001,23,26,4.193631,1,0,1.6e-05,0.256032,0
G_good,2903001,23,60,4.075911,0,1,0.000392,0.268147,0
G_good,2903001,24,43,3.372319,1,0,0.0,1.139826,1
G_good,2903001,24,45,3.764932,0,1,0.0,0.472356,1
G_good,2903001,24,47,3.542172,0,1,0.0,0.708219,1
G_good,2903001,25,50,4.060264,1,0,0.0,0.326301,0
G_good,2903001,25,51,3.789497,1,0,0.004323,0.529259,1
G_good,2903001,26,38,3.398962,0,1,0.0,0.918861,1
G_good,2903001,27,54,3.179072,1,0,7.6e-05,1.61944,1
G_good,2903001,28,47,3.097668,1,0,0.0,1.878063,1
G_good,2903001,30,53,3.690044,0,1,0.0,0.541257,1
G_good,2903001,32,49,2.964319,0,1,0.00337,2.011535,1
G_good,2903001,32,63,3.378097,1,0,0.0,1.127914,1
G_good,2903001,33,60,3.444997,0,1,0.0,0.845083,1
G_good,2903001,34,42,3.564296,0,1,0.000687,0.679362,1
G_good,2903001,34,63,3.903937,0,1,0.000904,0.366204,1
G_good,2903001,36,46,3.485141,1,0,0.001926,0.924866,1
G_good,2903001,36,53,4.114582,0,1,0.0,0.250137,0
G_good,2903001,39,52,3.485098,1,0,0.000693,0.927221,1
G_good,2903001,39,54,3.814807,1,0,0.002788,0.50701,1
G_good,2903001,41,47,3.784964,0,1,0.0,0.455462,1
G_good,2903001,42,63,3.344795,1,0,0.000758,1.196501,1
G_good,2903001,43,47,3.804621,0,1,0.0,0.439471,1
G_good,2903001,43,59,2.887415,0,1,0.0,2.329061,1
G_good,2903001,46,53,3.019426,0,1,0.003545,1.819122,1
G_good,2903001,47,59,4.124025,0,1,0.0,0.245879,0
G_good,2903001,48,57,3.094798,0,1,0.003178,1.587322,1
G_good,2903001,48,59,3.910267,1,0,0.000452,0.428221,1
G_good,2903001,52,54,3.751811,0,1,0.0,0.483761,1
G_good,2903001,55,60,3.209257,0,1,0.0,1.297316,1
G_good,2903001,61,63,3.549192,0,1,0.00409,0.693541,1
G_good,2903002,0,20,4.024978,0,1,0.0,0.294395,0
G_good,2903002,1,41,3.506811,0,1,0.0,0.755247,1
G_good,2903002,1,50,3.776225,1,0,0.003157,0.543453,1
G_good,2903002,2,40,3.470005,1,0,0.000732,0.952944,1
G_good,2903002,2,48,3.719931,1,0,0.001329,0.604227,1
G_good,2903002,2,60,3.447547,0,1,0.002836,0.836416,1
G_good,2903002,3,35,3.611509,0,1,0.004133,0.619195,1
G_good,2903002,5,27,3.577205,0,1,0.000351,0.664048,1
G_good,2903002,5,52,3.781014,1,0,0.000909,0.541169,1
G_good,2903002,5,59,3.358903,1,0,0.000914,1.165838,1
G_good,2903002,6,12,3.880427,1,0,0.0,0.452504,1
G_good,2903002,6,42,2.860267,0,1,0.0,2.446908,1
G_good,2903002,7,26,3.554905,1,0,0.001097,0.816038,1
G_good,2903002,7,32,3.880255,1,0,0.0,0.452646,1
G_good,2903002,7,48,4.074675,0,1,0.0,0.268961,0
G_good,2903002,7,56,3.759437,0,1,0.0002,0.476908,1
G_good,2903002,8,20,2.915033,1,0,0.000269,2.616314,1
G_good,2903002,9,19,2.957799,0,1,0.0,2.049291,1
G_good,2903002,9,37,3.725389,1,0,0.001671,0.597851,1
G_good,2903002,9,46,3.563852,0,1,0.0,0.680845,1
G_good,2903002,10,33,3.88371,0,1,0.0,0.38061,1
G_good,2903002,10,43,4.037217,0,1,0.000855,0.287425,0
G_good,2903002,10,48,3.826229,0,1,0.001238,0.421496,1
G_good,2903002,10,62,3.074543,1,0,0.0,1.958709,1
G_good,2903002,11,29,3.432091,1,0,0.0,1.022448,1
G_good,2903002,11,42,4.196503,0,1,0.0,0.215521,0
G_good,2903002,11,63,3.119013,0,1,0.001453,1.524204,1
G_good,2903002,12,58,3.500878,1,0,0.0,0.902245,1
G_good,2903002,13,51,3.827477,1,0,0.0,0.498234,1
G_good,2903002,14,49,4.118307,1,0,0.000478,0.29334,0
G_good,2903002,14,61,3.93816,1,0,0.0,0.407413,1
G_good,2903002,15,18,3.484782,0,1,0.001982,0.783001,1
G_good,2903002,15,25,3.248478,0,1,0.002276,1.202539,1
G_good,2903002,15,43,3.880502,0,1,0.000361,0.38256,1
G_good,2903002,15,49,3.672738,0,1,0.001061,0.557375,1
G_good,2903002,15,52,4.068757,0,1,0.0,0.271871,0
G_good,2903002,16,49,3.176045,0,1,0.0,1.378068,1
G_good,2903002,17,52,3.241955,1,0,0.002025,1.438859,1
G_good,2903002,18,25,3.240379,0,1,0.0,1.225945,1
G_good,2903002,18,38,4.177569,0,1,0.002216,0.222084,0
G_good,2903002,18,49,3.52802,0,1,0.0,0.726678,1
G_good,2903002,18,52,3.222404,0,1,0.0,1.266674,1
G_good,2903002,19,46,2.921618,0,1,0.003201,2.174663,1
G_good,2903002,19,57,3.748139,1,0,0.001716,0.573575,1
G_good,2903002,21,55,3.856311,1,0,0.0,0.472787,1
G_good,2903002,22,38,3.968087,1,0,0.000757,0.385254,1
G_good,2903002,24,45,4.17223,1,0,0.002019,0.265127,0
G_good,2903002,24,46,3.600183,1,0,0.000172,0.752941,1
G_good,2903002,25,52,3.086903,0,1,0.0,1.62054,1
G_good,2903002,26,61,3.210838,1,0,0.0,1.528789,1
G_good,2903002,28,42,3.741374,0,1,0.0,0.493029,1
G_good,2903002,28,48,3.951774,1,0,0.000498,0.397057,1
G_good,2903002,28,62,2.905684,0,1,0.0,2.252969,1
G_good,2903002,29,39,3.202135,1,0,0.0,1.553174,1
G_good,2903002,31,41,3.788928,1,0,0.0,0.534408,1
G_good,2903002,32,48,3.625435,1,0,0.0,0.719401,1
G_good,2903002,32,56,3.762535,0,1,0.0,0.47442,1
G_good,2903002,33,40,3.536853,0,1,0.0,0.715101,1
G_good,2903002,34,57,3.224197,0,1,0.0,1.262551,1
G_good,2903002,34,58,2.91689,1,0,0.0,2.608896,1
G_good,2903002,36,51,3.697318,0,1,0.000294,0.533832,1
G_good,2903002,37,46,3.14776,0,1,0.000111,1.450471,1
G_good,2903002,39,54,3.987078,1,0,0.003825,0.369901,1
G_good,2903002,41,53,3.187727,0,1,0.002713,1.341805,1
G_good,2903002,41,58,3.114454,0,1,0.0,1.541362,1
G_good,2903002,42,62,4.086101,0,1,0.0,0.263431,0
G_good,2903002,43,46,3.630899,0,1,0.003328,0.598709,1
G_good,2903002,43,49,3.221402,0,1,0.0,1.268983,1
G_good,2903002,44,50,3.569294,0,1,0.0,0.674142,1
G_good,2903002,44,59,2.965406,0,1,0.00271,2.010218,1
G_good,2903002,45,47,3.179386,0,1,0.000163,1.369277,1
G_good,2903002,45,55,3.923122,0,1,0.002517,0.352511,1
G_good,2903002,45,56,3.644778,1,0,0.003085,0.690268,1
G_good,2903002,46,57,3.149742,1,0,0.0,1.708405,1
G_good,2903002,47,55,3.426774,1,0,0.0,1.032379,1
G_good,2903002,47,56,3.631449,1,0,0.000829,0.710399,1
G_good,2903002,48,62,2.939111,0,1,0.000584,2.117642,1
G_good,2903002,51,61,3.762541,0,1,0.0,0.474415,1
G_good,2903002,53,63,3.07157,1,0,0.00164,1.962877,1
G_good,2903003,0,1,3.799205,0,1,0.0,0.44382,1
G_good,2903003,0,8,3.497381,0,1,0.001489,0.766023,1
G_good,2903003,0,60,3.583454,0,1,0.001751,0.654711,1
G_good,2903003,1,3,3.835449,0,1,0.0,0.415516,1
G_good,2903003,1,8,3.57535,0,1,0.004503,0.66078,1
G_good,2903003,1,26,3.729868,0,1,0.002037,0.501405,1
G_good,2903003,1,51,3.428485,0,1,0.0,0.870839,1
G_good,2903003,2,21,3.057621,0,1,0.001265,1.704839,1
G_good,2903003,2,39,4.120921,0,1,1e-06,0.24727,0
G_good,2903003,3,4,4.138162,1,0,0.002424,0.28184,0
G_good,2903003,3,23,4.036168,0,1,0.001238,0.287753,0
G_good,2903003,3,57,3.555438,0,1,0.0,0.691341,1
G_good,2903003,4,23,3.692289,0,1,0.002382,0.53649,1
G_good,2903003,4,24,4.115773,0,1,0.0,0.249596,0
G_good,2903003,4,43,3.865948,0,1,0.0,0.393102,1
G_good,2903003,5,47,3.747913,0,1,0.000327,0.486882,1
G_good,2903003,6,20,2.884105,1,0,0.003527,2.749676,1
G_good,2903003,6,29,3.265728,0,1,0.002112,1.165789,1
G_good,2903003,6,30,3.104707,0,1,0.002768,1.560261,1
G_good,2903003,6,58,2.893471,0,1,0.001202,2.298025,1
G_good,2903003,7,31,3.860943,1,0,0.001069,0.467821,1
G_good,2903003,7,41,2.937307,0,1,0.0,2.127084,1
G_good,2903003,7,52,3.017929,0,1,0.0,1.83706,1
G_good,2903003,8,17,3.20035,1,0,0.00098,1.555171,1
G_good,2903003,8,26,3.911996,0,1,0.00036,0.36127,1
G_good,2903003,8,55,3.978967,0,1,0.0,0.320083,0
G_good,2903003,9,15,2.891434,0,1,0.0,2.312104,1
G_good,2903003,9,19,3.613568,0,1,0.0,0.622001,1
G_good,2903003,9,42,4.105476,1,0,0.003934,0.298196,0
G_good,2903003,9,49,4.054129,0,1,0.0,0.279198,0
G_good,2903003,10,29,3.728015,0,1,0.003313,0.501814,1
G_good,2903003,10,31,3.603613,1,0,0.0,0.748518,1
G_good,2903003,10,36,2.889301,1,0,0.001878,2.732823,1
G_good,2903003,11,16,4.114423,0,1,0.0,0.250209,0
G_good,2903003,11,20,2.972792,1,0,0.0,2.356761,1
G_good,2903003,12,25,4.18079,0,1,5e-06,0.221765,0
G_good,2903003,12,32,2.861312,1,0,0.000443,2.883756,1
G_good,2903003,12,53,3.259912,1,0,0.001474,1.394178,1
G_good,2903003,12,59,4.135757,0,1,0.0,0.24069,0
G_good,2903003,13,14,3.216108,0,1,0.002836,1.274009,1
G_good,2903003,13,53,3.786468,0,1,0.001007,0.453304,1
G_good,2903003,14,34,3.767747,0,1,0.0,0.469945,1
G_good,2903003,14,40,3.430346,1,0,0.0,1.025695,1
G_good,2903003,14,53,3.725989,1,0,0.001508,0.597395,1
G_good,2903003,15,19,3.205535,0,1,0.0,1.306125,1
G_good,2903003,15,49,3.633479,0,1,0.001836,0.597686,1
G_good,2903003,16,21,3.310169,0,1,0.0,1.079848,1
G_good,2903003,17,51,3.588561,0,1,0.0,0.650934,1
G_good,2903003,17,55,2.925377,0,1,0.0,2.173727,1
G_good,2903003,17,62,3.982218,1,0,0.0,0.37605,1
G_good,2903003,18,56,3.824358,0,1,0.000603,0.423469,1
G_good,2903003,18,60,3.638398,0,1,0.0,0.594545,1
G_good,2903003,18,63,3.991316,0,1,0.000409,0.31272,0
G_good,2903003,19,32,3.957105,0,1,0.000223,0.332914,0
G_good,2903003,19,42,3.394949,1,0,0.000644,1.092469,1
G_good,2903003,19,50,3.232551,0,1,0.001691,1.23932,1
G_good,2903003,20,29,3.327525,0,1,0.000686,1.04487,1
G_good,2903003,20,30,3.325325,0,1,0.0,1.050498,1
G_good,2903003,20,58,4.134408,0,1,0.002519,0.240068,0
G_good,2903003,21,48,4.139915,1,0,0.0,0.282309,0
G_good,2903003,21,62,3.822487,1,0,0.003871,0.498898,1
G_good,2903003,21,63,3.379246,0,1,0.0004,0.951634,1
G_good,2903003,22,35,4.181023,0,1,0.0,0.221674,0
G_good,2903003,22,51,3.900746,0,1,0.002688,0.367023,1
G_good,2903003,22,63,3.310844,0,1,0.00015,1.078201,1
G_good,2903003,23,24,3.479943,1,0,0.00295,0.931737,1
G_good,2903003,23,27,3.591031,0,1,0.000714,0.647093,1
G_good,2903003,23,61,3.366919,0,1,0.0,0.973983,1
G_good,2903003,24,27,3.409436,1,0,0.002105,1.060966,1
G_good,2903003,24,55,3.652785,0,1,0.003504,0.57515,1
G_good,2903003,25,26,3.046317,0,1,0.0,1.744648,1
G_good,2903003,25,53,3.222159,0,1,0.001384,1.263735,1
G_good,2903003,25,57,4.063859,0,1,0.001513,0.273474,0
G_good,2903003,26,45,4.161615,0,1,0.000732,0.2293,0
G_good,2903003,26,51,3.038993,0,1,0.0,1.768035,1
G_good,2903003,27,61,3.282737,0,1,0.0,1.135074,1
G_good,2903003,28,43,3.684494,0,1,0.000596,0.546096,1
G_good,2903003,28,48,4.156167,0,1,0.0,0.231921,0
G_good,2903003,29,30,3.486837,0,1,0.0,0.78318,1
G_good,2903003,29,58,3.520418,1,0,0.00359,0.864525,1
G_good,2903003,30,34,3.529271,0,1,0.0,0.725027,1
G_good,2903003,30,38,4.194234,0,1,9e-06,0.216409,0
G_good,2903003,31,39,3.052834,1,0,0.0,2.037567,1
G_good,2903003,31,52,3.012138,0,1,0.00016,1.855911,1
G_good,2903003,33,34,4.158151,0,1,0.001154,0.230554,0
G_good,2903003,33,47,3.39612,0,1,0.0,0.923621,1
G_good,2903003,33,56,3.298411,1,0,0.0,1.303762,1
G_good,2903003,34,40,4.110208,1,0,0.005006,0.295008,0
G_good,2903003,34,59,3.199871,0,1,0.0,1.319646,1
G_good,2903003,36,54,4.060469,1,0,0.0,0.32618,0
G_good,2903003,37,49,3.040686,1,0,0.000288,2.081874,1
G_good,2903003,39,49,3.990992,0,1,0.0,0.31316,0
G_good,2903003,39,52,2.901593,1,0,0.0,2.682475,1
G_good,2903003,41,55,3.529015,1,0,0.000662,0.856116,1
G_good,2903003,41,62,2.896941,0,1,0.000339,2.287516,1
G_good,2903003,46,50,3.213213,1,0,0.0,1.522202,1
G_good,2903003,51,57,3.516648,1,0,0.000522,0.875827,1
G_good,2903003,55,62,3.453895,0,1,0.000378,0.830893,1
G_good,2903003,57,61,2.947291,0,1,0.002492,2.078435,1
G_good,2903004,0,16,3.501719,0,1,0.00087,0.760947,1
G_good,2903004,0,60,3.144752,0,1,0.001799,1.453509,1
G_good,2903004,1,38,3.362896,0,1,0.0,0.981135,1
G_good,2903004,2,12,3.86803,0,1,0.001322,0.390583,1
G_good,2903004,2,49,3.96526,0,1,0.0,0.32816,0
G_good,2903004,3,7,3.054751,0,1,0.0,1.718098,1
G_good,2903004,3,12,3.353333,1,0,0.000571,1.178511,1
G_good,2903004,3,37,3.515247,0,1,0.0,0.743752,1
G_good,2903004,3,38,3.541918,0,1,0.000427,0.70794,1
G_good,2903004,4,48,3.211338,0,1,0.001683,1.288073,1
G_good,2903004,4,60,2.995902,0,1,0.0,1.912127,1
G_good,2903004,5,18,3.707485,1,0,0.0,0.619701,1
G_good,2903004,5,35,3.411312,0,1,7.3e-05,0.898327,1
G_good,2903004,5,53,4.13105,1,0,0.0,0.286896,0
G_good,2903004,6,33,3.84884,1,0,0.0,0.479253,1
G_good,2903004,6,35,4.092096,1,0,0.004317,0.305305,0
G_good,2903004,6,36,3.064411,0,1,0.0,1.688186,1
G_good,2903004,6,42,3.589778,1,0,0.0,0.767587,1
G_good,2903004,7,10,3.461187,0,1,0.0,0.820569,1
G_good,2903004,7,37,3.438942,0,1,0.0,0.854438,1
G_good,2903004,7,38,3.236565,1,0,0.000215,1.458298,1
G_good,2903004,8,11,4.012681,0,1,0.0,0.301052,0
G_good,2903004,8,47,4.094121,0,1,0.00419,0.25745,0
G_good,2903004,8,50,3.023264,0,1,0.0,1.819325,1
G_good,2903004,9,32,3.344563,0,1,0.0,1.014389,1
G_good,2903004,9,39,3.558828,0,1,0.0,0.687093,1
G_good,2903004,9,52,3.490633,0,1,0.0,0.777793,1
G_good,2903004,11,28,4.174952,1,0,0.00043,0.264658,0
G_good,2903004,11,53,3.048708,1,0,0.002636,2.042114,1
G_good,2903004,12,33,3.830442,1,0,0.000897,0.494667,1
G_good,2903004,12,37,3.272103,0,1,0.0,1.157234,1
G_good,2903004,13,20,3.677816,0,1,0.00011,0.553304,1
G_good,2903004,13,54,4.03715,1,0,0.0,0.340306,0
G_good,2903004,14,44,3.33874,1,0,0.0,1.211583,1
G_good,2903004,14,45,3.051333,0,1,0.001346,1.724159,1
G_good,2903004,15,20,3.281475,0,1,0.000739,1.136002,1
G_good,2903004,15,40,3.979094,1,0,0.000966,0.377463,1
G_good,2903004,15,63,2.898791,1,0,0.0,2.696178,1
G_good,2903004,16,51,3.103054,1,0,0.000233,1.858894,1
G_good,2903004,16,55,3.528302,0,1,0.001172,0.724606,1
G_good,2903004,17,19,3.750277,0,1,0.000365,0.484758,1
G_good,2903004,17,23,3.082395,1,0,0.0,1.930945,1
G_good,2903004,17,28,4.186868,0,1,0.003867,0.21764,0
G_good,2903004,17,30,3.303808,1,0,0.000595,1.289494,1
G_good,2903004,18,19,3.143251,0,1,0.0,1.462735,1
G_good,2903004,18,22,3.388869,1,0,0.0,1.106037,1
G_good,2903004,18,35,3.71635,0,1,0.0,0.515979,1
G_good,2903004,18,36,3.932092,0,1,0.0,0.348559,0
G_good,2903004,18,58,3.19617,0,1,0.002143,1.322873,1
G_good,2903004,19,22,3.536148,1,0,0.001333,0.84395,1
G_good,2903004,19,30,2.987186,0,1,0.0,1.942671,1
G_good,2903004,19,58,4.019874,0,1,0.0,0.29714,0
G_good,2903004,20,55,3.858727,0,1,0.001038,0.397471,1
G_good,2903004,21,63,3.983929,0,1,0.001001,0.316574,0
G_good,2903004,22,36,3.963953,0,1,0.0,0.328941,0
G_good,2903004,22,39,2.89604,0,1,0.0,2.292823,1
G_good,2903004,22,58,3.217188,0,1,0.004378,1.267594,1
G_good,2903004,23,28,3.684186,0,1,0.003018,0.543761,1
G_good,2903004,23,47,3.329311,1,0,0.000432,1.231468,1
G_good,2903004,24,40,3.134977,1,0,0.001088,1.751075,1
G_good,2903004,24,43,3.375203,0,1,0.0,0.959424,1
G_good,2903004,25,27,2.953443,0,1,0.0,2.065586,1
G_good,2903004,25,42,3.697889,0,1,0.002476,0.530955,1
G_good,2903004,25,48,3.287148,1,0,0.0,1.330735,1
G_good,2903004,25,61,3.88454,0,1,0.001701,0.378745,1
G_good,2903004,26,48,3.143027,0,1,0.0,1.46333,1
G_good,2903004,26,61,3.135916,1,0,0.003365,1.740147,1
G_good,2903004,27,29,3.906044,1,0,0.0,0.431912,1
G_good,2903004,27,48,2.886181,1,0,0.0,2.758707,1
G_good,2903004,27,60,3.791842,0,1,0.001211,0.448713,1
G_good,2903004,30,46,3.49607,1,0,0.001204,0.907979,1
G_good,2903004,32,56,3.194596,1,0,0.001203,1.570827,1
G_good,2903004,32,62,3.670894,1,0,0.001899,0.65982,1
G_good,2903004,33,40,3.994262,0,1,0.001044,0.310655,0
G_good,2903004,33,52,3.848478,1,0,0.000286,0.479294,1
G_good,2903004,34,43,3.730488,1,0,0.001948,0.592006,1
G_good,2903004,34,56,3.21561,1,0,0.0,1.515585,1
G_good,2903004,34,57,3.900209,1,0,0.0,0.436518,1
G_good,2903004,39,58,2.881848,0,1,0.003305,2.337255,1
G_good,2903004,41,48,3.266589,1,0,0.0,1.38142,1
G_good,2903004,41,50,4.031492,0,1,0.002061,0.289733,0
G_good,2903004,42,59,3.922842,1,0,0.0,0.41892,1
G_good,2903004,43,63,3.716494,0,1,0.002416,0.513357,1
G_good,2903004,45,49,4.012328,1,0,0.001171,0.355183,1
G_good,2903004,46,62,4.061003,1,0,0.000855,0.325306,0
G_good,2903004,47,50,3.850936,1,0,0.003342,0.474249,1
G_good,2903004,51,53,4.061232,0,1,0.000198,0.275506,0
G_good,2903004,54,63,3.97115,0,1,0.0,0.324665,0
G_good,2903004,56,62,3.758771,0,1,0.001401,0.476341,1
G_good,2903005,0,1,3.11568,0,1,0.0,1.537931,1
G_good,2903005,0,9,3.951988,0,1,0.000156,0.33607,0
G_good,2903005,0,35,4.17838,0,1,0.0,0.222741,0
G_good,2903005,0,57,3.347687,0,1,0.0,1.008644,1
G_good,2903005,0,58,3.151512,0,1,0.000265,1.440165,1
G_good,2903005,1,38,4.178028,1,0,0.003518,0.261562,0
G_good,2903005,1,46,2.918669,0,1,0.0,2.2004,1
G_good,2903005,1,57,3.984163,1,0,0.0,0.374723,1
G_good,2903005,1,58,3.733268,0,1,0.00069,0.499659,1
G_good,2903005,2,25,3.100171,0,1,0.0,1.581915,1
G_good,2903005,2,46,3.480731,0,1,0.0,0.791922,1
G_good,2903005,2,58,3.752568,1,0,0.000493,0.570368,1
G_good,2903005,2,61,3.282378,0,1,0.0,1.135814,1
G_good,2903005,3,23,2.999269,1,0,0.001636,2.238654,1
G_good,2903005,3,35,3.627792,1,0,0.0,0.716325,1
G_good,2903005,3,43,3.691299,0,1,0.000137,0.539875,1
G_good,2903005,3,52,3.500521,0,1,0.000272,0.763518,1
G_good,2903005,3,57,3.85092,0,1,0.000812,0.403335,1
G_good,2903005,4,22,3.529185,0,1,0.0,0.725141,1
G_good,2903005,4,23,3.056209,1,0,0.0,2.025104,1
G_good,2903005,4,26,3.420681,1,0,0.0,1.04388,1
G_good,2903005,4,46,3.196785,1,0,0.0,1.568356,1
G_good,2903005,5,15,3.762257,1,0,0.0,0.560962,1
G_good,2903005,6,63,3.831187,1,0,0.002183,0.492728,1
G_good,2903005,7,9,4.034155,0,1,0.0,0.289524,0
G_good,2903005,7,31,3.895397,0,1,0.0,0.372607,1
G_good,2903005,7,58,3.256759,1,0,0.0,1.406332,1
G_good,2903005,8,19,3.993733,0,1,0.001446,0.310704,0
G_good,2903005,8,53,3.121343,1,0,0.0,1.798935,1
G_good,2903005,9,10,3.47726,0,1,0.000718,0.795792,1
G_good,2903005,9,35,3.876326,0,1,0.000386,0.385456,1
G_good,2903005,10,52,3.267891,0,1,0.0,1.16613,1
G_good,2903005,11,15,2.877264,1,0,0.0,2.803799,1
G_good,2903005,11,21,3.623067,0,1,0.000522,0.610713,1
G_good,2903005,11,31,3.718831,0,1,0.001047,0.512582,1
G_good,2903005,12,45,4.066061,0,1,0.0,0.273206,0
G_good,2903005,13,42,3.831677,0,1,0.001508,0.417116,1
G_good,2903005,13,50,4.097985,1,0,0.001032,0.304044,0
G_good,2903005,13,55,3.969845,0,1,0.000658,0.325008,0
G_good,2903005,14,29,3.848438,0,1,0.001098,0.404928,1
G_good,2903005,14,44,3.993286,0,1,0.0,0.311857,0
G_good,2903005,15,21,3.531015,1,0,0.0,0.854137,1
G_good,2903005,17,26,4.134605,0,1,0.000443,0.240981,0
G_good,2903005,17,38,3.804188,1,0,0.0,0.519784,1
G_good,2903005,17,40,3.240452,1,0,0.002261,1.442115,1
G_good,2903005,17,49,3.721087,0,1,0.0,0.511554,1
G_good,2903005,19,36,4.125641,1,0,0.0,0.289732,0
G_good,2903005,19,53,3.172497,0,1,0.001716,1.382233,1
G_good,2903005,19,63,3.34121,0,1,0.0,1.020591,1
G_good,2903005,20,53,4.139972,0,1,0.000488,0.238619,0
G_good,2903005,21,34,3.918835,0,1,0.000281,0.356862,1
G_good,2903005,21,42,3.752566,1,0,0.001203,0.569561,1
G_good,2903005,22,26,3.289325,0,1,0.000525,1.12038,1
G_good,2903005,22,33,3.795595,0,1,0.000196,0.446568,1
G_good,2903005,22,41,4.091929,1,0,0.0,0.308046,0
G_good,2903005,22,43,4.022567,0,1,0.000911,0.29515,0
G_good,2903005,22,48,3.982407,0,1,0.00024,0.317935,0
G_good,2903005,22,60,3.007385,0,1,0.0,1.872618,1
G_good,2903005,23,47,3.934563,0,1,0.0,0.346997,0
G_good,2903005,24,25,2.936171,1,0,0.0,2.519025,1
G_good,2903005,26,46,4.117546,1,0,0.000412,0.293785,0
G_good,2903005,26,60,3.674459,0,1,0.0,0.556813,1
G_good,2903005,27,30,3.991393,1,0,0.001137,0.368989,1
G_good,2903005,27,47,2.87142,0,1,0.0,2.397789,1
G_good,2903005,27,58,3.375713,1,0,0.002931,1.126193,1
G_good,2903005,28,49,3.910893,0,1,0.0,0.362256,1
G_good,2903005,28,54,4.129797,1,0,0.0,0.28755,0
G_good,2903005,28,61,3.073469,0,1,0.000276,1.659693,1
G_good,2903005,29,44,3.306313,0,1,0.000517,1.086323,1
G_good,2903005,29,53,3.677168,0,1,0.00037,0.553668,1
G_good,2903005,30,50,3.080689,0,1,0.0,1.638952,1
G_good,2903005,32,34,3.47105,0,1,0.001449,0.803653,1
G_good,2903005,33,40,3.22665,1,0,0.00104,1.482378,1
G_good,2903005,33,41,2.958846,1,0,0.00336,2.401094,1
G_good,2903005,35,52,3.317994,1,0,0.001407,1.254621,1
G_good,2903005,35,57,4.190013,0,1,0.000639,0.217801,0
G_good,2903005,36,48,4.050977,0,1,0.00023,0.280674,0
G_good,2903005,36,62,3.266259,0,1,0.0,1.169596,1
G_good,2903005,36,63,3.109569,1,0,0.0,1.837861,1
G_good,2903005,37,62,3.880822,0,1,0.0,0.382613,1
G_good,2903005,39,41,3.456936,1,0,0.0,0.977288,1
G_good,2903005,39,59,3.90703,0,1,0.0,0.364809,1
G_good,2903005,42,45,4.033337,0,1,0.0,0.289955,0
G_good,2903005,42,49,3.823469,0,1,0.0,0.424666,1
G_good,2903005,43,48,3.427173,0,1,0.000287,0.872417,1
G_good,2903005,43,57,2.905773,0,1,0.001776,2.244618,1
G_good,2903005,46,58,4.026148,1,0,0.0,0.347182,0
G_good,2903005,48,60,3.867514,0,1,0.0,0.391984,1
G_good,2903005,48,62,3.064327,0,1,0.0,1.688442,1
G_good,2903005,49,63,3.227636,0,1,0.001417,1.25113,1
G_good,2903005,51,52,4.109706,0,1,0.0,0.252364,0
G_good,2903006,0,1,4.043465,1,0,0.000265,0.336243,0
G_good,2903006,0,20,3.986559,0,1,0.004757,0.312706,0
G_good,2903006,0,41,4.06361,1,0,0.0,0.324322,0
G_good,2903006,1,39,3.019198,1,0,0.0,2.166068,1
G_good,2903006,2,8,3.380206,1,0,0.0,1.123597,1
G_good,2903006,2,20,4.175639,0,1,0.00146,0.223201,0
G_good,2903006,2,57,4.001631,0,1,0.0,0.307161,0
G_good,2903006,3,7,3.385416,0,1,0.000783,0.940298,1
G_good,2903006,3,49,3.514938,0,1,0.0,0.74417,1
G_good,2903006,3,51,3.50942,1,0,0.0,0.888341,1
G_good,2903006,3,53,2.882937,0,1,0.0,2.348101,1
G_good,2903006,5,14,4.149537,0,1,0.0,0.234734,0
G_good,2903006,5,30,3.122994,1,0,0.001234,1.789121,1
G_good,2903006,5,51,4.034018,1,0,0.000178,0.342128,0
G_good,2903006,5,59,3.814107,1,0,0.0,0.510495,1
G_good,2903006,7,45,3.933516,1,0,0.005266,0.406563,1
G_good,2903006,7,46,4.028443,0,1,0.000779,0.292091,0
G_good,2903006,7,49,3.212354,1,0,0.0,1.524581,1
G_good,2903006,7,51,3.402517,1,0,0.0,1.078929,1
G_good,2903006,8,15,3.820127,0,1,0.000451,0.42687,1
G_good,2903006,8,21,4.177564,0,1,0.0,0.223072,0
G_good,2903006,9,43,3.658238,1,0,0.001942,0.675122,1
G_good,2903006,10,23,2.944081,0,1,0.0,2.101045,1
G_good,2903006,10,35,3.250207,1,0,0.002432,1.41628,1
G_good,2903006,11,17,4.075453,0,1,0.002255,0.267372,0
G_good,2903006,11,22,3.781883,1,0,0.000114,0.541174,1
G_good,2903006,11,52,3.723418,1,0,0.001219,0.600541,1
G_good,2903006,12,15,3.342075,0,1,0.00176,1.015408,1
G_good,2903006,12,29,3.929875,1,0,0.0,0.413597,1
G_good,2903006,12,42,3.960888,1,0,9e-05,0.390851,1
G_good,2903006,12,47,4.013723,0,1,0.0,0.300482,0
G_good,2903006,12,62,3.288655,0,1,0.000407,1.122013,1
G_good,2903006,13,27,3.696138,0,1,0.0,0.535293,1
G_good,2903006,13,54,3.82672,0,1,0.0,0.422164,1
G_good,2903006,14,21,2.906696,0,1,0.0,2.248828,1
G_good,2903006,14,61,3.641638,0,1,0.0,0.591052,1
G_good,2903006,15,29,3.068763,1,0,0.0,1.979404,1
G_good,2903006,16,49,3.982096,0,1,0.001056,0.317596,0
G_good,2903006,16,55,4.098349,0,1,0.001866,0.25667,0
G_good,2903006,17,37,3.536907,1,0,0.0,0.845037,1
G_good,2903006,18,25,3.280728,0,1,0.00232,1.133954,1
G_good,2903006,18,37,3.968211,0,1,0.00363,0.324043,0
G_good,2903006,18,44,3.473588,0,1,0.0,0.802275,1
G_good,2903006,19,20,3.433799,0,1,0.0,0.862465,1
G_good,2903006,19,34,3.122312,0,1,0.003495,1.508914,1
G_good,2903006,19,35,3.597377,0,1,0.0,0.640583,1
G_good,2903006,19,36,4.051839,0,1,0.0,0.280363,0
G_good,2903006,20,34,4.176723,1,0,0.000889,0.263565,0
G_good,2903006,20,41,3.09716,0,1,0.0,1.590598,1
G_good,2903006,21,33,4.008611,0,1,0.003015,0.301465,0
G_good,2903006,21,61,3.011502,1,0,0.0,2.196591,1
G_good,2903006,22,24,3.340525,0,1,0.002481,1.016805,1
G_good,2903006,22,43,3.368676,0,1,0.0,0.970877,1
G_good,2903006,23,34,4.197481,1,0,0.003674,0.252393,0
G_good,2903006,23,35,3.613045,1,0,0.0,0.735791,1
G_good,2903006,24,43,3.837012,0,1,0.0,0.414337,1
G_good,2903006,24,57,4.018549,0,1,0.0,0.297857,0
G_good,2903006,27,56,4.190493,1,0,0.001307,0.256834,0
G_good,2903006,27,58,3.636359,0,1,0.0,0.596753,1
G_good,2903006,28,40,4.115428,0,1,0.003057,0.24823,0
G_good,2903006,28,62,4.122033,1,0,0.0,0.291638,0
G_good,2903006,29,42,3.789289,1,0,0.0,0.534057,1
G_good,2903006,30,40,4.039208,0,1,0.002141,0.28565,0
G_good,2903006,30,62,3.92013,0,1,0.0,0.356223,1
G_good,2903006,31,56,3.645465,0,1,0.002978,0.583469,1
G_good,2903006,32,44,3.36315,1,0,0.0,1.158987,1
G_good,2903006,32,45,3.999836,1,0,0.000621,0.363743,1
G_good,2903006,35,36,3.906747,1,0,0.000521,0.430911,1
G_good,2903006,36,54,3.966156,0,1,0.0,0.327626,0
G_good,2903006,36,56,4.088907,1,0,0.0,0.309743,0
G_good,2903006,38,58,3.818009,0,1,0.001213,0.427863,1
G_good,2903006,38,59,3.644664,0,1,0.0,0.58781,1
G_good,2903006,38,60,3.204406,0,1,0.0,1.308809,1
G_good,2903006,39,40,4.136234,0,1,0.0,0.240481,0
G_good,2903006,39,62,3.540861,1,0,0.000899,0.837476,1
G_good,2903006,40,46,3.322835,0,1,0.0,1.055265,1
G_good,2903006,41,63,3.07007,0,1,0.003558,1.659057,1
G_good,2903006,44,45,3.276639,0,1,0.000667,1.146197,1
G_good,2903006,44,55,3.923447,0,1,0.003574,0.351559,1
G_good,2903006,45,46,3.231095,0,1,0.0,1.246814,1
G_good,2903006,45,51,3.710451,1,0,0.0,0.616368,1
G_good,2903006,45,55,4.049565,1,0,0.002436,0.331094,0
G_good,2903006,50,52,3.314288,0,1,0.000421,1.07089,1
G_good,2903006,58,60,4.196944,0,1,0.000109,0.215302,0
G_good,2903007,0,9,3.129785,1,0,8.8e-05,1.771223,1
G_good,2903007,0,25,3.122115,0,1,0.001054,1.516839,1
G_good,2903007,0,32,3.905834,0,1,0.0,0.365604,1
G_good,2903007,1,20,3.57529,0,1,0.0,0.666832,1
G_good,2903007,1,46,4.003079,1,0,0.000544,0.361661,1
G_good,2903007,1,54,3.060301,0,1,0.001537,1.695625,1
G_good,2903007,2,26,3.68547,0,1,0.0,0.545777,1
G_good,2903007,2,41,3.575473,0,1,0.000621,0.665783,1
G_good,2903007,2,49,4.115888,0,1,0.002107,0.248494,0
G_good,2903007,3,40,3.95622,0,1,0.0,0.333599,0
G_good,2903007,3,41,3.800113,0,1,0.002071,0.441257,1
G_good,2903007,4,6,3.519983,0,1,0.003969,0.731544,1
G_good,2903007,4,62,3.034868,0,1,0.0,1.781343,1
G_good,2903007,6,38,4.113166,0,1,0.003946,0.24881,0
G_good,2903007,6,62,3.884342,1,0,0.0,0.449295,1
G_good,2903007,7,14,3.864233,1,0,5.7e-05,0.465973,1
G_good,2903007,7,33,4.141921,0,1,0.002186,0.236969,0
G_good,2903007,7,43,3.07912,0,1,0.0,1.643635,1
G_good,2903007,7,47,3.845136,0,1,0.0,0.408262,1
G_good,2903007,8,44,3.648111,0,1,0.0,0.584138,1
G_good,2903007,8,57,4.112656,0,1,0.0,0.251014,0
G_good,2903007,10,16,3.834074,0,1,0.0,0.416556,1
G_good,2903007,11,31,3.407233,1,0,0.0,1.069719,1
G_good,2903007,11,34,3.826738,1,0,0.0,0.498904,1
G_good,2903007,12,37,4.187546,1,0,0.000169,0.258802,0
G_good,2903007,12,60,4.014445,0,1,0.000452,0.299817,0
G_good,2903007,13,15,4.009218,1,0,0.001796,0.356752,1
G_good,2903007,13,35,3.108201,0,1,0.0,1.558986,1
G_good,2903007,13,62,3.930928,0,1,0.000545,0.348917,0
G_good,2903007,14,43,3.704308,1,0,0.001087,0.621938,1
G_good,2903007,14,47,3.233939,0,1,0.001947,1.235564,1
G_good,2903007,16,50,3.927303,0,1,0.0,0.351607,1
G_good,2903007,16,51,3.882388,0,1,0.001974,0.380022,1
G_good,2903007,17,30,3.527508,0,1,0.001628,0.72499,1
G_good,2903007,17,36,3.285354,0,1,0.0,1.129686,1
G_good,2903007,17,54,3.052044,0,1,0.000654,1.724317,1
G_good,2903007,17,56,2.876849,0,1,0.001087,2.369081,1
G_good,2903007,18,24,3.921989,1,0,0.00175,0.418104,1
G_good,2903007,18,46,3.699633,0,1,0.003297,0.528406,1
G_good,2903007,18,50,3.980602,0,1,0.0,0.319133,0
G_good,2903007,20,60,3.881283,0,1,0.000493,0.381916,1
G_good,2903007,21,44,3.04997,1,0,0.0,2.048207,1
G_good,2903007,21,45,3.132726,1,0,0.0,1.762088,1
G_good,2903007,21,57,3.505573,0,1,0.0,0.75695,1
G_good,2903007,22,51,3.012304,0,1,0.001065,1.851996,1
G_good,2903007,23,28,3.69947,1,0,0.001452,0.626974,1
G_good,2903007,23,38,3.808951,0,1,0.0,0.436026,1
G_good,2903007,23,58,3.073521,1,0,0.000998,1.95844,1
G_good,2903007,24,36,3.516497,0,1,0.000445,0.741402,1
G_good,2903007,24,45,3.86005,1,0,0.001181,0.468475,1
G_good,2903007,24,46,4.144626,1,0,0.002088,0.278735,0
G_good,2903007,24,54,4.171775,1,0,0.0,0.26642,0
G_good,2903007,25,33,4.113415,0,1,0.0,0.250668,0
G_good,2903007,28,38,3.118412,0,1,0.000804,1.527853,1
G_good,2903007,29,40,3.948911,1,0,0.0,0.399527,1
G_good,2903007,29,61,3.50874,1,0,9.9e-05,0.889265,1
G_good,2903007,30,43,3.501007,1,0,0.001582,0.899185,1
G_good,2903007,30,56,3.545291,0,1,0.000994,0.702815,1
G_good,2903007,31,39,3.472342,1,0,0.0,0.950293,1
G_good,2903007,31,47,3.890938,0,1,0.0,0.375641,1
G_good,2903007,32,50,4.092897,0,1,0.0,0.260196,0
G_good,2903007,33,48,3.392046,0,1,0.0,0.930487,1
G_good,2903007,34,59,3.610822,0,1,0.0,0.625114,1
G_good,2903007,34,61,3.483893,0,1,0.000822,0.78609,1
G_good,2903007,34,63,3.807791,0,1,0.0,0.436946,1
G_good,2903007,35,58,3.02449,0,1,0.0,1.815275,1
G_good,2903007,36,54,3.669877,0,1,2.5e-05,0.561443,1
G_good,2903007,39,47,4.150443,1,0,0.0,0.276956,0
G_good,2903007,41,49,3.702777,0,1,0.0,0.528871,1
G_good,2903007,42,46,3.887533,0,1,0.000609,0.377513,1
G_good,2903007,43,56,2.897269,0,1,0.000132,2.287099,1
G_good,2903007,43,59,3.679401,1,0,0.0,0.652166,1
G_good,2903007,44,57,3.263277,0,1,0.000104,1.175708,1
G_good,2903007,45,57,3.712109,0,1,0.0,0.519973,1
G_good,2903007,46,50,3.266652,1,0,0.0,1.381262,1
G_good,2903007,48,53,3.816423,0,1,0.0012,0.429111,1
G_good,2903007,48,62,3.639157,0,1,9.8e-05,0.593609,1
G_good,2903007,52,58,3.208901,0,1,0.0,1.298156,1
G_good,2903007,53,55,3.597939,0,1,0.0,0.63993,1
G_good,2903007,55,61,3.763078,1,0,0.00076,0.559274,1
G_good,2903007,57,59,3.170004,0,1,0.0,1.393287,1
G_good,2903008,0,20,3.761501,0,1,0.0,0.475313,1
G_good,2903008,0,30,3.745626,0,1,0.0,0.489231,1
G_good,2903008,0,40,4.169485,1,0,0.002414,0.266243,0
G_good,2903008,0,50,4.05495,1,0,0.000397,0.329208,0
G_good,2903008,1,9,3.59715,1,0,0.0,0.757366,1
G_good,2903008,1,11,3.931349,1,0,0.004596,0.408716,1
G_good,2903008,1,38,4.056523,1,0,0.000209,0.328391,0
G_good,2903008,1,47,3.118017,0,1,0.0,1.531409,1
G_good,2903008,1,53,3.349363,1,0,0.0,1.188406,1
G_good,2903008,2,30,4.190056,0,1,0.0,0.218063,0
G_good,2903008,2,60,3.76687,1,0,0.001265,0.554871,1
G_good,2903008,3,8,4.026738,1,0,0.00032,0.346588,0
G_good,2903008,3,19,3.774636,0,1,0.0,0.464096,1
G_good,2903008,3,25,3.511667,0,1,0.003242,0.743771,1
G_good,2903008,4,18,3.357739,1,0,0.0,1.170446,1
G_good,2903008,4,22,3.274671,0,1,0.0,1.151843,1
G_good,2903008,5,16,3.747242,0,1,0.0,0.487796,1
G_good,2903008,5,42,3.424396,0,1,0.0,0.877337,1
G_good,2903008,5,48,3.145682,0,1,0.001756,1.451178,1
G_good,2903008,6,20,3.404266,0,1,0.001443,0.907419,1
G_good,2903008,6,32,3.6228,0,1,0.000739,0.610744,1
G_good,2903008,6,33,3.878819,0,1,0.0,0.38401,1
G_good,2903008,7,10,3.424405,0,1,0.0,0.877323,1
G_good,2903008,7,34,3.724739,1,0,0.0,0.600563,1
G_good,2903008,7,40,3.761714,0,1,0.000749,0.474418,1
G_good,2903008,7,42,4.038269,0,1,0.0,0.287366,0
G_good,2903008,7,50,3.847768,1,0,0.0,0.480188,1
G_good,2903008,8,19,3.461424,1,0,0.0,0.969346,1
G_good,2903008,8,53,3.804647,1,0,0.0,0.519351,1
G_good,2903008,9,47,3.039987,1,0,0.000713,2.082751,1
G_good,2903008,9,53,3.198087,0,1,0.000385,1.322914,1
G_good,2903008,9,54,3.787005,0,1,0.0,0.453775,1
G_good,2903008,10,12,3.772917,0,1,0.001817,0.46386,1
G_good,2903008,10,38,3.970296,1,0,0.0,0.384291,1
G_good,2903008,10,50,3.640121,0,1,0.00356,0.588479,1
G_good,2903008,11,24,3.323085,1,0,0.002353,1.240713,1
G_good,2903008,12,59,4.096064,0,1,0.001136,0.258115,0
G_good,2903008,13,43,3.369038,0,1,0.0,0.970238,1
G_good,2903008,13,60,2.967708,1,0,0.003584,2.361658,1
G_good,2903008,13,63,3.915083,0,1,0.0,0.359507,1
G_good,2903008,14,16,4.023646,1,0,0.0,0.348766,0
G_good,2903008,14,37,3.061375,0,1,0.000149,1.697021,1
G_good,2903008,15,57,3.317794,0,1,0.001228,1.062367,1
G_good,2903008,15,61,3.497259,1,0,0.0,0.908202,1
G_good,2903008,16,46,3.720809,0,1,0.0,0.511813,1
G_good,2903008,16,60,3.973354,0,1,0.00034,0.323146,0
G_good,2903008,17,35,4.072978,0,1,0.0,0.269792,0
G_good,2903008,17,38,3.864433,0,1,0.000396,0.393874,1
G_good,2903008,17,39,3.251413,0,1,0.00025,1.200996,1
G_good,2903008,17,56,3.986464,0,1,3.3e-05,0.315729,0
G_good,2903008,17,62,3.329763,0,1,0.0,1.042055,1
G_good,2903008,18,22,3.972642,1,0,0.003446,0.380027,1
G_good,2903008,18,36,3.925316,0,1,0.0,0.352879,1
G_good,2903008,18,52,3.091263,1,0,0.0,1.900061,1
G_good,2903008,18,59,3.281143,1,0,0.002782,1.337881,1
G_good,2903008,19,44,4.171901,1,0,0.0,0.266359,0
G_good,2903008,19,48,3.59682,1,0,0.001867,0.754997,1
G_good,2903008,20,21,3.048793,1,0,0.0,2.052592,1
G_good,2903008,20,33,3.52398,0,1,0.001635,0.729646,1
G_good,2903008,21,33,4.051003,1,0,0.0,0.331842,0
G_good,2903008,21,63,4.143926,1,0,0.000416,0.280024,0
G_good,2903008,22,46,4.119928,0,1,0.002691,0.246388,0
G_good,2903008,22,57,3.029001,0,1,0.0,1.800449,1
G_good,2903008,23,35,3.287936,0,1,0.0,1.124395,1
G_good,2903008,24,34,4.048283,1,0,0.00033,0.333267,0
G_good,2903008,25,37,3.176384,0,1,0.0,1.377219,1
G_good,2903008,26,63,3.828708,1,0,0.0,0.497121,1
G_good,2903008,27,30,3.299819,1,0,0.000185,1.299948,1
G_good,2903008,27,40,3.363618,1,0,0.0,1.158001,1
G_good,2903008,28,52,3.925846,0,1,0.0,0.35254,1
G_good,2903008,29,47,3.710478,0,1,0.00042,0.521079,1
G_good,2903008,31,46,2.94791,0,1,0.00024,2.08547,1
G_good,2903008,32,59,3.951055,0,1,0.000534,0.336387,0
G_good,2903008,33,41,3.030084,0,1,0.0,1.796907,1
G_good,2903008,33,55,3.938339,1,0,0.0,0.407281,1
G_good,2903008,36,60,3.92903,1,0,0.0,0.414233,1
G_good,2903008,38,56,3.388715,0,1,0.000309,0.935561,1
G_good,2903008,40,42,3.792025,0,1,0.000144,0.449523,1
G_good,2903008,45,59,3.877489,0,1,0.0,0.38494,1
G_good,2903008,47,61,3.860496,0,1,0.000629,0.396519,1
G_good,2903008,49,58,3.15311,1,0,0.001744,1.692065,1
G_good,2903008,55,62,3.149975,0,1,0.00363,1.43451,1
G_good,2903008,56,62,3.096955,1,0,0.0,1.8805,1
G_good,2903009,0,36,3.909897,1,0,0.0,0.428896,1
G_good,2903009,0,61,4.176579,1,0,0.0,0.264103,0
G_good,2903009,1,17,3.502325,0,1,0.000616,0.760496,1
G_good,2903009,1,41,2.894649,1,0,0.001028,2.71098,1
G_good,2903009,2,23,3.80216,0,1,0.0,0.441442,1
G_good,2903009,2,24,4.115084,0,1,0.0,0.249908,0
G_good,2903009,2,27,3.407583,0,1,0.00015,0.904299,1
G_good,2903009,2,39,4.118031,0,1,0.0,0.248573,0
G_good,2903009,3,12,4.008046,0,1,0.000394,0.30336,0
G_good,2903009,3,59,4.102546,0,1,0.0,0.255671,0
G_good,2903009,4,37,3.989083,0,1,0.0,0.314249,0
G_good,2903009,5,35,3.54735,0,1,0.0,0.701582,1
G_good,2903009,5,58,3.28606,0,1,0.00214,1.123418,1
G_good,2903009,5,60,3.104376,0,1,0.0,1.569866,1
G_good,2903009,6,14,3.686126,0,1,0.0,0.545127,1
G_good,2903009,6,15,3.224539,0,1,0.0,1.261766,1
G_good,2903009,7,25,3.735103,0,1,0.001639,0.49705,1
G_good,2903009,8,34,2.897382,0,1,0.0,2.287231,1
G_good,2903009,8,38,3.157823,0,1,0.0,1.42449,1
G_good,2903009,8,42,2.997028,0,1,0.0,1.908216,1
G_good,2903009,9,29,4.194328,1,0,0.0,0.255716,0
G_good,2903009,9,50,3.695303,0,1,0.0,0.536107,1
G_good,2903009,10,11,3.623349,0,1,0.002729,0.607712,1
G_good,2903009,10,13,3.393245,0,1,0.0,0.928462,1
G_good,2903009,10,54,3.640813,0,1,0.0,0.59194,1
G_good,2903009,11,13,3.895345,0,1,0.00186,0.371259,1
G_good,2903009,11,58,3.844896,0,1,0.0,0.40844,1
G_good,2903009,12,41,3.656561,1,0,0.000635,0.678956,1
G_good,2903009,12,50,3.763532,0,1,0.000739,0.472861,1
G_good,2903009,12,59,2.896984,0,1,0.0,2.288891,1
G_good,2903009,12,61,4.184593,0,1,0.001354,0.219644,0
G_good,2903009,13,17,3.952073,1,0,0.002988,0.39487,1
G_good,2903009,14,28,3.25681,0,1,0.0,1.189863,1
G_good,2903009,14,48,3.669104,1,0,0.002519,0.661152,1
G_good,2903009,14,52,3.832297,1,0,8.2e-05,0.493806,1
G_good,2903009,15,51,3.238688,1,0,0.000623,1.451495,1
G_good,2903009,15,52,4.085032,0,1,0.0,0.263943,0
G_good,2903009,15,62,3.307596,0,1,0.0,1.084913,1
G_good,2903009,16,17,3.706196,0,1,0.0,0.525594,1
G_good,2903009,17,28,3.69978,0,1,0.002888,0.528698,1
G_good,2903009,17,58,3.107831,0,1,0.0,1.560035,1
G_good,2903009,19,36,3.94717,1,0,0.003673,0.397861,1
G_good,2903009,19,40,3.057106,1,0,0.0,2.021802,1
G_good,2903009,19,54,3.762788,0,1,0.0,0.474202,1
G_good,2903009,20,55,3.098072,1,0,0.001759,1.870093,1
G_good,2903009,21,28,3.622147,0,1,0.002007,0.609921,1
G_good,2903009,21,41,3.653539,0,1,0.0,0.5784,1
G_good,2903009,22,32,3.61846,1,0,0.0,0.728583,1
G_good,2903009,22,48,3.223481,0,1,0.0,1.264195,1
G_good,2903009,22,57,3.463663,1,0,0.0,0.965408,1
G_good,2903009,26,57,2.914443,1,0,0.00115,2.614511,1
G_good,2903009,30,45,3.258981,0,1,0.001459,1.181722,1
G_good,2903009,30,54,3.998584,0,1,0.0,0.308868,0
G_good,2903009,31,53,3.571503,0,1,0.001966,0.668805,1
G_good,2903009,33,36,3.891959,1,0,0.0,0.443116,1
G_good,2903009,34,47,4.072026,0,1,0.0,0.270259,0
G_good,2903009,34,63,3.581255,1,0,0.0,0.779573,1
G_good,2903009,35,56,3.598911,0,1,0.0,0.6388,1
G_good,2903009,35,60,3.211621,0,1,0.0,1.291752,1
G_good,2903009,36,40,3.301502,0,1,0.00384,1.088607,1
G_good,2903009,37,55,3.488419,0,1,0.000452,0.780225,1
G_good,2903009,38,51,4.055557,1,0,0.001265,0.328274,0
G_good,2903009,38,52,3.763227,0,1,0.0,0.473824,1
G_good,2903009,39,53,4.115718,0,1,0.001117,0.249064,0
G_good,2903009,42,52,3.520623,0,1,0.0,0.736518,1
G_good,2903009,42,57,3.869313,0,1,0.0,0.390704,1
G_good,2903009,43,49,4.011577,0,1,0.0,0.301657,0
G_good,2903009,44,46,3.96103,0,1,0.0,0.330694,0
G_good,2903009,44,56,4.178535,1,0,0.002307,0.261954,0
G_good,2903009,44,61,3.430896,0,1,0.0,0.86703,1
G_good,2903009,45,54,3.254405,1,0,0.000584,1.410713,1
G_good,2903009,47,63,3.640973,0,1,0.0,0.591768,1
G_good,2903009,50,52,3.298435,0,1,0.0,1.103135,1
G_good,2903009,50,62,3.949996,0,1,0.003533,0.335019,0
G_good,2903009,56,60,3.928653,0,1,0.0,0.350745,1
G_good,2903009,58,60,4.065015,1,0,0.0,0.323495,0
G_good,2903010,0,31,2.945638,0,1,0.0,2.095108,1
G_good,2903010,0,46,3.279526,0,1,0.0,1.14172,1
G_good,2903010,0,58,4.05597,0,1,0.002236,0.277024,0
G_good,2903010,0,60,4.066826,1,0,0.0,0.322431,0
G_good,2903010,1,6,2.921849,0,1,0.0,2.187714,1
G_good,2903010,1,21,4.105487,0,1,0.0,0.254307,0
G_good,2903010,2,50,3.953255,0,1,0.0,0.335402,0
G_good,2903010,2,55,4.168607,1,0,0.0,0.267959,0
G_good,2903010,3,30,4.189764,0,1,0.0,0.218178,0
G_good,2903010,3,33,3.993726,0,1,0.0,0.311608,0
G_good,2903010,3,44,3.919092,0,1,0.000577,0.356484,1
G_good,2903010,3,50,3.399112,1,0,0.001279,1.082858,1
G_good,2903010,3,55,3.449688,1,0,0.001602,0.987085,1
G_good,2903010,4,34,2.900316,0,1,0.0,2.275066,1
G_good,2903010,4,57,3.795384,0,1,0.002761,0.444454,1
G_good,2903010,5,15,3.056658,1,0,0.0,2.02345,1
G_good,2903010,5,27,4.176744,1,0,0.0,0.264024,0
G_good,2903010,5,35,4.130897,0,1,0.000498,0.242584,0
G_good,2903010,5,61,3.227607,0,1,0.0,1.254747,1
G_good,2903010,6,39,3.332396,1,0,0.0,1.225639,1
G_good,2903010,7,20,3.457371,1,0,0.002554,0.971541,1
G_good,2903010,7,22,3.817068,1,0,0.001837,0.505891,1
G_good,2903010,7,34,3.572751,0,1,0.002311,0.666828,1
G_good,2903010,8,19,2.940411,0,1,0.0,2.115114,1
G_good,2903010,9,13,3.712578,0,1,0.0,0.519529,1
G_good,2903010,9,33,4.092742,0,1,0.0,0.260269,0
G_good,2903010,9,40,4.019092,0,1,0.002536,0.296057,0
G_good,2903010,10,30,3.793306,0,1,0.0,0.448606,1
G_good,2903010,10,43,3.858399,0,1,0.004016,0.395346,1
G_good,2903010,10,53,3.751032,1,0,0.0,0.572528,1
G_good,2903010,12,20,3.366694,0,1,0.000467,0.973473,1
G_good,2903010,12,28,3.287248,0,1,0.0,1.125803,1
G_good,2903010,12,51,3.701048,0,1,0.0,0.530536,1
G_good,2903010,14,30,3.0244,1,0,0.000182,2.144895,1
G_good,2903010,14,45,3.088052,1,0,0.0,1.911185,1
G_good,2903010,14,52,3.065138,0,1,0.003307,1.674841,1
G_good,2903010,15,36,3.377578,0,1,0.000298,0.95472,1
G_good,2903010,16,56,4.135443,1,0,0.000473,0.284344,0
G_good,2903010,18,23,4.182062,0,1,0.0,0.221255,0
G_good,2903010,18,45,4.144943,1,0,0.001599,0.278846,0
G_good,2903010,19,47,3.718414,0,1,0.0,0.514046,1
G_good,2903010,19,48,3.255648,1,0,0.0,1.409175,1
G_good,2903010,20,28,4.169558,1,0,0.002094,0.266378,0
G_good,2903010,20,51,3.189482,1,0,0.0,1.58932,1
G_good,2903010,21,22,3.97677,0,1,0.000846,0.320821,0
G_good,2903010,21,26,3.118799,0,1,0.004408,1.515812,1
G_good,2903010,21,44,3.073313,0,1,0.000809,1.658395,1
G_good,2903010,21,46,3.470033,1,0,0.0,0.954291,1
G_good,2903010,21,49,3.789768,0,1,0.001728,0.449944,1
G_good,2903010,21,60,3.224309,1,0,0.0,1.491802,1
G_good,2903010,22,60,2.973241,1,0,0.002403,2.343547,1
G_good,2903010,23,40,3.893412,1,0,0.001355,0.44075,1
G_good,2903010,23,56,4.039181,1,0,0.0,0.339052,0
G_good,2903010,23,63,3.703831,0,1,0.0,0.527858,1
G_good,2903010,24,63,3.818715,1,0,0.0,0.506235,1
G_good,2903010,25,49,3.966276,1,0,0.0,0.38711,1
G_good,2903010,26,44,3.088328,1,0,0.002595,1.900339,1
G_good,2903010,27,29,3.985695,0,1,0.001075,0.315512,0
G_good,2903010,27,49,4.189341,1,0,0.002087,0.256971,0
G_good,2903010,28,51,3.350674,0,1,0.0,1.003181,1
G_good,2903010,29,52,4.012191,0,1,0.0,0.30132,0
G_good,2903010,29,62,3.431639,0,1,0.0,0.865859,1
G_good,2903010,30,45,3.263451,0,1,0.00098,1.173281,1
G_good,2903010,30,52,4.131228,0,1,0.0,0.242679,0
G_good,2903010,31,58,3.779494,0,1,0.000431,0.459618,1
G_good,2903010,32,37,4.05797,0,1,0.0,0.277255,0
G_good,2903010,32,63,3.492347,1,0,0.003268,0.910379,1
G_good,2903010,33,50,3.354031,0,1,0.0,0.997076,1
G_good,2903010,33,55,4.145847,0,1,0.0,0.236314,0
G_good,2903010,34,55,3.1846,1,0,0.0,1.60349,1
G_good,2903010,35,53,3.997167,1,0,0.0,0.365967,1
G_good,2903010,35,61,3.865797,0,1,0.000308,0.392967,1
G_good,2903010,36,37,4.165136,0,1,0.0,0.22817,0
G_good,2903010,36,54,3.71201,0,1,0.001847,0.518148,1
G_good,2903010,36,60,3.668001,1,0,0.0,0.665825,1
G_good,2903010,40,59,3.556648,0,1,0.000496,0.689138,1
G_good,2903010,42,56,3.261201,1,0,0.001496,1.390851,1
G_good,2903010,43,62,3.10593,0,1,0.0,1.565436,1
G_good,2903010,45,52,3.064661,1,0,0.0,1.994222,1
G_good,2903010,46,52,3.556736,0,1,0.0,0.689711,1
G_good,2903010,46,60,3.193336,0,1,0.0,1.335419,1
G_good,2903010,48,54,2.938645,0,1,0.0,2.121914,1
G_good,2903010,50,55,3.079745,1,0,0.0,1.940273,1
G_good,2903010,53,56,3.880131,0,1,0.002243,0.38138,1
G_good,2903011,0,14,3.025908,0,1,0.0,1.810603,1
G_good,2903011,0,32,3.644532,1,0,0.001399,0.69291,1
G_good,2903011,1,26,4.005538,1,0,0.003965,0.357592,1
G_good,2903011,1,28,4.161344,0,1,0.0,0.229748,0
G_good,2903011,1,32,3.927297,1,0,0.0,0.41554,1
G_good,2903011,1,52,4.173261,0,1,0.0,0.224824,0
G_good,2903011,1,53,3.296757,0,1,0.0,1.106505,1
G_good,2903011,2,12,3.149432,0,1,0.000522,1.444879,1
G_good,2903011,2,22,3.637282,1,0,0.0,0.704072,1
G_good,2903011,2,30,3.574273,0,1,0.0,0.668066,1
G_good,2903011,3,9,3.584747,0,1,0.00554,0.648241,1
G_good,2903011,3,24,3.911784,0,1,0.000797,0.361094,1
G_good,2903011,3,49,3.156987,1,0,0.002968,1.676071,1
G_good,2903011,4,57,4.029755,0,1,0.000636,0.291479,0
G_good,2903011,5,63,3.921154,1,0,0.0,0.420208,1
G_good,2903011,6,16,3.419733,0,1,0.0,0.884806,1
G_good,2903011,6,31,3.496399,0,1,0.0,0.769681,1
G_good,2903011,6,58,3.459146,1,0,0.000564,0.972272,1
G_good,2903011,6,59,3.302393,0,1,0.000355,1.094447,1
G_good,2903011,7,57,3.630774,1,0,0.0,0.712451,1
G_good,2903011,8,11,3.873831,1,0,0.0,0.457964,1
G_good,2903011,9,42,3.018345,1,0,0.001619,2.162414,1
G_good,2903011,9,44,3.756378,1,0,0.000647,0.566256,1
G_good,2903011,9,50,3.767306,0,1,0.0,0.470323,1
G_good,2903011,10,35,2.971173,1,0,0.001303,2.357554,1
G_good,2903011,11,46,3.868537,1,0,0.000182,0.462225,1
G_good,2903011,12,22,3.195872,1,0,0.001262,1.567001,1
G_good,2903011,12,56,3.634245,1,0,0.0,0.70797,1
G_good,2903011,13,33,3.234118,1,0,0.0,1.465431,1
G_good,2903011,13,54,4.082915,0,1,0.0,0.264961,0
G_good,2903011,14,32,3.443999,1,0,0.0,1.000547,1
G_good,2903011,14,61,3.808698,1,0,0.0,0.51554,1
G_good,2903011,16,18,3.840611,0,1,0.000467,0.41125,1
G_good,2903011,16,31,3.240234,0,1,0.003539,1.217618,1
G_good,2903011,17,19,3.705474,0,1,0.000726,0.52552,1
G_good,2903011,18,48,3.321254,0,1,0.003103,1.051756,1
G_good,2903011,19,29,3.569059,1,0,0.001595,0.794515,1
G_good,2903011,19,47,3.706668,0,1,0.000567,0.524547,1
G_good,2903011,20,33,3.9887,0,1,0.0,0.314469,0
G_good,2903011,20,43,4.026368,0,1,0.000611,0.293293,0
G_good,2903011,20,45,3.847912,1,0,0.003015,0.477176,1
G_good,2903011,21,41,3.137905,0,1,0.001492,1.472621,1
G_good,2903011,21,48,3.035267,1,0,0.0,2.1037,1
G_good,2903011,21,51,3.927773,0,1,0.0,0.351307,1
G_good,2903011,21,54,3.378833,1,0,0.0,1.126406,1
G_good,2903011,22,30,3.222161,0,1,0.0,1.267234,1
G_good,2903011,22,34,3.877376,0,1,0.001814,0.383624,1
G_good,2903011,22,56,3.84458,0,1,0.000922,0.407922,1
G_good,2903011,23,31,3.246413,1,0,0.001458,1.428863,1
G_good,2903011,23,43,4.186361,0,1,0.001458,0.218893,0
G_good,2903011,23,44,2.995084,1,0,0.0,2.263148,1
G_good,2903011,24,28,3.422782,0,1,0.002015,0.876378,1
G_good,2903011,24,59,3.539612,0,1,0.0,0.711523,1
G_good,2903011,26,28,4.168745,0,1,0.0,0.226678,0
G_good,2903011,27,40,3.655334,0,1,0.0,0.576516,1
G_good,2903011,28,32,3.192504,1,0,0.000637,1.578599,1
G_good,2903011,28,49,4.084837,0,1,0.00065,0.263694,0
G_good,2903011,28,59,3.629874,0,1,0.000526,0.603196,1
G_good,2903011,31,36,2.940441,0,1,0.001067,2.110491,1
G_good,2903011,32,59,3.713762,1,0,0.0,0.612669,1
G_good,2903011,33,53,3.868284,0,1,0.001565,0.390213,1
G_good,2903011,34,46,3.855639,1,0,0.00066,0.47274,1
G_good,2903011,36,60,3.806275,1,0,0.001133,0.516643,1
G_good,2903011,37,43,3.37867,0,1,0.0,0.953394,1
G_good,2903011,37,44,4.105971,0,1,0.001612,0.253266,0
G_good,2903011,37,51,3.668216,0,1,0.001223,0.561794,1
G_good,2903011,37,53,3.518253,1,0,0.001499,0.871572,1
G_good,2903011,37,54,3.738391,1,0,0.003288,0.581999,1
G_good,2903011,38,52,3.675676,0,1,0.001322,0.554115,1
G_good,2903011,38,57,3.685672,0,1,0.001919,0.543486,1
G_good,2903011,39,54,3.801479,0,1,0.000905,0.44119,1
G_good,2903011,41,63,3.127848,0,1,0.00162,1.499413,1
G_good,2903011,43,44,3.233955,0,1,0.0,1.240348,1
G_good,2903011,44,49,4.155849,0,1,0.0,0.232055,0
G_good,2903011,44,62,2.914267,0,1,0.002473,2.207139,1
G_good,2903011,48,51,2.893358,1,0,0.002006,2.712042,1
G_good,2903011,49,62,3.089165,0,1,0.0,1.61389,1
G_good,2903011,51,54,4.180466,0,1,0.0,0.221898,0
G_good,2903011,51,62,3.249759,1,0,0.0,1.424343,1
G_good,2903011,55,63,4.198493,1,0,0.0,0.253787,0
G_good,2903011,58,59,3.367524,0,1,0.004288,0.964605,1
G_good,2903012,0,27,3.617172,0,1,0.001973,0.615505,1
G_good,2903012,0,34,2.921657,0,1,0.0,2.18848,1
G_good,2903012,1,11,3.246539,0,1,0.001376,1.208959,1
G_good,2903012,1,38,3.76966,1,0,0.0,0.553461,1
G_good,2903012,2,9,4.049477,0,1,0.000476,0.281301,0
G_good,2903012,2,47,3.996525,0,1,0.000398,0.309779,0
G_good,2903012,2,51,4.071951,0,1,0.0,0.270296,0
G_good,2903012,2,63,3.073434,1,0,0.0,1.962663,1
G_good,2903012,3,8,3.742255,0,1,0.0,0.492239,1
G_good,2903012,3,18,4.01583,0,1,0.0,0.299333,0
G_good,2903012,3,24,3.872313,0,1,0.00018,0.388439,1
G_good,2903012,3,52,3.493436,1,0,0.001378,0.912019,1
G_good,2903012,4,25,3.134618,1,0,0.000522,1.754205,1
G_good,2903012,5,35,3.471068,1,0,0.0,0.952496,1
G_good,2903012,5,53,4.118869,0,1,0.001117,0.247641,0
G_good,2903012,6,31,3.082754,0,1,0.002103,1.625958,1
G_good,2903012,6,36,2.916636,0,1,0.00065,2.20568,1
G_good,2903012,7,17,3.313513,0,1,0.0,1.073303,1
G_good,2903012,7,22,3.971772,0,1,0.000219,0.324155,0
G_good,2903012,7,39,3.952745,0,1,0.0,0.335713,0
G_good,2903012,8,40,4.048275,0,1,0.000541,0.281881,0
G_good,2903012,8,52,4.089679,0,1,0.000572,0.261424,0
G_good,2903012,9,17,3.868475,0,1,0.0,0.3913,1
G_good,2903012,10,12,2.975984,1,0,0.000937,2.338734,1
G_good,2903012,10,43,3.776446,0,1,0.0,0.462571,1
G_good,2903012,11,38,3.917436,1,0,0.000707,0.422459,1
G_good,2903012,11,51,4.184133,1,0,0.004892,0.257965,0
G_good,2903012,12,24,3.061285,0,1,0.0,1.697808,1
G_good,2903012,13,31,3.970357,0,1,0.002848,0.323286,0
G_good,2903012,13,50,4.061679,0,1,0.000927,0.274881,0
G_good,2903012,14,40,4.194936,0,1,0.0,0.216136,0
G_good,2903012,14,48,3.778198,1,0,0.0,0.544936,1
G_good,2903012,15,16,3.753912,0,1,0.0,0.481916,1
G_good,2903012,15,60,3.158083,1,0,0.002729,1.673534,1
G_good,2903012,15,63,3.729514,1,0,0.003619,0.591078,1
G_good,2903012,16,36,3.570427,0,1,0.0,0.672754,1
G_good,2903012,16,37,4.131713,0,1,0.0,0.242466,0
G_good,2903012,16,60,3.901846,0,1,0.0,0.368264,1
G_good,2903012,16,63,3.077693,0,1,0.0,1.647904,1
G_good,2903012,17,32,3.396173,1,0,0.001629,1.087897,1
G_good,2903012,17,39,3.60624,1,0,0.000518,0.74418,1
G_good,2903012,17,47,4.11917,0,1,0.002612,0.246766,0
G_good,2903012,18,24,3.897687,0,1,0.0,0.371059,1
G_good,2903012,18,30,3.332864,1,0,0.000143,1.224247,1
G_good,2903012,19,36,3.161608,1,0,0.001062,1.668394,1
G_good,2903012,19,37,2.967437,1,0,0.0,2.379818,1
G_good,2903012,19,57,3.929506,1,0,0.00184,0.412354,1
G_good,2903012,20,28,4.153554,1,0,0.0,0.275394,0
G_good,2903012,20,32,3.038959,0,1,0.0,1.768145,1
G_good,2903012,20,35,2.916302,0,1,0.0,2.209892,1
G_good,2903012,20,57,3.519647,0,1,0.001907,0.735017,1
G_good,2903012,21,26,3.423463,0,1,0.001217,0.876689,1
G_good,2903012,21,28,4.140715,0,1,0.0,0.23853,0
G_good,2903012,21,48,3.809695,1,0,0.001082,0.513494,1
G_good,2903012,23,46,2.898981,0,1,0.0,2.280595,1
G_good,2903012,23,58,3.991456,0,1,0.00214,0.31156,0
G_good,2903012,26,29,3.586794,0,1,0.0,0.653029,1
G_good,2903012,26,31,3.434192,0,1,0.003395,0.856016,1
G_good,2903012,27,44,3.547087,1,0,0.002577,0.825276,1
G_good,2903012,31,36,4.036606,1,0,0.003578,0.338214,0
G_good,2903012,32,35,4.021434,0,1,2.6e-05,0.296283,0
G_good,2903012,32,56,3.888543,0,1,0.001415,0.376213,1
G_good,2903012,32,57,3.81494,0,1,0.003626,0.428187,1
G_good,2903012,32,61,3.590532,0,1,0.0,0.648606,1
G_good,2903012,34,48,3.259664,0,1,0.0,1.183703,1
G_good,2903012,34,55,3.262008,0,1,0.0,1.17867,1
G_good,2903012,35,51,3.743409,0,1,0.0,0.491208,1
G_good,2903012,35,63,3.346192,1,0,0.0,1.195278,1
G_good,2903012,36,37,3.374843,0,1,0.0,0.960051,1
G_good,2903012,37,53,3.70556,0,1,0.0,0.526201,1
G_good,2903012,40,46,3.843655,0,1,0.0,0.409363,1
G_good,2903012,40,52,3.80838,1,0,0.0,0.515838,1
G_good,2903012,41,54,3.168862,0,1,0.005059,1.382128,1
G_good,2903012,41,61,3.290566,0,1,0.0,1.119032,1
G_good,2903012,42,59,3.490167,0,1,0.001371,0.776321,1
G_good,2903012,43,44,3.419321,1,0,0.001452,1.04343,1
G_good,2903012,44,45,3.477344,0,1,0.001327,0.794701,1
G_good,2903012,45,48,3.538553,1,0,0.0,0.842512,1
G_good,2903012,47,55,3.243228,0,1,0.000613,1.218116,1
G_good,2903012,47,58,3.883181,0,1,0.0,0.380976,1
G_good,2903012,49,56,3.091779,1,0,0.000711,1.895582,1
G_good,2903012,49,62,3.701112,0,1,9.6e-05,0.530372,1
G_good,2903012,52,62,4.103028,1,0,0.001795,0.30081,0
G_good,2903012,54,61,3.098834,1,0,0.0,1.874084,1
G_good,2903012,58,60,3.663863,1,0,0.003883,0.665663,1
G_good,2903013,0,2,3.230426,0,1,0.002014,1.243315,1
G_good,2903013,0,5,3.348704,0,1,0.0,1.00678,1
G_good,2903013,0,23,3.235823,0,1,0.0,1.236142,1
G_good,2903013,1,63,3.553487,1,0,0.001577,0.81736,1
G_good,2903013,2,23,3.272542,0,1,0.0,1.15631,1
G_good,2903013,3,21,3.534327,1,0,0.0,0.849009,1
G_good,2903013,3,59,3.468143,1,0,0.00389,0.950156,1
G_good,2903013,4,9,4.132103,1,0,0.0,0.286347,0
G_good,2903013,4,17,3.289017,0,1,0.0,1.122186,1
G_good,2903013,4,51,4.075484,0,1,0.0,0.268565,0
G_good,2903013,6,10,3.121657,0,1,0.0,1.521309,1
G_good,2903013,7,28,4.093744,1,0,0.0,0.307031,0
G_good,2903013,7,35,3.258382,1,0,0.0,1.402187,1
G_good,2903013,7,47,3.73661,0,1,0.002183,0.495151,1
G_good,2903013,8,22,4.16404,1,0,0.0,0.270194,0
G_good,2903013,8,39,2.939663,0,1,0.0,2.117993,1
G_good,2903013,8,48,3.423817,1,0,0.0,1.037945,1
G_good,2903013,9,27,3.071657,0,1,0.0,1.666091,1
G_good,2903013,10,18,3.567113,1,0,0.0,0.799879,1
G_good,2903013,10,38,3.901529,0,1,0.000829,0.367865,1
G_good,2903013,11,45,3.206238,0,1,0.0,1.304456,1
G_good,2903013,11,47,3.889491,0,1,0.0,0.37663,1
G_good,2903013,12,59,4.161924,0,1,0.0,0.229507,0
G_good,2903013,12,60,3.021862,0,1,0.002742,1.813996,1
G_good,2903013,13,37,4.054939,0,1,0.00118,0.27813,0
G_good,2903013,13,38,4.174864,0,1,0.000239,0.224063,0
G_good,2903013,13,42,3.270355,1,0,0.00243,1.36534,1
G_good,2903013,13,49,3.529167,0,1,0.0,0.725164,1
G_good,2903013,14,21,2.999373,0,1,0.001036,1.896161,1
G_good,2903013,14,32,2.932932,0,1,0.0,2.14407,1
G_good,2903013,14,60,3.431288,0,1,0.001949,0.863041,1
G_good,2903013,15,43,4.0048,0,1,4.8e-05,0.305367,0
G_good,2903013,15,52,3.723524,1,0,0.001531,0.600052,1
G_good,2903013,15,56,3.634813,0,1,0.001386,0.596776,1
G_good,2903013,16,31,3.016679,0,1,0.002379,1.832499,1
G_good,2903013,16,55,3.283833,0,1,2.1e-05,1.132765,1
G_good,2903013,18,36,3.999297,0,1,0.0,0.308468,0
G_good,2903013,18,38,3.575853,0,1,0.0,0.66615,1
G_good,2903013,19,44,3.862193,0,1,0.000649,0.395282,1
G_good,2903013,19,48,3.884974,1,0,0.0,0.448779,1
G_good,2903013,20,46,4.130585,1,0,0.001214,0.286442,0
G_good,2903013,20,58,3.060966,1,0,0.0,2.007664,1
G_good,2903013,24,34,3.570604,1,0,0.0,0.794817,1
G_good,2903013,24,58,3.546357,1,0,0.002709,0.826154,1
G_good,2903013,25,45,3.258331,0,1,0.001446,1.183149,1
G_good,2903013,26,43,4.020076,0,1,0.0,0.297031,0
G_good,2903013,27,28,3.701324,1,0,0.001738,0.624507,1
G_good,2903013,28,39,3.299434,0,1,0.0,1.101133,1
G_good,2903013,29,43,3.641646,0,1,0.001798,0.588923,1
G_good,2903013,29,59,3.927089,0,1,0.002511,0.349982,0
G_good,2903013,30,50,3.275453,1,0,0.001276,1.355872,1
G_good,2903013,31,55,3.171633,0,1,0.0,1.389167,1
G_good,2903013,31,57,3.336264,0,1,0.002009,1.025682,1
G_good,2903013,32,46,3.284512,0,1,0.004232,1.12188,1
G_good,2903013,32,60,2.863966,1,0,0.000844,2.86757,1
G_good,2903013,32,63,4.165882,0,1,0.0,0.227861,0
G_good,2903013,33,37,3.601461,0,1,0.0,0.635845,1
G_good,2903013,34,58,3.92963,0,1,0.0,0.350122,1
G_good,2903013,35,51,3.902127,0,1,0.0,0.368076,1
G_good,2903013,36,56,3.214592,0,1,0.0,1.284792,1
G_good,2903013,37,49,3.324451,0,1,0.001169,1.049711,1
G_good,2903013,38,42,3.570112,1,0,0.0,0.795528,1
G_good,2903013,40,55,2.855456,0,1,0.0,2.468405,1
G_good,2903013,41,44,3.623711,1,0,0.000592,0.720805,1
G_good,2903013,44,47,3.524473,0,1,0.000602,0.7305,1
G_good,2903013,46,60,2.854556,0,1,0.001713,2.463988,1
G_good,2903013,51,61,3.906614,1,0,0.000375,0.431141,1
G_good,2903013,52,56,3.755586,0,1,0.001524,0.47899,1
G_good,2903013,60,63,3.117471,0,1,0.0,1.532929,1
G_good,2903013,61,62,2.864376,1,0,0.0,2.870273,1
G_good,2903014,0,34,3.713772,1,0,0.0,0.612658,1
G_good,2903014,0,48,3.385818,0,1,0.0,0.941084,1
G_good,2903014,1,16,4.064272,0,1,0.0,0.274096,0
G_good,2903014,1,24,3.967955,0,1,0.001849,0.325351,0
G_good,2903014,1,25,3.641363,0,1,0.000229,0.591078,1
G_good,2903014,1,51,3.962544,1,0,0.0,0.389746,1
G_good,2903014,2,21,2.940888,0,1,0.003168,2.099933,1
G_good,2903014,2,23,4.154307,1,0,0.0,0.275017,0
G_good,2903014,2,36,3.351829,0,1,0.0,1.001076,1
G_good,2903014,2,47,3.02567,0,1,0.002541,1.802206,1
G_good,2903014,3,4,3.311419,1,0,0.002414,1.267155,1
G_good,2903014,4,17,4.055475,0,1,0.0,0.278516,0
G_good,2903014,4,42,3.901752,0,1,0.0,0.368327,1
G_good,2903014,5,10,3.48947,0,1,0.0,0.779439,1
G_good,2903014,5,53,3.492477,1,0,0.002604,0.911375,1
G_good,2903014,6,28,4.184831,0,1,0.002399,0.219091,0
G_good,2903014,7,43,3.917922,0,1,0.001659,0.356471,1
G_good,2903014,8,11,3.931127,0,1,0.0,0.349171,0
G_good,2903014,8,51,3.011847,0,1,0.002194,1.849352,1
G_good,2903014,9,23,3.327544,1,0,0.004165,1.226242,1
G_good,2903014,9,31,3.373267,0,1,0.001439,0.96004,1
G_good,2903014,9,45,3.77347,0,1,0.0,0.465081,1
G_good,2903014,10,13,3.699767,1,0,0.0,0.628459,1
G_good,2903014,10,53,3.003028,0,1,0.002211,1.879183,1
G_good,2903014,11,22,3.947199,0,1,0.001012,0.338429,0
G_good,2903014,11,37,3.953757,0,1,0.0,0.335096,0
G_good,2903014,11,51,3.626257,0,1,0.00083,0.606807,1
G_good,2903014,11,52,3.483107,0,1,0.0,0.788509,1
G_good,2903014,11,63,3.767989,0,1,0.0,0.469738,1
G_good,2903014,12,14,3.155458,1,0,0.0,1.690744,1
G_good,2903014,12,24,3.8326,1,0,0.000446,0.493175,1
G_good,2903014,12,34,2.981491,0,1,0.0,1.962889,1
G_good,2903014,12,56,4.102459,0,1,0.0,0.255711,0
G_good,2903014,13,22,3.757436,0,1,0.001567,0.477341,1
G_good,2903014,14,34,3.935831,0,1,0.000737,0.345688,0
G_good,2903014,14,39,3.195611,0,1,0.002132,1.324246,1
G_good,2903014,15,19,3.338223,0,1,0.0,1.026149,1
G_good,2903014,15,28,3.267081,1,0,0.0,1.380185,1
G_good,2903014,15,32,3.58187,1,0,0.0,0.778703,1
G_good,2903014,16,24,3.303602,0,1,0.002347,1.087701,1
G_good,2903014,16,25,3.393988,0,1,0.003239,0.92122,1
G_good,2903014,17,29,4.034021,0,1,0.001351,0.288813,0
G_good,2903014,17,36,3.955218,0,1,0.0,0.334207,0
G_good,2903014,17,44,3.144377,0,1,0.0,1.459745,1
G_good,2903014,17,56,3.354278,1,0,0.0,1.177834,1
G_good,2903014,18,29,3.84692,0,1,0.0,0.40694,1
G_good,2903014,19,40,3.548211,0,1,0.0,0.700485,1
G_good,2903014,21,35,3.0811,0,1,0.0,1.637728,1
G_good,2903014,22,53,3.781021,1,0,0.001154,0.540896,1
G_good,2903014,22,54,2.871654,0,1,0.0,2.396766,1
G_good,2903014,23,32,3.687296,0,1,0.000862,0.543031,1
G_good,2903014,23,58,3.81226,0,1,6.4e-05,0.433354,1
G_good,2903014,24,52,4.000729,1,0,0.0,0.363605,1
G_good,2903014,26,33,4.012879,0,1,0.000336,0.300741,0
G_good,2903014,26,37,3.986539,0,1,0.0,0.315707,0
G_good,2903014,26,38,3.408033,0,1,0.002103,0.900037,1
G_good,2903014,26,50,3.440844,1,0,0.001873,1.002542,1
G_good,2903014,27,54,4.060492,0,1,0.001627,0.27509,0
G_good,2903014,27,61,2.943693,0,1,0.0,2.102528,1
G_good,2903014,29,56,3.333158,1,0,0.0,1.223942,1
G_good,2903014,29,60,3.1333,0,1,0.004899,1.474917,1
G_good,2903014,30,55,3.453257,0,1,0.0,0.832486,1
G_good,2903014,30,59,3.522983,0,1,0.0,0.733364,1
G_good,2903014,31,33,4.121339,1,0,0.0,0.292006,0
G_good,2903014,31,57,3.619858,1,0,0.000545,0.725942,1
G_good,2903014,32,41,3.289664,0,1,0.000765,1.119155,1
G_good,2903014,32,43,4.12314,0,1,4.1e-05,0.246254,0
G_good,2903014,32,44,4.197261,0,1,0.0,0.215224,0
G_good,2903014,34,48,3.571986,0,1,0.002167,0.667949,1
G_good,2903014,34,52,3.575898,1,0,0.0,0.787204,1
G_good,2903014,35,57,3.773847,0,1,0.001028,0.463807,1
G_good,2903014,36,47,3.405599,0,1,0.00092,0.90617,1
G_good,2903014,36,48,3.988686,1,0,0.001612,0.370457,1
G_good,2903014,37,38,3.608295,0,1,0.0,0.627993,1
G_good,2903014,37,50,4.041329,1,0,0.0,0.337731,0
G_good,2903014,38,50,3.033181,0,1,4.6e-05,1.786655,1
G_good,2903014,39,49,3.856614,0,1,0.0,0.39983,1
G_good,2903014,39,50,3.383155,0,1,0.0,0.945653,1
G_good,2903014,40,49,3.982819,1,0,0.0,0.375639,1
G_good,2903014,41,44,3.062962,1,0,0.000976,1.99649,1
G_good,2903014,42,56,3.687584,1,0,0.002397,0.639461,1
G_good,2903014,45,50,3.926942,0,1,0.000506,0.351482,1
G_good,2903014,47,49,3.505938,1,0,0.000295,0.893457,1
G_good,2903014,51,52,3.574919,1,0,0.0,0.788605,1
G_good,2903014,51,60,4.103442,1,0,0.001747,0.300612,0
G_good,2903014,55,58,3.00259,1,0,0.0,2.232471,1
G_good,2903014,57,62,3.432285,1,0,0.0,1.022086,1
G_good,2903015,0,21,2.916147,1,0,0.0,2.612426,1
G_good,2903015,1,23,3.519267,0,1,0.0,0.738335,1
G_good,2903015,1,56,3.337222,0,1,0.0,1.028018,1
G_good,2903015,2,32,3.585895,1,0,0.000118,0.772841,1
G_good,2903015,2,52,3.381992,1,0,0.001148,1.117387,1
G_good,2903015,2,54,3.336301,1,0,0.0,1.216968,1
G_good,2903015,3,11,3.750466,0,1,0.001687,0.483312,1
G_good,2903015,3,22,3.627346,0,1,0.0,0.606613,1
G_good,2903015,3,35,4.119561,0,1,0.001772,0.247006,0
G_good,2903015,3,39,3.67643,1,0,0.000799,0.654652,1
G_good,2903015,4,49,3.565634,0,1,0.0,0.678643,1
G_good,2903015,4,61,3.153411,0,1,0.002413,1.429049,1
G_good,2903015,5,34,3.518003,0,1,0.0,0.740034,1
G_good,2903015,5,36,3.704293,0,1,0.001467,0.52587,1
G_good,2903015,5,51,3.359632,1,0,0.0,1.166424,1
G_good,2903015,6,55,3.448868,0,1,0.002594,0.834814,1
G_good,2903015,7,9,2.918543,0,1,0.00282,2.188524,1
G_good,2903015,7,42,3.677011,0,1,0.001941,0.552089,1
G_good,2903015,9,42,3.628928,1,0,0.000984,0.713442,1
G_good,2903015,9,56,3.696849,0,1,0.000622,0.533937,1
G_good,2903015,11,37,3.804112,0,1,0.0,0.439879,1
G_good,2903015,11,39,3.397461,0,1,5.9e-05,0.921264,1
G_good,2903015,12,30,3.857121,0,1,0.00117,0.398528,1
G_good,2903015,12,40,3.033614,0,1,0.000252,1.784511,1
G_good,2903015,12,46,3.411798,1,0,0.0,1.060875,1
G_good,2903015,13,14,3.836868,0,1,0.001875,0.412894,1
G_good,2903015,13,16,2.924904,0,1,0.0,2.175595,1
G_good,2903015,13,60,3.844273,0,1,0.000676,0.40835,1
G_good,2903015,14,30,3.069235,1,0,0.000704,1.974925,1
G_good,2903015,14,60,2.87559,1,0,0.0,2.812346,1
G_good,2903015,15,51,4.105618,0,1,0.000231,0.254129,0
G_good,2903015,15,55,3.45071,1,0,0.0,0.988414,1
G_good,2903015,16,27,3.122545,1,0,0.0,1.795008,1
G_good,2903015,16,60,3.529776,1,0,0.0,0.856063,1
G_good,2903015,17,20,3.021452,1,0,0.001563,2.150473,1
G_good,2903015,17,50,3.811497,1,0,0.0,0.512923,1
G_good,2903015,19,29,3.188121,1,0,0.000556,1.591485,1
G_good,2903015,19,40,3.248356,0,1,0.0,1.208292,1
G_good,2903015,19,41,3.662147,0,1,0.0,0.569419,1
G_good,2903015,19,62,3.719718,0,1,0.0,0.512828,1
G_good,2903015,20,48,3.939501,0,1,0.0,0.343895,0
G_good,2903015,22,39,3.740711,0,1,0.002181,0.491475,1
G_good,2903015,24,33,3.956069,0,1,0.001387,0.332766,0
G_good,2903015,24,35,4.015407,0,1,0.002189,0.298255,0
G_good,2903015,24,47,3.699541,1,0,0.0,0.628718,1
G_good,2903015,24,48,3.899031,0,1,0.0,0.370154,1
G_good,2903015,24,51,3.350904,0,1,0.0,1.00276,1
G_good,2903015,24,62,3.194567,1,0,0.0,1.574692,1
G_good,2903015,25,40,3.688398,1,0,0.0,0.641584,1
G_good,2903015,25,58,4.103771,1,0,0.0,0.301484,0
G_good,2903015,26,27,4.133852,0,1,0.0,0.241525,0
G_good,2903015,26,46,3.003592,0,1,0.000385,1.884123,1
G_good,2903015,27,38,4.009159,1,0,0.0,0.358074,1
G_good,2903015,27,63,3.607409,0,1,0.0,0.629005,1
G_good,2903015,28,56,3.00668,1,0,0.000697,2.212844,1
G_good,2903015,29,47,3.590536,1,0,0.0,0.766529,1
G_good,2903015,29,62,2.946003,0,1,0.0,2.093717,1
G_good,2903015,30,40,3.873795,0,1,0.001227,0.386584,1
G_good,2903015,31,33,4.076847,0,1,0.0,0.267901,0
G_good,2903015,32,63,3.471052,0,1,0.002502,0.801959,1
G_good,2903015,33,47,3.703849,0,1,0.003739,0.523908,1
G_good,2903015,33,51,4.123593,0,1,0.0,0.246072,0
G_good,2903015,33,54,3.385813,1,0,0.000613,1.110839,1
G_good,2903015,33,58,3.289702,0,1,0.0,1.120789,1
G_good,2903015,34,50,3.665263,0,1,0.000657,0.565459,1
G_good,2903015,35,37,4.073503,1,0,0.0,0.318541,0
G_good,2903015,35,41,3.646712,1,0,0.0,0.692103,1
G_good,2903015,35,48,3.95472,0,1,0.0,0.33451,0
G_good,2903015,35,57,3.120389,0,1,0.0,1.524818,1
G_good,2903015,36,45,3.530405,0,1,0.0,0.723534,1
G_good,2903015,36,57,3.983047,0,1,0.000151,0.317621,0
G_good,2903015,37,38,3.452814,0,1,0.0,0.833156,1
G_good,2903015,37,41,3.457619,1,0,0.0,0.976075,1
G_good,2903015,37,62,3.725744,0,1,0.0,0.507241,1
G_good,2903015,38,59,3.203204,0,1,0.0,1.311673,1
G_good,2903015,41,57,3.769563,0,1,0.0,0.468396,1
G_good,2903015,41,62,4.199202,1,0,0.0,0.25346,0
G_good,2903015,42,61,3.441957,0,1,0.0,0.849767,1
G_good,2903015,43,44,2.862152,1,0,0.001897,2.870988,1
G_good,2903015,43,59,4.176423,1,0,0.002348,0.26294,0
G_good,2903015,44,59,3.079495,0,1,0.0,1.642516,1
G_good,2903015,45,57,4.056414,0,1,0.00168,0.277108,0
G_good,2903015,47,51,3.32273,1,0,0.000111,1.247091,1
G_good,2903015,47,62,3.416182,0,1,0.0,0.890538,1
G_good,2903015,52,54,3.915157,1,0,0.0,0.424814,1
G_good,2903015,54,60,3.988143,0,1,0.0,0.314787,0
G_good,2903015,56,61,4.029464,0,1,0.003342,0.290059,0
G_good,2903016,0,19,3.763138,0,1,0.001801,0.472196,1
G_good,2903016,1,35,3.761501,1,0,0.00356,0.557747,1
G_good,2903016,2,43,3.011777,0,1,0.000357,1.856397,1
G_good,2903016,2,50,2.999151,0,1,0.0,1.900865,1
G_good,2903016,3,5,3.988731,0,1,0.0,0.314451,0
G_good,2903016,3,15,4.133852,0,1,0.0,0.241525,0
G_good,2903016,3,27,3.587012,0,1,0.0,0.652771,1
G_good,2903016,3,36,2.882621,1,0,0.0,2.77662,1
G_good,2903016,4,32,4.035464,0,1,0.0,0.288836,0
G_good,2903016,4,44,4.147295,1,0,0.000828,0.278085,0
G_good,2903016,4,57,2.967097,0,1,0.0,2.014939,1
G_good,2903016,5,27,3.407184,0,1,0.001571,0.902387,1
G_good,2903016,6,53,3.594106,0,1,0.000333,0.643976,1
G_good,2903016,7,14,3.916954,0,1,0.001109,0.357492,1
G_good,2903016,7,41,3.104208,0,1,4.1e-05,1.570216,1
G_good,2903016,7,49,3.39352,1,0,0.002561,1.091122,1
G_good,2903016,7,53,3.192432,1,0,0.002216,1.573828,1
G_good,2903016,8,13,4.113874,0,1,0.0,0.250459,0
G_good,2903016,8,29,2.933258,0,1,0.0,2.1428,1
G_good,2903016,8,54,2.962644,0,1,0.0,2.031317,1
G_good,2903016,9,24,3.149395,0,1,0.002291,1.439873,1
G_good,2903016,9,43,4.144347,0,1,0.0,0.236959,0
G_good,2903016,9,46,3.046257,0,1,0.000355,1.743596,1
G_good,2903016,10,21,3.981229,1,0,0.000403,0.376424,1
G_good,2903016,10,38,3.652632,1,0,0.0,0.684693,1
G_good,2903016,10,53,3.092545,1,0,0.0,1.895636,1
G_good,2903016,11,17,3.440616,1,0,0.0,1.006722,1
G_good,2903016,11,23,3.201858,1,0,0.0,1.553957,1
G_good,2903016,11,50,3.460361,0,1,0.0,0.821802,1
G_good,2903016,12,48,4.076522,0,1,0.002851,0.266535,0
G_good,2903016,13,47,2.888082,0,1,0.002147,2.316274,1
G_good,2903016,13,54,3.935903,1,0,0.0,0.409089,1
G_good,2903016,15,31,3.325107,1,0,0.003085,1.234351,1
G_good,2903016,15,52,3.950625,1,0,0.002373,0.396398,1
G_good,2903016,17,42,4.127921,0,1,0.003211,0.24258,0
G_good,2903016,17,43,4.116224,0,1,0.000589,0.249098,0
G_good,2903016,18,49,3.287327,1,0,0.002894,1.322624,1
G_good,2903016,18,52,3.003907,1,0,0.000883,2.223206,1
G_good,2903016,19,23,3.142732,0,1,0.0,1.464117,1
G_good,2903016,20,24,3.503042,0,1,0.002346,0.75688,1
G_good,2903016,20,46,3.560578,0,1,0.000487,0.684243,1
G_good,2903016,20,61,3.823749,0,1,0.00124,0.423399,1
G_good,2903016,21,27,3.671004,0,1,0.0,0.560323,1
G_good,2903016,21,60,3.639579,0,1,0.0,0.593269,1
G_good,2903016,22,35,3.81292,1,0,0.0,0.511597,1
G_good,2903016,22,42,4.136796,0,1,0.0,0.240235,0
G_good,2903016,22,58,3.064391,1,0,0.0,1.995198,1
G_good,2903016,23,25,3.139111,0,1,0.000936,1.471031,1
G_good,2903016,24,46,3.844388,0,1,0.000546,0.408371,1
G_good,2903016,24,47,3.22487,0,1,0.0,1.261006,1
G_good,2903016,24,61,3.630946,0,1,0.001196,0.601216,1
G_good,2903016,25,54,3.750973,1,0,0.000229,0.572328,1
G_good,2903016,26,44,4.130715,0,1,0.0,0.242906,0
G_good,2903016,27,36,3.888644,0,1,0.0,0.377211,1
G_good,2903016,27,60,3.699472,1,0,0.000504,0.628162,1
G_good,2903016,28,41,3.866735,1,0,0.0,0.46391,1
G_good,2903016,28,55,3.067311,0,1,0.003265,1.668375,1
G_good,2903016,30,33,3.037538,0,1,0.0,1.772716,1
G_good,2903016,30,42,4.166509,0,1,0.0,0.227601,0
G_good,2903016,32,35,3.770216,1,0,0.0,0.552902,1
G_good,2903016,32,40,3.23095,0,1,0.0,1.247144,1
G_good,2903016,32,57,3.458932,1,0,0.00048,0.972813,1
G_good,2903016,32,59,3.738268,1,0,0.0,0.58597,1
G_good,2903016,34,36,3.129594,0,1,0.0,1.499511,1
G_good,2903016,35,40,3.186098,0,1,7.7e-05,1.3529,1
G_good,2903016,36,39,3.618774,1,0,0.000227,0.727838,1
G_good,2903016,37,60,3.673378,0,1,0.003282,0.554259,1
G_good,2903016,38,51,2.878238,0,1,0.00102,2.363421,1
G_good,2903016,38,53,3.467831,0,1,0.000435,0.810011,1
G_good,2903016,38,62,3.271415,1,0,0.00098,1.366669,1
G_good,2903016,39,40,3.773144,1,0,0.004488,0.545053,1
G_good,2903016,40,49,3.686104,0,1,0.0,0.545148,1
G_good,2903016,41,53,3.954156,1,0,0.0,0.395735,1
G_good,2903016,41,59,4.159595,0,1,0.001001,0.230019,0
G_good,2903016,41,63,3.97705,1,0,0.001678,0.378329,1
G_good,2903016,43,46,3.764935,0,1,0.000497,0.471885,1
G_good,2903016,43,50,3.95297,1,0,0.001202,0.395637,1
G_good,2903016,43,59,3.070149,1,0,0.005021,1.954695,1
G_good,2903016,44,50,4.157631,0,1,0.003225,0.229817,0
G_good,2903016,44,56,3.726319,0,1,0.002221,0.504465,1
G_good,2903016,46,57,4.194529,0,1,0.00024,0.216192,0
G_good,2903016,46,59,3.964776,0,1,0.0,0.328449,0
G_good,2903016,46,62,4.082582,0,1,0.001074,0.264553,0
G_good,2903016,51,57,2.916415,0,1,0.0,2.209436,1
G_good,2903016,51,61,3.556217,0,1,0.002793,0.686517,1
G_good,2903016,51,62,2.90751,0,1,0.002143,2.235896,1
G_good,2903016,57,59,3.924426,1,0,0.002011,0.416039,1
G_good,2903016,58,63,4.161979,0,1,0.0,0.229484,0
G_good,2903016,61,62,4.027472,1,0,0.0,0.346348,0
G_good,2903017,0,34,2.987295,1,0,0.0,2.295428,1
G_good,2903017,1,5,2.918977,0,1,0.0,2.199167,1
G_good,2903017,1,14,3.14006,0,1,0.000571,1.469567,1
G_good,2903017,2,14,3.955137,0,1,0.003676,0.331808,0
G_good,2903017,2,29,2.98283,0,1,0.0,1.958117,1
G_good,2903017,2,30,3.72094,0,1,0.0,0.51169,1
G_good,2903017,2,44,3.748751,0,1,0.001277,0.485219,1
G_good,2903017,3,15,4.037516,1,0,0.0,0.34008,0
G_good,2903017,3,17,3.0223,1,0,0.001707,2.146542,1
G_good,2903017,3,18,2.928231,0,1,0.0,2.162476,1
G_good,2903017,3,33,3.598462,0,1,0.001346,0.637603,1
G_good,2903017,4,9,3.398708,1,0,0.0,1.086427,1
G_good,2903017,4,24,3.60312,0,1,0.002127,0.631239,1
G_good,2903017,4,47,3.129718,0,1,0.0,1.499173,1
G_good,2903017,5,8,3.782828,0,1,0.0,0.457234,1
G_good,2903017,6,56,3.323357,0,1,0.000553,1.053098,1
G_good,2903017,7,51,3.372385,0,1,0.0,0.964353,1
G_good,2903017,8,22,3.105366,1,0,0.0,1.851961,1
G_good,2903017,8,53,2.991913,0,1,0.0,1.926045,1
G_good,2903017,9,13,3.710599,1,0,0.0,0.616203,1
G_good,2903017,9,39,4.095457,0,1,0.0,0.258988,0
G_good,2903017,9,57,3.108778,0,1,0.001539,1.552566,1
G_good,2903017,10,26,3.992778,0,1,0.0,0.312146,0
G_good,2903017,10,28,3.670419,0,1,0.0,0.560919,1
G_good,2903017,10,62,3.946333,0,1,0.000423,0.339362,0
G_good,2903017,11,20,3.589994,0,1,0.000238,0.648931,1
G_good,2903017,11,35,3.804979,0,1,0.002486,0.437007,1
G_good,2903017,12,36,3.544948,1,0,0.0,0.832772,1
G_good,2903017,12,49,2.941888,1,0,0.0,2.492975,1
G_good,2903017,12,51,3.12901,1,0,0.001789,1.767699,1
G_good,2903017,12,57,2.86879,0,1,0.000592,2.406433,1
G_good,2903017,13,39,4.166135,0,1,0.0,0.227756,0
G_good,2903017,13,47,4.129991,0,1,0.002711,0.241911,0
G_good,2903017,14,38,3.075123,0,1,0.0,1.655624,1
G_good,2903017,14,48,3.532104,1,0,0.0,0.852448,1
G_good,2903017,15,24,4.029898,0,1,0.0,0.291774,0
G_good,2903017,15,32,3.902127,0,1,0.001089,0.367275,1
G_good,2903017,17,32,3.020883,1,0,0.002024,2.15072,1
G_good,2903017,17,60,4.157882,0,1,0.0,0.231199,0
G_good,2903017,18,24,3.857892,0,1,0.003604,0.396038,1
G_good,2903017,19,31,3.223709,0,1,0.0,1.263672,1
G_good,2903017,19,59,3.601146,1,0,0.00135,0.749857,1
G_good,2903017,20,33,3.751017,0,1,0.0,0.48446,1
G_good,2903017,21,26,3.839269,0,1,0.000954,0.411853,1
G_good,2903017,21,42,2.986121,0,1,0.0,1.946435,1
G_good,2903017,21,46,2.959105,1,0,0.0,2.416146,1
G_good,2903017,21,51,3.966431,1,0,0.0,0.387001,1
G_good,2903017,22,44,2.961377,0,1,0.000639,2.0334,1
G_good,2903017,22,53,3.006682,1,0,0.0,2.215923,1
G_good,2903017,23,43,3.682238,1,0,0.001311,0.647113,1
G_good,2903017,25,35,3.684637,1,0,0.000398,0.645473,1
G_good,2903017,25,45,3.540032,1,0,0.004235,0.833161,1
G_good,2903017,26,28,3.925414,0,1,0.002649,0.350953,1
G_good,2903017,26,40,3.141568,1,0,0.0,1.733986,1
G_good,2903017,26,42,3.298721,0,1,0.0,1.102561,1
G_good,2903017,27,52,2.930592,1,0,0.0,2.544707,1
G_good,2903017,28,56,3.849386,0,1,0.0,0.405119,1
G_good,2903017,29,30,3.237639,0,1,0.000746,1.23023,1
G_good,2903017,30,49,3.171549,0,1,0.0,1.38938,1
G_good,2903017,31,33,4.089564,1,0,0.0,0.309373,0
G_good,2903017,32,34,4.041454,1,0,0.001248,0.336812,0
G_good,2903017,32,50,3.707167,0,1,0.0,0.524666,1
G_good,2903017,32,60,3.256358,0,1,0.0,1.190839,1
G_good,2903017,33,55,3.605086,0,1,0.000757,0.630711,1
G_good,2903017,36,54,3.95253,0,1,0.000777,0.335323,0
G_good,2903017,36,57,2.926258,0,1,0.0,2.170246,1
G_good,2903017,37,61,3.074958,0,1,0.0,1.65612,1
G_good,2903017,38,48,3.122984,0,1,0.000225,1.516959,1
G_good,2903017,38,54,3.450128,0,1,0.0,0.837236,1
G_good,2903017,39,63,3.07207,0,1,0.0,1.664838,1
G_good,2903017,40,42,3.754077,0,1,0.0,0.481772,1
G_good,2903017,40,61,3.130035,0,1,0.0,1.498309,1
G_good,2903017,41,46,4.085439,1,0,0.003998,0.30922,0
G_good,2903017,41,60,3.731902,1,0,0.001051,0.591547,1
G_good,2903017,42,46,3.913583,0,1,0.0,0.360488,1
G_good,2903017,42,54,3.297959,1,0,0.0,1.304833,1
G_good,2903017,43,52,4.131306,0,1,0.0,0.242645,0
G_good,2903017,45,47,3.28587,1,0,0.0,1.333831,1
G_good,2903017,46,51,3.148437,0,1,0.001636,1.444274,1
G_good,2903017,49,52,4.151921,0,1,0.000826,0.233333,0
G_good,2903017,49,57,4.156358,0,1,0.0,0.231841,0
G_good,2903017,50,59,3.502775,1,0,0.001365,0.896688,1
G_good,2903018,0,33,3.449424,0,1,0.0,0.838307,1
G_good,2903018,1,7,3.747128,0,1,0.001975,0.485974,1
G_good,2903018,1,19,3.666659,1,0,0.000199,0.667186,1
G_good,2903018,1,22,3.283445,1,0,0.0,1.339726,1
G_good,2903018,2,21,3.580031,1,0,0.0,0.78131,1
G_good,2903018,2,31,3.773089,0,1,0.000473,0.464963,1
G_good,2903018,2,35,3.326558,0,1,0.0,1.048147,1
G_good,2903018,3,39,3.081627,0,1,0.000584,1.634249,1
G_good,2903018,4,17,3.727515,1,0,0.0,0.597539,1
G_good,2903018,4,32,3.073667,0,1,0.002396,1.652075,1
G_good,2903018,5,50,3.357732,1,0,0.002858,1.163788,1
G_good,2903018,5,63,3.600281,1,0,0.0,0.753067,1
G_good,2903018,6,34,3.051145,0,1,0.0,1.729398,1
G_good,2903018,6,62,3.366768,0,1,0.000816,0.972662,1
G_good,2903018,7,38,3.021831,0,1,4.4e-05,1.823911,1
G_good,2903018,7,53,3.243709,0,1,0.002647,1.212111,1
G_good,2903018,8,53,4.148276,0,1,0.000437,0.235068,0
G_good,2903018,8,57,3.56067,1,0,0.0,0.809304,1
G_good,2903018,9,25,3.350543,1,0,0.002246,1.180545,1
G_good,2903018,9,62,3.632483,0,1,0.003097,0.597262,1
G_good,2903018,11,36,3.359216,0,1,0.001347,0.985063,1
G_good,2903018,11,37,4.127745,0,1,0.0,0.244221,0
G_good,2903018,12,34,3.878257,1,0,0.0,0.454293,1
G_good,2903018,12,44,4.101325,1,0,0.0009,0.302283,0
G_good,2903018,13,27,4.077566,0,1,0.0,0.267551,0
G_good,2903018,13,28,3.53313,0,1,0.0,0.719958,1
G_good,2903018,13,49,3.936536,0,1,0.000704,0.345267,0
G_good,2903018,14,15,3.866863,0,1,0.000164,0.39232,1
G_good,2903018,14,58,3.877497,1,0,0.00163,0.453441,1
G_good,2903018,15,16,2.981105,0,1,5e-05,1.964072,1
G_good,2903018,15,59,3.936461,0,1,0.000463,0.345481,0
G_good,2903018,16,20,3.097476,0,1,0.000652,1.587614,1
G_good,2903018,16,46,4.122095,0,1,0.0,0.246743,0
G_good,2903018,17,36,3.848238,0,1,0.000757,0.405351,1
G_good,2903018,18,24,3.428164,0,1,0.0,0.871346,1
G_good,2903018,18,42,4.040359,0,1,0.001145,0.285622,0
G_good,2903018,18,45,3.865421,1,0,0.0,0.46502,1
G_good,2903018,19,60,3.77901,0,1,0.0,0.460419,1
G_good,2903018,19,63,4.004949,0,1,0.0,0.305314,0
G_good,2903018,20,40,4.153726,0,1,0.003104,0.231511,0
G_good,2903018,20,60,3.75514,0,1,0.0,0.480842,1
G_good,2903018,21,32,3.773147,0,1,0.0,0.465354,1
G_good,2903018,22,28,3.992623,0,1,0.0,0.312234,0
G_good,2903018,24,45,3.816985,0,1,0.0,0.429702,1
G_good,2903018,26,29,2.898854,0,1,0.0,2.281122,1
G_good,2903018,26,30,3.256457,0,1,0.000377,1.189728,1
G_good,2903018,27,57,3.072808,0,1,0.002003,1.655959,1
G_good,2903018,27,59,2.88276,0,1,0.002006,2.339451,1
G_good,2903018,28,31,3.540891,0,1,0.0,0.70987,1
G_good,2903018,28,43,2.897441,0,1,0.003789,2.269722,1
G_good,2903018,29,41,4.052112,1,0,0.001667,0.330071,0
G_good,2903018,29,61,3.234584,1,0,0.0,1.464191,1
G_good,2903018,31,51,3.649606,0,1,0.002201,0.579994,1
G_good,2903018,32,36,4.04211,0,1,0.0,0.285367,0
G_good,2903018,34,44,2.989657,1,0,0.000234,2.28452,1
G_good,2903018,34,58,3.688865,0,1,0.001578,0.54071,1
G_good,2903018,37,52,3.941902,0,1,0.002068,0.340984,0
G_good,2903018,38,53,3.628813,0,1,0.0,0.604997,1
G_good,2903018,38,56,3.987644,0,1,0.001417,0.314181,0
G_good,2903018,40,60,2.881318,1,0,0.002491,2.769379,1
G_good,2903018,41,49,3.569754,0,1,0.000227,0.673273,1
G_good,2903018,41,61,3.226822,0,1,0.0,1.256538,1
G_good,2903018,42,44,3.137671,1,0,0.000808,1.743497,1
G_good,2903018,42,58,3.761556,0,1,0.002652,0.47275,1
G_good,2903018,43,62,3.614519,0,1,0.0,0.620926,1
G_good,2903018,44,58,3.6636,0,1,0.0,0.567917,1
G_good,2903018,47,48,3.175832,1,0,0.002972,1.619603,1
G_good,2903018,49,61,3.890842,1,0,0.0,0.444016,1
G_good,2903018,51,55,4.053094,0,1,0.001873,0.278678,0
G_good,2903018,51,56,3.171761,1,0,0.0,1.641362,1
G_good,2903018,51,57,4.19454,0,1,0.0,0.216292,0
G_good,2903018,53,57,4.114986,0,1,0.001166,0.24937,0
G_good,2903018,55,56,3.843323,1,0,0.000356,0.48374,1
G_good,2903019,0,55,4.142029,0,1,0.0,0.23796,0
G_good,2903019,0,63,3.566659,0,1,0.0,0.677379,1
G_good,2903019,1,45,3.010908,1,0,0.00207,2.189878,1
G_good,2903019,1,54,3.450139,1,0,0.0,0.989441,1
G_good,2903019,2,6,2.871132,0,1,0.003495,2.38233,1
G_good,2903019,2,51,3.05061,0,1,0.0,1.731082,1
G_good,2903019,4,9,4.123401,0,1,0.001798,0.245274,0
G_good,2903019,4,11,3.107516,0,1,0.0,1.560929,1
G_good,2903019,4,17,4.056302,1,0,0.0,0.328661,0
G_good,2903019,5,32,3.277289,1,0,0.0,1.354805,1
G_good,2903019,5,43,3.325547,0,1,0.000824,1.048345,1
G_good,2903019,5,57,4.051741,0,1,0.00024,0.280278,0
G_good,2903019,6,36,4.03389,0,1,0.0,0.289664,0
G_good,2903019,6,38,3.660241,0,1,0.0,0.571396,1
G_good,2903019,7,40,3.914843,1,0,0.0,0.425057,1
G_good,2903019,7,59,3.595532,0,1,0.000135,0.642562,1
G_good,2903019,8,13,3.922603,0,1,0.000227,0.354464,1
G_good,2903019,8,24,3.843591,0,1,0.001021,0.408575,1
G_good,2903019,8,53,3.290682,1,0,0.0,1.322212,1
G_good,2903019,8,55,3.196476,0,1,0.0,1.327817,1
G_good,2903019,8,63,3.933406,0,1,0.0,0.347727,0
G_good,2903019,9,18,3.729852,0,1,0.0,0.503466,1
G_good,2903019,9,39,3.133653,0,1,0.0,1.488485,1
G_good,2903019,9,53,3.589213,1,0,0.000875,0.767032,1
G_good,2903019,10,25,3.348195,1,0,0.002494,1.185008,1
G_good,2903019,10,48,3.853758,1,0,0.0,0.474987,1
G_good,2903019,10,55,4.196174,1,0,0.000463,0.254623,0
G_good,2903019,11,29,4.046608,0,1,0.000249,0.282902,0
G_good,2903019,12,15,3.740589,0,1,0.000183,0.493553,1
G_good,2903019,12,43,3.318168,1,0,0.000728,1.25593,1
G_good,2903019,12,59,2.887732,0,1,0.0,2.327717,1
G_good,2903019,13,53,3.130607,0,1,0.002349,1.489735,1
G_good,2903019,13,60,3.167787,0,1,0.001145,1.395716,1
G_good,2903019,14,31,3.051288,1,0,0.003173,2.030377,1
G_good,2903019,14,49,4.139328,0,1,0.0,0.239132,0
G_good,2903019,15,19,4.047845,0,1,0.00324,0.280582,0
G_good,2903019,15,46,4.032706,0,1,0.005754,0.286966,0
G_good,2903019,15,51,3.711228,0,1,0.0,0.520807,1
G_good,2903019,15,59,3.68488,0,1,0.0,0.546363,1
G_good,2903019,16,17,3.267793,0,1,0.0,1.166338,1
G_good,2903019,16,30,4.028837,0,1,0.001455,0.291488,0
G_good,2903019,16,33,3.72188,0,1,0.0,0.510817,1
G_good,2903019,17,26,3.958192,1,0,0.003544,0.390067,1
G_good,2903019,17,58,3.958645,0,1,0.002538,0.330449,0
G_good,2903019,18,24,4.159902,1,0,0.003136,0.270532,0
G_good,2903019,19,59,3.633385,1,0,0.0,0.709078,1
G_good,2903019,20,25,3.796938,0,1,0.0,0.445653,1
G_good,2903019,20,46,3.239225,1,0,0.003036,1.443099,1
G_good,2903019,20,48,3.450158,1,0,0.0,0.989406,1
G_good,2903019,20,49,3.360666,0,1,0.0,0.98512,1
G_good,2903019,21,41,3.647926,1,0,0.001616,0.688348,1
G_good,2903019,21,62,3.065842,1,0,0.0,1.989943,1
G_good,2903019,23,29,4.107991,1,0,0.0,0.29918,0
G_good,2903019,25,27,3.459108,1,0,0.0,0.973436,1
G_good,2903019,25,60,3.950308,1,0,0.0,0.398514,1
G_good,2903019,25,62,3.768442,0,1,5.1e-05,0.469304,1
G_good,2903019,27,42,3.534743,0,1,0.001759,0.715329,1
G_good,2903019,27,60,3.916417,1,0,0.0,0.423842,1
G_good,2903019,28,52,3.96395,1,0,0.001383,0.387677,1
G_good,2903019,29,39,2.904798,0,1,0.0,2.2566,1
G_good,2903019,29,42,4.071248,0,1,0.0,0.270642,0
G_good,2903019,30,44,3.171467,0,1,0.0,1.389586,1
G_good,2903019,31,32,4.151831,1,0,0.000254,0.276118,0
G_good,2903019,31,49,3.931177,0,1,0.0,0.34914,0
G_good,2903019,32,43,3.639927,0,1,0.0,0.592894,1
G_good,2903019,33,34,3.776578,1,0,0.001986,0.544378,1
G_good,2903019,33,51,3.301716,0,1,0.00344,1.089056,1
G_good,2903019,33,56,3.068332,0,1,0.000141,1.67572,1
G_good,2903019,33,58,2.850826,0,1,0.0,2.489271,1
G_good,2903019,34,58,3.169168,1,0,0.0,1.649119,1
G_good,2903019,35,57,3.430793,0,1,0.0,0.867192,1
G_good,2903019,36,37,3.808303,0,1,0.0,0.436539,1
G_good,2903019,36,47,3.860185,1,0,0.0,0.469469,1
G_good,2903019,37,47,2.963021,1,0,0.0,2.399003,1
G_good,2903019,38,39,3.887681,0,1,0.001092,0.377047,1
G_good,2903019,41,62,3.609907,0,1,0.000837,0.625108,1
G_good,2903019,42,63,3.997865,0,1,0.000256,0.309113,0
G_good,2903019,43,57,3.580231,0,1,0.0,0.660869,1
G_good,2903019,45,54,3.288076,0,1,0.001375,1.121021,1
G_good,2903019,46,49,3.845617,0,1,0.000172,0.407765,1
G_good,2903019,48,49,3.601876,1,0,0.000339,0.750376,1
G_good,2903019,48,55,4.015986,0,1,0.0,0.299248,0
G_good,2903019,49,50,3.140067,0,1,0.002356,1.464311,1
G_good,2903019,50,56,3.43732,0,1,0.003089,0.851684,1
G_good,2903019,51,56,3.274008,0,1,0.0,1.153232,1
G_good,2903019,55,63,3.596824,0,1,0.002536,0.637984,1
G_good,2903019,60,62,3.437247,0,1,0.001165,0.85508,1
G_good,2903020,0,6,4.098405,1,0,0.0,0.30444,0
G_good,2903020,0,39,3.157632,0,1,0.0,1.424984,1
G_good,2903020,1,19,3.078837,0,1,0.003718,1.632297,1
G_good,2903020,1,21,3.20828,0,1,0.0,1.299622,1
G_good,2903020,1,36,3.675169,0,1,0.0,0.556095,1
G_good,2903020,2,22,3.635568,1,0,0.001887,0.703608,1
G_good,2903020,2,39,4.153096,0,1,0.0,0.23322,0
G_good,2903020,2,58,3.747395,1,0,0.001186,0.57496,1
G_good,2903020,3,26,3.829857,0,1,0.000326,0.419489,1
G_good,2903020,3,35,3.122165,1,0,0.002021,1.789003,1
G_good,2903020,3,48,3.20061,1,0,0.0,1.557486,1
G_good,2903020,3,55,2.920454,1,0,0.001826,2.582599,1
G_good,2903020,4,22,3.818911,0,1,0.002699,0.425895,1
G_good,2903020,4,30,3.561863,0,1,0.0,0.683311,1
G_good,2903020,4,47,3.561476,1,0,0.003041,0.803218,1
G_good,2903020,4,62,3.292286,0,1,0.0,1.115537,1
G_good,2903020,5,10,3.739797,0,1,0.0,0.494445,1
G_good,2903020,5,11,3.936983,0,1,0.0,0.345473,0
G_good,2903020,5,18,2.959373,0,1,0.004204,2.026322,1
G_good,2903020,5,33,4.008622,0,1,0.0,0.303282,0
G_good,2903020,5,47,3.517584,0,1,0.0,0.740598,1
G_good,2903020,6,46,4.109354,1,0,0.0,0.298439,0
G_good,2903020,6,62,3.441573,1,0,0.0,1.004971,1
G_good,2903020,7,31,3.011594,1,0,0.0,2.196223,1
G_good,2903020,7,51,3.742888,0,1,0.001599,0.490103,1
G_good,2903020,8,32,3.454781,0,1,0.0,0.830182,1
G_good,2903020,8,48,3.224321,1,0,0.000907,1.489066,1
G_good,2903020,9,25,3.654874,0,1,0.001004,0.575841,1
G_good,2903020,9,32,4.064345,1,0,0.00155,0.322887,0
G_good,2903020,10,18,3.675319,0,1,0.0,0.555944,1
G_good,2903020,11,33,3.367644,0,1,0.000613,0.971509,1
G_good,2903020,11,43,4.049508,0,1,0.002707,0.280034,0
G_good,2903020,11,59,4.12038,0,1,0.0,0.247514,0
G_good,2903020,11,63,3.47383,0,1,0.000537,0.801061,1
G_good,2903020,12,13,3.305035,0,1,0.0,1.089975,1
G_good,2903020,12,17,2.989685,0,1,0.000206,1.933064,1
G_good,2903020,12,18,3.901191,1,0,0.001065,0.434813,1
G_good,2903020,12,35,4.193376,0,1,0.002895,0.215499,0
G_good,2903020,12,54,3.177954,1,0,0.001962,1.616629,1
G_good,2903020,13,24,3.519117,1,0,0.0,0.872815,1
G_good,2903020,14,36,3.197555,1,0,0.000327,1.565137,1
G_good,2903020,14,52,4.049312,1,0,0.0,0.332864,0
G_good,2903020,15,51,3.749962,0,1,0.002483,0.482985,1
G_good,2903020,16,19,3.838524,0,1,0.0,0.4132,1
G_good,2903020,16,58,3.488271,0,1,9.7e-05,0.780989,1
G_good,2903020,17,42,3.859932,0,1,0.0,0.397426,1
G_good,2903020,17,49,3.839303,0,1,0.0,0.412615,1
G_good,2903020,20,23,3.525739,1,0,0.0,0.86237,1
G_good,2903020,20,34,3.660076,0,1,0.0,0.571567,1
G_good,2903020,20,57,3.729039,0,1,0.000735,0.50347,1
G_good,2903020,21,61,3.159903,0,1,0.001045,1.41615,1
G_good,2903020,23,27,3.313157,0,1,0.0,1.073999,1
G_good,2903020,23,30,3.016752,0,1,0.0,1.840997,1
G_good,2903020,23,56,3.129764,0,1,0.0,1.499047,1
G_good,2903020,24,39,4.07475,0,1,0.002054,0.267821,0
G_good,2903020,25,45,3.67178,0,1,0.000826,0.558609,1
G_good,2903020,25,52,3.628095,1,0,0.0,0.715931,1
G_good,2903020,26,35,3.310543,0,1,0.0,1.079114,1
G_good,2903020,26,38,2.879338,0,1,0.0,2.363517,1
G_good,2903020,26,55,3.566974,1,0,0.0,0.800081,1
G_good,2903020,27,56,3.774652,0,1,0.000766,0.463372,1
G_good,2903020,28,43,3.099348,1,0,0.0,1.872336,1
G_good,2903020,28,63,3.081532,1,0,0.002669,1.923681,1
G_good,2903020,29,50,3.601815,1,0,0.0,0.750969,1
G_good,2903020,32,55,3.201963,0,1,0.0,1.314636,1
G_good,2903020,33,63,3.447401,1,0,0.0,0.994378,1
G_good,2903020,36,40,3.791985,1,0,0.0,0.531446,1
G_good,2903020,36,49,4.0106,0,1,0.0,0.302193,0
G_good,2903020,37,46,3.863435,0,1,0.000471,0.394531,1
G_good,2903020,37,61,4.187025,0,1,0.001193,0.218745,0
G_good,2903020,39,57,3.547316,1,0,0.001257,0.827112,1
G_good,2903020,40,43,4.076871,0,1,0.0,0.267889,0
G_good,2903020,40,46,3.009885,1,0,0.0,2.203055,1
G_good,2903020,40,49,3.122075,1,0,0.002001,1.789367,1
G_good,2903020,41,61,4.029928,1,0,0.0,0.344804,0
G_good,2903020,42,59,3.931047,0,1,0.0,0.349222,0
G_good,2903020,42,62,3.90223,0,1,0.0012,0.367125,1
G_good,2903020,43,63,2.917252,0,1,0.0,2.206075,1
G_good,2903020,44,54,3.008497,0,1,0.0,1.868837,1
G_good,2903020,45,59,3.737892,0,1,0.0,0.49616,1
G_good,2903020,48,55,3.440817,0,1,0.0,0.85153,1
G_good,2903020,55,59,4.175409,0,1,0.0,0.223948,0
G_good,2903021,0,31,3.455007,1,0,0.0,0.980722,1
G_good,2903021,1,40,4.066092,0,1,0.003577,0.271243,0
G_good,2903021,2,27,3.33814,0,1,0.0,1.026304,1
G_good,2903021,2,61,2.966141,1,0,0.0,2.385435,1
G_good,2903021,3,55,3.963567,1,0,0.0,0.389021,1
G_good,2903021,4,9,4.033526,1,0,0.002749,0.340678,0
G_good,2903021,4,17,3.983816,0,1,0.000983,0.31665,0
G_good,2903021,4,23,3.600199,1,0,0.0,0.753179,1
G_good,2903021,4,26,3.4817,1,0,0.0,0.934262,1
G_good,2903021,5,35,3.66643,0,1,0.001562,0.563239,1
G_good,2903021,5,57,2.986906,1,0,0.001278,2.291188,1
G_good,2903021,7,43,3.641588,0,1,0.0,0.591106,1
G_good,2903021,7,60,3.333433,1,0,0.002916,1.216215,1
G_good,2903021,8,15,2.92243,0,1,0.001241,2.179986,1
G_good,2903021,9,44,3.299658,0,1,0.001493,1.097401,1
G_good,2903021,9,59,3.302948,0,1,0.003237,1.087059,1
G_good,2903021,9,63,3.068801,0,1,0.0013,1.670417,1
G_good,2903021,10,12,3.494518,0,1,0.0,0.772317,1
G_good,2903021,10,37,4.090974,1,0,0.0,0.308581,0
G_good,2903021,10,45,3.352556,1,0,0.001778,1.177333,1
G_good,2903021,11,48,2.912626,0,1,0.0,2.224711,1
G_good,2903021,11,52,3.463562,1,0,0.000534,0.964554,1
G_good,2903021,12,37,2.919992,1,0,0.0,2.594224,1
G_good,2903021,12,38,4.007823,1,0,0.0,0.358945,1
G_good,2903021,13,21,2.964806,0,1,0.0,2.023347,1
G_good,2903021,13,37,3.734227,1,0,0.0,0.590292,1
G_good,2903021,13,48,3.02294,0,1,0.0,1.820399,1
G_good,2903021,14,22,2.994753,0,1,0.002192,1.907745,1
G_good,2903021,14,56,3.79457,0,1,0.0,0.447576,1
G_good,2903021,14,57,2.916447,0,1,0.0,2.209309,1
G_good,2903021,15,22,3.20829,0,1,0.0,1.299599,1
G_good,2903021,15,49,3.990796,0,1,0.0,0.313272,0
G_good,2903021,15,51,3.167194,1,0,0.0,1.655049,1
G_good,2903021,16,28,3.768959,0,1,5.7e-05,0.468857,1
G_good,2903021,17,38,3.642726,1,0,0.001004,0.695739,1
G_good,2903021,18,27,3.616695,1,0,0.0,0.730925,1
G_good,2903021,18,61,3.68147,1,0,0.0,0.649718,1
G_good,2903021,19,34,3.276986,1,0,0.003079,1.34723,1
G_good,2903021,19,36,3.881056,1,0,0.000948,0.451131,1
G_good,2903021,19,60,3.983601,0,1,0.000191,0.317276,0
G_good,2903021,20,44,3.460267,0,1,0.0,0.821943,1
G_good,2903021,20,46,4.00304,1,0,0.0,0.36208,1
G_good,2903021,20,62,3.820022,1,0,0.001538,0.503482,1
G_good,2903021,22,36,3.810544,1,0,0.0,0.513812,1
G_good,2903021,22,51,2.918748,0,1,0.00173,2.192486,1
G_good,2903021,22,57,3.979264,0,1,0.0,0.31991,0
G_good,2903021,23,43,3.299158,0,1,0.001808,1.097708,1
G_good,2903021,23,59,4.16999,0,1,0.0,0.226165,0
G_good,2903021,24,28,2.955884,0,1,0.0,2.05644,1
G_good,2903021,24,48,3.17478,0,1,0.000678,1.37937,1
G_good,2903021,24,54,3.838304,0,1,0.001761,0.411912,1
G_good,2903021,26,61,4.067967,0,1,0.0,0.272261,0
G_good,2903021,27,53,4.133633,0,1,0.0,0.241621,0
G_good,2903021,27,54,4.084793,0,1,0.001539,0.263247,0
G_good,2903021,27,61,3.619826,1,0,0.003097,0.722288,1
G_good,2903021,28,36,3.871048,0,1,0.00089,0.388781,1
G_good,2903021,28,54,3.637987,0,1,0.000707,0.594148,1
G_good,2903021,29,60,3.912316,0,1,0.0,0.36132,1
G_good,2903021,30,62,3.768866,1,0,0.0,0.554261,1
G_good,2903021,32,42,4.152176,1,0,0.0,0.276085,0
G_good,2903021,33,35,3.097351,0,1,0.001397,1.585611,1
G_good,2903021,33,41,3.13719,1,0,0.0,1.747844,1
G_good,2903021,34,47,3.41206,0,1,0.0,0.897237,1
G_good,2903021,34,50,3.046628,1,0,0.0,2.06069,1
G_good,2903021,35,41,4.009084,0,1,0.001695,0.302002,0
G_good,2903021,35,56,2.90545,0,1,0.001737,2.246111,1
G_good,2903021,38,40,3.140263,0,1,0.001563,1.466112,1
G_good,2903021,38,50,3.44194,1,0,0.0,1.0043,1
G_good,2903021,39,56,3.714427,1,0,0.005348,0.605418,1
G_good,2903021,40,50,4.09213,0,1,0.000327,0.260388,0
G_good,2903021,41,44,4.041306,0,1,0.0,0.285784,0
G_good,2903021,41,46,4.076261,0,1,0.0,0.268186,0
G_good,2903021,42,51,3.255498,0,1,0.001384,1.189407,1
G_good,2903021,42,53,2.86187,0,1,0.002431,2.427953,1
G_good,2903021,44,63,3.169361,0,1,0.0,1.394919,1
G_good,2903021,45,62,3.736055,0,1,0.003813,0.494038,1
G_good,2903021,46,52,3.615807,0,1,0.0,0.619474,1
G_good,2903021,46,62,3.709681,0,1,0.003039,0.519108,1
G_good,2903021,49,51,3.967158,0,1,0.000536,0.326679,0
G_good,2903021,53,58,3.143292,0,1,0.0,1.462626,1
G_good,2903021,59,61,3.89065,0,1,0.0,0.375837,1
G_good,2903022,0,28,4.181002,1,0,0.000846,0.261544,0
G_good,2903022,1,34,3.4269,1,0,0.0,1.032143,1
G_good,2903022,2,17,3.502622,1,0,0.0,0.899389,1
G_good,2903022,2,35,3.573675,0,1,0.000143,0.668601,1
G_good,2903022,3,41,3.294695,1,0,0.002195,1.306852,1
G_good,2903022,3,44,3.762925,0,1,0.0,0.474084,1
G_good,2903022,3,51,3.368415,0,1,0.0,0.971339,1
G_good,2903022,3,60,3.501211,0,1,0.00064,0.762,1
G_good,2903022,4,6,2.978422,1,0,0.0,2.332757,1
G_good,2903022,5,23,3.805846,0,1,0.000257,0.438268,1
G_good,2903022,5,27,3.917634,0,1,0.0,0.357843,1
G_good,2903022,5,28,3.274961,0,1,0.0,1.151236,1
G_good,2903022,5,36,3.906827,0,1,0.0,0.364944,1
G_good,2903022,6,31,3.190765,0,1,0.0,1.341675,1
G_good,2903022,7,13,3.837072,1,0,0.00223,0.487439,1
G_good,2903022,8,12,3.428902,1,0,0.001639,1.025026,1
G_good,2903022,8,16,3.981341,0,1,0.000777,0.318209,0
G_good,2903022,8,51,3.379431,0,1,0.000473,0.951176,1
G_good,2903022,9,22,2.916032,0,1,0.0,2.210974,1
G_good,2903022,9,25,4.067207,0,1,0.0,0.272638,0
G_good,2903022,9,56,4.182551,0,1,0.0,0.221058,0
G_good,2903022,10,19,3.798516,0,1,0.0,0.444377,1
G_good,2903022,10,39,3.289164,0,1,0.00081,1.120072,1
G_good,2903022,10,53,3.464346,0,1,0.001785,0.812963,1
G_good,2903022,11,39,3.480526,1,0,0.0,0.936257,1
G_good,2903022,11,40,4.127015,0,1,0.000341,0.244379,0
G_good,2903022,11,57,3.646655,1,0,0.003142,0.687839,1
G_good,2903022,12,16,3.072224,1,0,0.0,1.966987,1
G_good,2903022,12,34,3.682712,0,1,0.0,0.548521,1
G_good,2903022,12,37,3.277283,0,1,0.001168,1.143711,1
G_good,2903022,13,44,3.461137,0,1,0.001681,0.817889,1
G_good,2903022,13,60,4.045256,1,0,0.0,0.335328,0
G_good,2903022,14,20,3.922643,1,0,0.002609,0.416891,1
G_good,2903022,14,43,3.297183,0,1,0.0,1.105649,1
G_good,2903022,15,23,3.14369,1,0,0.0,1.727307,1
G_good,2903022,15,42,3.400523,0,1,0.001711,0.913126,1
G_good,2903022,16,46,4.109817,1,0,0.0,0.298188,0
G_good,2903022,18,49,3.45256,0,1,0.0,0.833541,1
G_good,2903022,18,58,4.03578,0,1,0.0,0.28867,0
G_good,2903022,19,50,4.036414,0,1,0.0,0.288337,0
G_good,2903022,20,50,2.894395,0,1,0.0,2.299689,1
G_good,2903022,20,55,3.675,0,1,0.0,0.556267,1
G_good,2903022,21,24,3.55791,0,1,0.0,0.688241,1
G_good,2903022,22,25,3.357922,0,1,0.0,0.990047,1
G_good,2903022,22,56,3.542651,0,1,0.0,0.707602,1
G_good,2903022,25,44,3.998953,1,0,0.000952,0.364087,1
G_good,2903022,26,27,3.894461,1,0,0.0,0.441104,1
G_good,2903022,26,59,4.144511,0,1,0.002421,0.235745,0
G_good,2903022,27,30,3.014205,0,1,0.0,1.849541,1
G_good,2903022,27,32,4.06212,1,0,0.0,0.325202,0
G_good,2903022,29,58,4.091409,0,1,0.0,0.260901,0
G_good,2903022,29,61,3.896318,0,1,0.0,0.371984,1
G_good,2903022,30,32,3.199644,0,1,0.0,1.32019,1
G_good,2903022,31,47,2.898925,0,1,0.002407,2.269872,1
G_good,2903022,32,49,3.719363,1,0,0.000191,0.60623,1
G_good,2903022,32,52,2.902958,0,1,0.000817,2.260468,1
G_good,2903022,32,57,3.131146,0,1,0.0,1.495287,1
G_good,2903022,33,34,3.537013,0,1,0.0,0.714893,1
G_good,2903022,33,49,3.629466,0,1,0.002337,0.601461,1
G_good,2903022,35,40,3.935961,1,0,0.001001,0.408227,1
G_good,2903022,36,57,4.093673,1,0,0.000613,0.306694,0
G_good,2903022,36,61,2.928897,0,1,0.0,2.159857,1
G_good,2903022,37,55,3.471051,1,0,0.000856,0.950895,1
G_good,2903022,37,63,3.318534,0,1,0.00022,1.063082,1
G_good,2903022,38,39,3.475623,1,0,0.00178,0.941284,1
G_good,2903022,38,44,3.248411,1,0,0.001025,1.424916,1
G_good,2903022,39,53,3.664719,0,1,0.001136,0.565476,1
G_good,2903022,40,62,3.863471,0,1,0.0,0.394877,1
G_good,2903022,41,51,3.36814,0,1,0.0,0.971824,1
G_good,2903022,42,50,4.116645,0,1,0.0,0.2492,0
G_good,2903022,42,62,3.401252,0,1,0.0,0.915043,1
G_good,2903022,45,55,3.946003,1,0,0.0,0.401645,1
G_good,2903022,46,50,3.498475,1,0,0.002344,0.901959,1
G_good,2903022,46,55,3.241536,0,1,0.000991,1.220946,1
G_good,2903022,48,61,3.757228,0,1,3.1e-05,0.47899,1
G_good,2903022,48,63,3.76186,0,1,0.0,0.475003,1
G_good,2903022,49,52,3.466196,0,1,0.001537,0.810634,1
G_good,2903022,50,55,3.04699,0,1,0.0,1.742513,1
G_good,2903022,52,57,3.728806,1,0,0.0,0.596138,1
G_good,2903022,53,62,3.976811,0,1,0.0,0.32134,0
G_good,2903022,61,63,4.037539,1,0,0.0,0.340066,0
G_good,2903023,0,57,3.900256,0,1,0.0,0.36933,1
G_good,2903023,0,60,3.028772,1,0,0.0,2.12869,1
G_good,2903023,1,63,4.074176,0,1,6e-05,0.269173,0
G_good,2903023,2,22,3.699896,1,0,0.0,0.628312,1
G_good,2903023,2,27,3.71199,1,0,0.0,0.614646,1
G_good,2903023,3,30,3.54269,0,1,0.002607,0.703873,1
G_good,2903023,3,42,4.134068,1,0,0.0,0.285326,0
G_good,2903023,4,14,3.081281,0,1,0.002596,1.628712,1
G_good,2903023,4,32,4.167233,0,1,0.002887,0.225993,0
G_good,2903023,4,36,3.045727,1,0,0.0,2.064068,1
G_good,2903023,4,58,3.435451,0,1,0.0,0.859878,1
G_good,2903023,5,39,3.188704,1,0,0.0,1.591569,1
G_good,2903023,5,40,4.160106,1,0,0.00162,0.271252,0
G_good,2903023,5,43,3.712186,0,1,0.000401,0.519483,1
G_good,2903023,5,55,2.864183,1,0,0.001661,2.86176,1
G_good,2903023,6,42,3.296395,0,1,0.0,1.107233,1
G_good,2903023,6,52,3.055068,0,1,0.0,1.717108,1
G_good,2903023,6,56,4.084791,0,1,0.001941,0.263036,0
G_good,2903023,7,42,3.475274,0,1,0.00127,0.797791,1
G_good,2903023,8,9,3.570664,0,1,0.001746,0.67012,1
G_good,2903023,8,59,3.96504,0,1,0.0,0.328292,0
G_good,2903023,9,35,3.08158,0,1,0.0,1.6363,1
G_good,2903023,9,52,4.124371,1,0,0.0,0.290401,0
G_good,2903023,9,62,3.67807,0,1,0.0,0.55317,1
G_good,2903023,10,12,3.972506,0,1,0.0,0.323865,0
G_good,2903023,10,40,4.02773,1,0,0.000714,0.345691,0
G_good,2903023,11,46,3.452246,0,1,0.0,0.834017,1
G_good,2903023,11,63,3.924964,1,0,0.003918,0.414049,1
G_good,2903023,12,40,3.728879,0,1,0.002729,0.501612,1
G_good,2903023,13,45,3.655218,1,0,0.000839,0.680339,1
G_good,2903023,13,49,4.177652,0,1,0.000626,0.222757,0
G_good,2903023,14,26,4.185237,0,1,0.0,0.219982,0
G_good,2903023,14,31,2.875598,1,0,0.0,2.812304,1
G_good,2903023,14,36,3.812992,1,0,0.0,0.511531,1
G_good,2903023,14,58,2.942805,1,0,0.0,2.488824,1
G_good,2903023,15,40,3.870936,0,1,0.0,0.389553,1
G_good,2903023,16,33,3.87584,1,0,0.001203,0.455197,1
G_good,2903023,16,47,4.05714,0,1,0.000543,0.277373,0
G_good,2903023,17,52,3.979948,0,1,0.001642,0.318465,0
G_good,2903023,18,20,2.98554,0,1,0.002732,1.937873,1
G_good,2903023,18,32,3.598926,0,1,0.0,0.638782,1
G_good,2903023,18,59,3.516835,1,0,0.0,0.876445,1
G_good,2903023,19,54,3.372451,1,0,0.0,1.139551,1
G_good,2903023,20,59,3.093087,0,1,0.001128,1.598812,1
G_good,2903023,20,61,3.080575,1,0,0.002635,1.927162,1
G_good,2903023,21,29,3.649075,0,1,0.0,0.583115,1
G_good,2903023,21,54,3.716442,1,0,0.001687,0.607638,1
G_good,2903023,22,38,3.411504,0,1,0.001673,0.895144,1
G_good,2903023,23,44,2.913778,0,1,0.000945,2.215861,1
G_good,2903023,23,56,3.091338,0,1,0.0,1.607524,1
G_good,2903023,23,60,2.979973,0,1,0.0,1.968313,1
G_good,2903023,24,34,4.190398,0,1,0.0,0.217927,0
G_good,2903023,24,44,4.162608,0,1,0.003026,0.227838,0
G_good,2903023,24,55,3.083832,1,0,0.001008,1.922027,1
G_good,2903023,25,33,3.429961,0,1,0.00054,0.867568,1
G_good,2903023,25,39,3.913176,1,0,0.001782,0.42483,1
G_good,2903023,27,28,3.701603,0,1,0.000217,0.529771,1
G_good,2903023,27,49,4.053253,0,1,0.0,0.279643,0
G_good,2903023,28,45,3.9126,0,1,0.0,0.361134,1
G_good,2903023,28,47,3.196434,0,1,0.0,1.327918,1
G_good,2903023,29,41,2.914654,0,1,0.0,2.21652,1
G_good,2903023,30,38,4.060145,0,1,0.0,0.276161,0
G_good,2903023,30,51,3.755791,1,0,9.6e-05,0.567486,1
G_good,2903023,30,57,4.09797,0,1,0.003084,0.256221,0
G_good,2903023,31,49,3.476298,0,1,0.0,0.798332,1
G_good,2903023,32,36,3.042115,0,1,0.001573,1.752503,1
G_good,2903023,33,47,4.093074,1,0,0.0,0.307405,0
G_good,2903023,34,53,3.972292,0,1,0.001681,0.322904,0
G_good,2903023,35,37,3.547725,0,1,0.0,0.701104,1
G_good,2903023,35,59,3.93363,0,1,0.000599,0.347169,0
G_good,2903023,35,62,2.888502,0,1,0.0,2.324464,1
G_good,2903023,37,43,2.911726,0,1,0.000935,2.224191,1
G_good,2903023,37,47,3.879783,0,1,0.0,0.383337,1
G_good,2903023,39,43,3.435346,1,0,0.0,1.016414,1
G_good,2903023,39,47,3.136074,1,0,0.000535,1.749517,1
G_good,2903023,41,58,3.023185,0,1,0.0,1.819589,1
G_good,2903023,44,60,3.469864,0,1,0.000801,0.806432,1
G_good,2903023,45,47,4.031434,0,1,0.000938,0.290415,0
G_good,2903023,52,62,2.89624,0,1,0.001448,2.285362,1
G_good,2903023,53,61,4.091661,1,0,0.0,0.308196,0
G_good,2903023,53,63,3.924569,0,1,0.003412,0.350956,1
G_good,2903023,54,55,3.606848,1,0,0.004013,0.73818,1
G_good,2903023,56,60,3.550216,0,1,0.0,0.697936,1
G_good,2903023,57,60,3.917422,0,1,0.0,0.357981,1
G_good,2903023,57,61,2.972605,0,1,0.002819,1.983644,1
G_good,2903023,59,61,4.030976,1,0,0.0,0.344148,0
G_good,2903024,0,15,3.437791,1,0,0.000513,1.010869,1
G_good,2903024,1,3,3.61171,1,0,0.0,0.73758,1
G_good,2903024,1,14,2.894129,0,1,0.0,2.300801,1
G_good,2903024,1,37,3.210619,0,1,0.0,1.294106,1
G_good,2903024,1,62,3.263688,0,1,0.002225,1.169857,1
G_good,2903024,2,20,3.700455,0,1,0.002895,0.528042,1
G_good,2903024,2,37,3.98934,1,0,0.001906,0.3698,1
G_good,2903024,4,16,4.132569,1,0,0.0,0.286105,0
G_good,2903024,4,23,3.260759,0,1,0.005075,1.169419,1
G_good,2903024,4,35,3.732677,1,0,0.002295,0.589246,1
G_good,2903024,4,45,3.195012,1,0,0.0,1.573421,1
G_good,2903024,4,60,3.254731,0,1,0.0,1.194367,1
G_good,2903024,5,9,3.976824,1,0,0.0,0.379757,1
G_good,2903024,5,38,4.136347,0,1,0.0,0.240432,0
G_good,2903024,6,34,3.717164,0,1,0.00315,0.51198,1
G_good,2903024,6,52,2.92555,0,1,0.0,2.173042,1
G_good,2903024,6,61,4.14763,1,0,0.0,0.278377,0
G_good,2903024,7,53,3.48361,0,1,0.004553,0.780647,1
G_good,2903024,7,55,3.005535,0,1,0.000192,1.878206,1
G_good,2903024,7,57,3.957671,1,0,0.0,0.393214,1
G_good,2903024,8,23,3.75835,1,0,0.0,0.564961,1
G_good,2903024,8,29,4.069312,0,1,0.000513,0.271318,0
G_good,2903024,8,51,4.125113,0,1,0.002023,0.244402,0
G_good,2903024,10,29,3.870579,0,1,0.0,0.389806,1
G_good,2903024,10,54,2.9529,1,0,0.001376,2.436842,1
G_good,2903024,11,34,3.591355,0,1,0.001261,0.646005,1
G_good,2903024,11,37,3.254904,0,1,0.0,1.193993,1
G_good,2903024,12,60,3.522344,0,1,0.001218,0.73243,1
G_good,2903024,13,17,4.012611,0,1,0.0,0.30109,0
G_good,2903024,14,37,2.872399,0,1,0.002623,2.380996,1
G_good,2903024,16,33,4.102424,0,1,0.001424,0.255,0
G_good,2903024,16,35,3.335855,0,1,0.0,1.030577,1
G_good,2903024,16,43,3.532614,0,1,0.003726,0.715283,1
G_good,2903024,16,55,3.035299,0,1,0.0,1.77995,1
G_good,2903024,17,26,3.942937,0,1,0.0,0.341753,0
G_good,2903024,17,39,4.187829,1,0,0.0,0.258756,0
G_good,2903024,18,28,3.946655,0,1,0.001876,0.338179,0
G_good,2903024,18,42,4.085388,0,1,0.0,0.263772,0
G_good,2903024,18,52,2.888547,0,1,0.001224,2.318586,1
G_good,2903024,18,58,3.404494,0,1,0.001291,0.907319,1
G_good,2903024,19,47,2.91497,1,0,7.9e-05,2.617608,1
G_good,2903024,19,54,3.155281,0,1,0.0,1.431089,1
G_good,2903024,20,59,3.55287,0,1,0.0,0.694577,1
G_good,2903024,21,43,3.295527,0,1,0.0,1.108983,1
G_good,2903024,21,56,3.925041,0,1,0.0,0.353056,1
G_good,2903024,22,24,3.501716,0,1,0.0,0.762276,1
G_good,2903024,22,25,2.938407,0,1,0.0,2.122836,1
G_good,2903024,23,62,3.44592,0,1,0.0,0.843665,1
G_good,2903024,25,57,3.078346,1,0,0.00475,1.926819,1
G_good,2903024,25,59,3.900697,0,1,0.001881,0.367648,1
G_good,2903024,26,38,3.039403,0,1,0.0,1.766717,1
G_good,2903024,27,44,4.049954,1,0,0.003915,0.329883,0
G_good,2903024,27,53,3.553691,1,0,0.002559,0.815453,1
G_good,2903024,27,56,3.172761,0,1,0.000364,1.385313,1
G_good,2903024,30,31,3.141475,0,1,0.0,1.467466,1
G_good,2903024,31,36,3.375353,0,1,0.000448,0.958303,1
G_good,2903024,33,55,4.187096,1,0,0.0,0.259101,0
G_good,2903024,34,44,3.423232,0,1,0.0,0.879195,1
G_good,2903024,34,46,3.165331,0,1,0.002709,1.397584,1
G_good,2903024,35,45,3.184926,0,1,0.0,1.355996,1
G_good,2903024,38,42,3.698412,0,1,0.0,0.533085,1
G_good,2903024,40,44,3.827399,0,1,0.0,0.421643,1
G_good,2903024,41,44,4.139431,1,0,0.001084,0.281946,0
G_good,2903024,42,52,3.626839,1,0,0.0,0.717568,1
G_good,2903024,43,49,3.796328,0,1,0.0,0.446148,1
G_good,2903024,44,46,3.715858,0,1,0.000111,0.516326,1
G_good,2903024,47,55,3.881031,0,1,0.00221,0.380782,1
G_good,2903024,48,60,3.347861,1,0,0.0,1.191656,1
G_good,2903024,50,54,3.287037,0,1,0.0,1.126233,1
G_good,2903024,50,61,3.894438,0,1,0.00122,0.372348,1
G_good,2903024,52,61,3.034924,0,1,0.000635,1.778901,1
G_good,2903024,53,56,3.630434,0,1,0.0,0.603217,1
G_good,2903024,56,58,3.855108,0,1,0.002299,0.399087,1
G_good,2903024,56,61,3.440604,0,1,0.004978,0.84342,1
G_good,2903024,57,59,3.420734,0,1,0.0,0.883198,1
G_good,2903024,58,63,3.163265,0,1,0.0,1.410464,1
G_good,2903024,59,62,3.627075,0,1,0.001552,0.605031,1
G_good,2903025,0,10,3.511414,0,1,0.002174,0.745703,1
G_good,2903025,1,17,4.120163,0,1,0.0,0.247611,0
G_good,2903025,1,37,3.350609,0,1,0.003266,0.996766,1
G_good,2903025,1,45,4.097131,1,0,0.001521,0.304219,0
G_good,2903025,2,31,3.354944,1,0,0.0,1.176409,1
G_good,2903025,2,35,3.564083,1,0,0.0,0.804296,1
G_good,2903025,3,19,2.887285,0,1,0.002295,2.318942,1
G_good,2903025,3,21,4.049473,1,0,0.0,0.332767,0
G_good,2903025,3,40,4.193713,0,1,0.002065,0.215725,0
G_good,2903025,3,62,3.955156,1,0,0.001833,0.393571,1
G_good,2903025,4,5,3.436972,1,0,0.0,1.013413,1
G_good,2903025,4,9,3.977955,0,1,0.001316,0.319829,0
G_good,2903025,4,19,3.997455,0,1,0.0,0.309502,0
G_good,2903025,4,45,3.083111,0,1,0.0,1.63175,1
G_good,2903025,4,60,3.340416,0,1,0.0,1.022066,1
G_good,2903025,5,28,3.68408,0,1,0.001713,0.545287,1
G_good,2903025,5,60,3.476888,1,0,0.0,0.942472,1
G_good,2903025,6,21,3.256289,0,1,0.0,1.19099,1
G_good,2903025,6,52,3.816365,1,0,0.0,0.508403,1
G_good,2903025,6,56,4.080655,1,0,0.001072,0.313752,0
G_good,2903025,6,57,3.031608,1,0,0.001303,2.112232,1
G_good,2903025,7,8,3.073685,0,1,0.0,1.659959,1
G_good,2903025,7,25,3.940813,0,1,0.0,0.343075,0
G_good,2903025,7,36,3.788086,0,1,0.0,0.452884,1
G_good,2903025,7,51,4.057373,0,1,0.001979,0.27646,0
G_good,2903025,9,60,3.888892,0,1,0.0,0.377041,1
G_good,2903025,11,12,3.220135,0,1,0.003259,1.263646,1
G_good,2903025,11,26,3.443642,0,1,0.0,0.847167,1
G_good,2903025,11,55,3.273865,0,1,0.000188,1.153098,1
G_good,2903025,12,19,3.95733,0,1,0.002073,0.331548,0
G_good,2903025,12,21,3.987395,1,0,0.0,0.372527,1
G_good,2903025,12,26,4.01743,0,1,0.001065,0.297829,0
G_good,2903025,12,39,3.392356,0,1,0.0,0.929964,1
G_good,2903025,13,23,3.003623,1,0,0.001165,2.223098,1
G_good,2903025,13,40,3.139583,0,1,0.002751,1.464444,1
G_good,2903025,14,30,3.130098,0,1,0.0,1.498139,1
G_good,2903025,15,18,3.135331,0,1,0.000189,1.483389,1
G_good,2903025,15,24,3.497569,0,1,0.0,0.768046,1
G_good,2903025,16,31,3.717166,0,1,0.0,0.515213,1
G_good,2903025,16,37,4.046628,1,0,0.002647,0.332726,0
G_good,2903025,16,41,3.108887,0,1,0.0,1.557043,1
G_good,2903025,16,54,3.123497,1,0,0.001984,1.784808,1
G_good,2903025,17,38,3.771053,0,1,0.0,0.467129,1
G_good,2903025,17,44,2.921722,0,1,0.0,2.188219,1
G_good,2903025,17,51,3.449611,0,1,0.002737,0.833449,1
G_good,2903025,18,59,3.112039,0,1,0.002018,1.541907,1
G_good,2903025,19,21,2.966585,0,1,0.0,2.016816,1
G_good,2903025,19,40,3.6483,1,0,0.0,0.690108,1
G_good,2903025,20,26,3.481103,0,1,0.001669,0.78875,1
G_good,2903025,20,49,3.872206,1,0,0.002813,0.456742,1
G_good,2903025,20,56,2.945206,0,1,0.0,2.096752,1
G_good,2903025,20,60,3.788348,1,0,0.000384,0.534561,1
G_good,2903025,21,22,3.903455,0,1,0.0,0.367188,1
G_good,2903025,21,57,3.81753,0,1,0.0,0.429277,1
G_good,2903025,21,63,3.083798,0,1,0.002585,1.621309,1
G_good,2903025,22,39,3.977945,0,1,0.0,0.320678,0
G_good,2903025,22,47,2.954945,1,0,0.0,2.434489,1
G_good,2903025,22,52,3.666266,0,1,1.8e-05,0.56515,1
G_good,2903025,23,62,4.195824,1,0,0.0,0.255022,0
G_good,2903025,23,63,3.368019,0,1,0.000671,0.970733,1
G_good,2903025,25,36,4.016869,0,1,0.000164,0.29867,0
G_good,2903025,26,49,4.077628,0,1,0.000184,0.267422,0
G_good,2903025,27,38,3.522412,1,0,0.003554,0.861459,1
G_good,2903025,27,42,3.149715,0,1,0.0,1.445645,1
G_good,2903025,27,59,3.448939,1,0,0.001349,0.988929,1
G_good,2903025,28,34,3.750285,0,1,0.002513,0.482673,1
G_good,2903025,28,50,3.906322,0,1,0.00142,0.364243,1
G_good,2903025,29,50,3.930261,0,1,0.0,0.349721,0
G_good,2903025,29,53,3.75343,0,1,0.000376,0.481976,1
G_good,2903025,30,33,3.933564,0,1,0.00079,0.347079,0
G_good,2903025,30,41,4.153817,0,1,0.001798,0.232078,0
G_good,2903025,30,58,3.809883,0,1,0.003283,0.432439,1
G_good,2903025,32,33,2.975019,0,1,0.001237,1.981216,1
G_good,2903025,32,55,3.592322,1,0,0.000703,0.76297,1
G_good,2903025,33,58,3.981265,1,0,0.000441,0.376371,1
G_good,2903025,34,58,4.06005,0,1,0.00188,0.275172,0
G_good,2903025,35,61,2.851482,1,0,0.0,2.938359,1
G_good,2903025,37,41,3.401299,0,1,0.00084,0.913429,1
G_good,2903025,37,54,3.55085,1,0,0.0,0.823883,1
G_good,2903025,40,62,3.617977,1,0,0.002175,0.726058,1
G_good,2903025,42,43,3.542879,1,0,0.0,0.83591,1
G_good,2903025,43,55,3.601359,0,1,0.001176,0.634469,1
G_good,2903025,46,62,2.926505,1,0,2e-05,2.563586,1
G_good,2903025,47,52,3.927333,0,1,0.002862,0.349581,0
G_good,2903025,47,56,2.878156,0,1,0.0,2.368602,1
G_good,2903025,52,57,3.467788,1,0,0.001197,0.955903,1
G_good,2903025,57,61,3.494192,0,1,0.0,0.772776,1
G_good,2903025,57,63,3.112774,1,0,0.0,1.827183,1
G_good,2903026,0,53,3.388516,0,1,0.002,0.93274,1
G_good,2903026,1,28,2.912629,0,1,0.001312,2.218871,1
G_good,2903026,1,38,3.70534,1,0,0.000807,0.621119,1
G_good,2903026,2,9,3.633166,0,1,0.000396,0.599752,1
G_good,2903026,3,8,3.700074,0,1,0.0,0.531476,1
G_good,2903026,3,57,3.157308,0,1,0.003017,1.417247,1
G_good,2903026,4,9,3.010279,1,0,0.0,2.201479,1
G_good,2903026,4,33,3.444735,1,0,0.002849,0.993534,1
G_good,2903026,4,38,3.805079,1,0,0.000258,0.518676,1
G_good,2903026,4,40,2.857117,1,0,0.0,2.908407,1
G_good,2903026,4,43,3.767232,0,1,0.0,0.470386,1
G_good,2903026,5,26,4.128676,1,0,0.000255,0.28799,0
G_good,2903026,5,35,3.869224,1,0,0.0,0.461816,1
G_good,2903026,5,55,2.879501,1,0,0.001125,2.786146,1
G_good,2903026,5,59,3.423033,0,1,0.0,0.879514,1
G_good,2903026,5,63,3.594399,1,0,0.0,0.761164,1
G_good,2903026,6,11,3.852733,0,1,0.000389,0.402349,1
G_good,2903026,6,17,3.659733,0,1,0.001548,0.570155,1
G_good,2903026,6,25,3.576378,0,1,0.0,0.665514,1
G_good,2903026,6,39,2.864133,0,1,0.0,2.429767,1
G_good,2903026,6,41,4.191468,0,1,0.0,0.217503,0
G_good,2903026,6,43,3.436574,1,0,0.0,1.014148,1
G_good,2903026,7,38,3.438309,0,1,0.002285,0.851522,1
G_good,2903026,7,40,3.864741,1,0,0.000732,0.464915,1
G_good,2903026,7,51,3.484443,1,0,0.0,0.929614,1
G_good,2903026,8,19,3.509954,1,0,0.000623,0.886374,1
G_good,2903026,8,50,4.087792,0,1,0.0,0.262622,0
G_good,2903026,9,22,3.50356,0,1,0.0,0.759724,1
G_good,2903026,9,41,3.768276,1,0,0.0,0.554856,1
G_good,2903026,9,43,3.208292,0,1,0.002227,1.29382,1
G_good,2903026,10,16,3.789794,0,1,0.0,0.45148,1
G_good,2903026,10,20,3.007891,1,0,0.002185,2.201415,1
G_good,2903026,11,25,3.229469,0,1,0.0,1.250506,1
G_good,2903026,12,31,3.89201,0,1,0.0,0.374909,1
G_good,2903026,12,44,3.805115,0,1,2e-05,0.439059,1
G_good,2903026,13,48,3.974975,0,1,0.000165,0.322308,0
G_good,2903026,14,37,4.17925,0,1,0.000772,0.222046,0
G_good,2903026,14,60,3.106218,1,0,0.0,1.849093,1
G_good,2903026,15,23,3.710582,0,1,0.0,0.521418,1
G_good,2903026,15,32,2.98646,0,1,0.000435,1.943546,1
G_good,2903026,16,20,4.160858,1,0,0.000474,0.271504,0
G_good,2903026,16,33,3.342464,1,0,0.000658,1.201824,1
G_good,2903026,17,39,3.090146,1,0,0.0,1.903922,1
G_good,2903026,17,40,3.811734,0,1,0.0,0.433824,1
G_good,2903026,18,20,2.852732,0,1,0.002824,2.466687,1
G_good,2903026,18,55,3.917926,1,0,0.002439,0.420624,1
G_good,2903026,19,50,3.126454,0,1,0.0,1.508096,1
G_good,2903026,20,59,3.882206,0,1,0.0,0.381652,1
G_good,2903026,21,23,3.63714,1,0,0.001019,0.702819,1
G_good,2903026,21,45,3.113327,0,1,0.0,1.544523,1
G_good,2903026,22,31,4.055288,0,1,0.0,0.27861,0
G_good,2903026,22,38,3.241124,1,0,0.0,1.446884,1
G_good,2903026,22,41,3.694549,0,1,0.00173,0.534988,1
G_good,2903026,23,32,2.902219,0,1,0.0,2.267206,1
G_good,2903026,23,63,2.969078,0,1,0.0,2.007695,1
G_good,2903026,24,27,3.257886,1,0,0.001035,1.400551,1
G_good,2903026,24,35,3.219816,0,1,0.0,1.272646,1
G_good,2903026,24,52,3.85948,0,1,0.00161,0.396473,1
G_good,2903026,25,28,3.845255,1,0,0.000738,0.481676,1
G_good,2903026,25,39,3.359155,0,1,0.001061,0.985735,1
G_good,2903026,26,36,3.654401,0,1,0.000699,0.576689,1
G_good,2903026,26,45,3.270017,1,0,0.0,1.372837,1
G_good,2903026,26,55,2.919678,0,1,0.001173,2.191221,1
G_good,2903026,26,62,3.431492,0,1,0.000704,0.864872,1
G_good,2903026,27,53,3.862115,0,1,0.003848,0.392817,1
G_good,2903026,27,54,3.216496,0,1,0.0,1.280353,1
G_good,2903026,29,46,3.387608,0,1,0.0,0.938026,1
G_good,2903026,29,52,3.922564,0,1,0.00227,0.353043,1
G_good,2903026,29,54,3.575336,1,0,0.0,0.788008,1
G_good,2903026,30,46,2.908346,0,1,0.001106,2.237134,1
G_good,2903026,31,44,3.595659,1,0,0.001146,0.757684,1
G_good,2903026,31,48,3.169492,1,0,0.0,1.648147,1
G_good,2903026,32,63,3.500283,0,1,0.000363,0.76371,1
G_good,2903026,33,38,4.135611,0,1,0.0,0.240753,0
G_good,2903026,34,46,3.261765,0,1,0.0,1.179191,1
G_good,2903026,35,63,4.196123,0,1,0.001269,0.215124,0
G_good,2903026,37,47,3.296073,0,1,0.0,1.107882,1
G_good,2903026,37,59,3.33476,0,1,0.0,1.032632,1
G_good,2903026,37,60,2.929702,0,1,0.003484,2.141726,1
G_good,2903026,38,40,3.316735,0,1,0.0,1.067033,1
G_good,2903026,41,48,3.357336,1,0,0.000638,1.169809,1
G_good,2903026,41,56,3.841404,0,1,0.0,0.411042,1
G_good,2903026,42,53,3.03511,0,1,0.0,1.780562,1
G_good,2903026,44,52,3.85461,0,1,0.0,0.40129,1
G_good,2903026,47,59,3.950708,1,0,0.0,0.398224,1
G_good,2903026,51,57,3.795985,1,0,0.0,0.527595,1
G_good,2903026,51,62,3.00323,0,1,0.003519,1.873585,1
G_good,2903026,52,54,3.346538,0,1,0.001561,1.007602,1
G_good,2903026,54,58,4.192773,0,1,0.0,0.216988,0
G_good,2903026,55,62,4.186489,1,0,0.0,0.259387,0
G_good,2903027,0,38,3.593683,0,1,0.001696,0.642717,1
G_good,2903027,0,45,3.623274,0,1,0.0,0.611121,1
G_good,2903027,1,13,3.85277,0,1,0.0,0.402635,1
G_good,2903027,1,29,4.009234,0,1,0.001923,0.301781,0
G_good,2903027,1,61,3.813851,1,0,0.00076,0.509956,1
G_good,2903027,2,22,2.919801,1,0,0.0,2.595128,1
G_good,2903027,2,35,2.857457,0,1,0.0,2.459439,1
G_good,2903027,2,59,3.625035,0,1,0.0,0.609167,1
G_good,2903027,3,21,3.967749,0,1,0.001927,0.325422,0
G_good,2903027,3,60,3.916854,0,1,0.001202,0.357491,1
G_good,2903027,4,25,3.163656,1,0,0.0,1.665729,1
G_good,2903027,5,36,3.907366,0,1,0.0,0.364587,1
G_good,2903027,5,52,3.780306,1,0,0.003306,0.539274,1
G_good,2903027,7,26,3.944408,1,0,0.003179,0.400259,1
G_good,2903027,7,51,3.387341,0,1,0.001382,0.935891,1
G_good,2903027,7,61,3.600994,1,0,0.000405,0.751483,1
G_good,2903027,8,16,4.118046,1,0,0.000456,0.293492,0
G_good,2903027,8,45,4.019106,0,1,0.0,0.297555,0
G_good,2903027,9,11,3.283963,1,0,0.002779,1.331045,1
G_good,2903027,9,37,2.933196,1,0,0.0,2.532686,1
G_good,2903027,10,33,4.063366,0,1,0.0,0.274548,0
G_good,2903027,10,47,3.284353,0,1,0.0,1.131743,1
G_good,2903027,10,63,3.255774,0,1,0.0,1.192105,1
G_good,2903027,11,55,3.705876,1,0,0.0,0.621517,1
G_good,2903027,12,23,3.779134,1,0,0.0,0.54401,1
G_good,2903027,12,41,3.020314,1,0,0.0,2.161677,1
G_good,2903027,13,17,2.99914,0,1,0.000584,1.898684,1
G_good,2903027,13,20,4.16225,1,0,0.0,0.271074,0
G_good,2903027,14,26,3.508418,1,0,0.001974,0.886456,1
G_good,2903027,15,31,3.112197,0,1,0.0,1.547699,1
G_good,2903027,15,32,3.702813,0,1,0.003892,0.524736,1
G_good,2903027,17,46,3.767132,1,0,0.0,0.556011,1
G_good,2903027,17,49,3.975134,0,1,0.001969,0.321054,0
G_good,2903027,17,56,3.210522,1,0,0.0,1.529668,1
G_good,2903027,18,22,3.946693,1,0,0.0,0.401141,1
G_good,2903027,18,32,4.018376,0,1,0.0,0.29795,0
G_good,2903027,18,38,3.915675,0,1,0.002695,0.35719,1
G_good,2903027,19,24,4.007035,0,1,0.001104,0.303487,0
G_good,2903027,19,33,3.870977,1,0,0.003079,0.45752,1
G_good,2903027,19,44,3.496283,0,1,0.001565,0.767438,1
G_good,2903027,21,40,3.299622,0,1,0.002526,1.095209,1
G_good,2903027,23,47,3.727827,0,1,0.003929,0.501368,1
G_good,2903027,23,49,4.063855,0,1,0.001761,0.27334,0
G_good,2903027,24,44,3.93108,0,1,0.0,0.349201,0
G_good,2903027,24,60,3.912316,1,0,0.002509,0.424877,1
G_good,2903027,25,58,3.954586,0,1,0.002714,0.33278,0
G_good,2903027,27,50,4.193894,0,1,0.0,0.216546,0
G_good,2903027,28,48,3.410685,0,1,0.000753,0.89813,1
G_good,2903027,28,60,3.202688,0,1,0.000751,1.310933,1
G_good,2903027,29,40,4.15644,0,1,0.000898,0.23139,0
G_good,2903027,29,58,3.883791,1,0,0.0,0.449745,1
G_good,2903027,30,34,3.548823,1,0,9.3e-05,0.826772,1
G_good,2903027,30,45,4.07646,1,0,0.0,0.316833,0
G_good,2903027,31,50,3.59162,0,1,0.0,0.647325,1
G_good,2903027,33,37,3.729351,1,0,0.0,0.595548,1
G_good,2903027,33,43,4.148421,1,0,0.000757,0.277556,0
G_good,2903027,34,45,3.411649,0,1,0.0,0.897907,1
G_good,2903027,35,59,2.92295,1,0,0.0,2.580312,1
G_good,2903027,36,62,3.394423,0,1,0.0,0.926475,1
G_good,2903027,37,38,4.031127,1,0,0.001501,0.343022,0
G_good,2903027,37,43,2.935337,1,0,0.00036,2.521034,1
G_good,2903027,38,43,3.861663,0,1,0.0,0.396177,1
G_good,2903027,39,54,3.424019,1,0,0.001029,1.03543,1
G_good,2903027,39,58,3.964982,0,1,0.000342,0.328102,0
G_good,2903027,39,63,3.593805,1,0,0.0,0.761986,1
G_good,2903027,40,44,3.60422,1,0,0.0,0.747693,1
G_good,2903027,41,57,3.36479,0,1,0.0,0.977761,1
G_good,2903027,42,48,3.825661,0,1,0.000506,0.422549,1
G_good,2903027,42,59,4.107824,0,1,0.002246,0.252094,0
G_good,2903027,48,51,3.500485,1,0,0.001529,0.900133,1
G_good,2903027,48,60,3.838991,0,1,0.0,0.412849,1
G_good,2903027,49,56,3.984151,0,1,0.00013,0.316998,0
G_good,2903027,50,59,3.873361,0,1,0.001377,0.386772,1
G_good,2903027,53,56,4.015505,1,0,0.0,0.353966,1
G_good,2903027,54,63,3.464353,0,1,0.0,0.81586,1
G_good,2903028,0,8,3.581372,0,1,0.000564,0.658754,1
G_good,2903028,0,14,2.869643,0,1,0.0,2.405549,1
G_good,2903028,0,15,4.097465,0,1,0.0,0.258044,0
G_good,2903028,0,22,3.466779,1,0,0.0,0.959953,1
G_good,2903028,1,6,3.056301,1,0,0.001874,2.017189,1
G_good,2903028,1,11,3.643202,0,1,0.0,0.589374,1
G_good,2903028,1,57,4.166629,1,0,0.0,0.268925,0
G_good,2903028,2,21,4.082951,1,0,0.0,0.313115,0
G_good,2903028,2,22,3.921509,1,0,0.0,0.419937,1
G_good,2903028,3,26,3.055443,0,1,0.00082,1.713127,1
G_good,2903028,3,34,3.187235,0,1,0.0,1.350315,1
G_good,2903028,4,46,4.092179,1,0,0.000718,0.307464,0
G_good,2903028,4,56,3.857683,0,1,0.0,0.399054,1
G_good,2903028,4,57,3.767177,0,1,0.000257,0.470191,1
G_good,2903028,4,60,4.183862,1,0,0.0,0.260629,0
G_good,2903028,5,56,3.562562,1,0,0.000101,0.806362,1
G_good,2903028,5,57,2.911048,0,1,0.0,2.231103,1
G_good,2903028,5,58,3.92634,0,1,0.000456,0.351902,1
G_good,2903028,6,51,3.797088,1,0,0.000462,0.526052,1
G_good,2903028,7,10,3.924435,0,1,0.0,0.353446,1
G_good,2903028,7,30,4.011003,1,0,0.0,0.356875,1
G_good,2903028,7,49,3.574703,0,1,0.000572,0.666781,1
G_good,2903028,8,9,3.701245,0,1,0.0,0.530346,1
G_good,2903028,8,15,4.034876,0,1,0.002004,0.287988,0
G_good,2903028,9,18,3.94703,0,1,0.0,0.339219,0
G_good,2903028,9,41,4.020459,1,0,0.003308,0.348479,0
G_good,2903028,10,23,3.100382,0,1,0.002029,1.574901,1
G_good,2903028,10,25,3.416465,1,0,0.001927,1.047865,1
G_good,2903028,11,57,3.245064,1,0,0.0,1.436555,1
G_good,2903028,12,14,4.120673,1,0,0.001009,0.291771,0
G_good,2903028,12,17,3.637256,1,0,0.0,0.704104,1
G_good,2903028,12,18,4.09107,0,1,0.0,0.261062,0
G_good,2903028,12,50,2.93765,1,0,0.002367,2.500391,1
G_good,2903028,13,40,3.083272,0,1,0.0,1.631273,1
G_good,2903028,13,44,3.545459,0,1,0.001657,0.701671,1
G_good,2903028,14,17,3.797275,0,1,0.002288,0.443347,1
G_good,2903028,15,46,3.208984,1,0,6e-06,1.533935,1
G_good,2903028,16,24,3.708992,0,1,0.0,0.522928,1
G_good,2903028,16,54,3.101994,1,0,0.001011,1.859584,1
G_good,2903028,17,37,3.319033,0,1,0.0,1.062585,1
G_good,2903028,17,50,3.527713,0,1,0.00254,0.723399,1
G_good,2903028,18,22,3.968742,1,0,0.0,0.385378,1
G_good,2903028,18,59,2.890624,0,1,0.0,2.315509,1
G_good,2903028,19,48,4.052552,0,1,0.0,0.28,0
G_good,2903028,19,62,3.896148,1,0,0.0,0.439753,1
G_good,2903028,20,50,3.054232,0,1,0.0,1.71972,1
G_good,2903028,22,59,3.589347,1,0,0.000649,0.767191,1
G_good,2903028,23,36,3.62597,0,1,0.001484,0.606329,1
G_good,2903028,23,51,4.198518,0,1,0.0,0.214733,0
G_good,2903028,24,38,2.917969,0,1,0.001067,2.198502,1
G_good,2903028,24,59,3.050053,0,1,0.001133,1.728914,1
G_good,2903028,25,61,3.375176,0,1,0.001708,0.956199,1
G_good,2903028,26,54,2.942195,0,1,0.0,2.108264,1
G_good,2903028,26,63,3.270577,0,1,0.0,1.160448,1
G_good,2903028,27,47,3.39787,1,0,0.0,1.088084,1
G_good,2903028,27,52,2.993496,0,1,0.0,1.920508,1
G_good,2903028,28,44,3.113027,0,1,0.0,1.545367,1
G_good,2903028,28,49,4.176817,1,0,0.00127,0.263319,0
G_good,2903028,31,60,3.105899,0,1,0.001363,1.561262,1
G_good,2903028,32,48,2.866539,0,1,0.001142,2.413641,1
G_good,2903028,34,43,3.926622,0,1,0.000452,0.351725,1
G_good,2903028,34,55,3.655028,0,1,0.004077,0.572153,1
G_good,2903028,35,45,3.589392,0,1,0.000627,0.649137,1
G_good,2903028,37,39,3.757449,1,0,0.0,0.565887,1
G_good,2903028,37,58,4.038456,0,1,0.0,0.287269,0
G_good,2903028,38,41,3.98644,0,1,0.0,0.315763,0
G_good,2903028,38,42,3.142729,1,0,0.0,1.73033,1
G_good,2903028,40,42,4.015221,0,1,0.0,0.299664,0
G_good,2903028,40,62,3.030023,0,1,0.0,1.797106,1
G_good,2903028,41,42,2.871464,0,1,0.0,2.397595,1
G_good,2903028,41,63,3.117498,0,1,0.0,1.532856,1
G_good,2903028,42,63,3.210577,1,0,0.000794,1.527089,1
G_good,2903028,43,55,3.842209,0,1,0.0,0.41044,1
G_good,2903028,44,48,3.712742,0,1,0.000262,0.519102,1
G_good,2903028,44,54,3.727712,0,1,0.0,0.505428,1
G_good,2903028,46,53,3.400166,1,0,0.0,1.083551,1
G_good,2903028,47,61,3.299319,0,1,0.0,1.101363,1
G_good,2903028,56,57,3.193611,1,0,0.000634,1.575436,1
G_good,2903028,56,58,3.061047,0,1,0.001827,1.692346,1
G_good,2903028,58,60,2.910254,1,0,0.0,2.640566,1
G_good,2903029,0,6,3.03741,0,1,0.002397,1.764649,1
G_good,2903029,0,21,2.952892,1,0,0.002272,2.432517,1
G_good,2903029,0,27,3.030221,1,0,0.0,2.123087,1
G_good,2903029,0,28,3.694189,1,0,0.000811,0.633836,1
G_good,2903029,1,54,3.817344,1,0,0.0,0.507498,1
G_good,2903029,2,11,3.785038,0,1,0.00119,0.454319,1
G_good,2903029,2,13,3.578379,0,1,0.000309,0.662688,1
G_good,2903029,2,27,3.687055,0,1,0.002941,0.541015,1
G_good,2903029,2,59,3.483176,0,1,0.0,0.78841,1
G_good,2903029,4,49,3.639149,1,0,0.000843,0.700503,1
G_good,2903029,4,59,3.544705,0,1,0.0,0.704965,1
G_good,2903029,4,61,3.846706,1,0,0.0,0.481116,1
G_good,2903029,4,63,3.085774,1,0,0.0,1.91912,1
G_good,2903029,5,19,3.48194,0,1,0.0,0.790184,1
G_good,2903029,5,57,4.07408,1,0,0.000547,0.317859,0
G_good,2903029,5,62,3.538645,0,1,0.00098,0.711379,1
G_good,2903029,6,56,3.695248,0,1,0.0,0.53616,1
G_good,2903029,7,12,4.09197,0,1,0.0,0.260635,0
G_good,2903029,7,42,4.113883,1,0,0.0,0.295992,0
G_good,2903029,7,58,4.193821,0,1,0.0,0.216575,0
G_good,2903029,7,63,3.183421,1,0,0.001738,1.601355,1
G_good,2903029,8,18,3.647543,0,1,0.001596,0.582878,1
G_good,2903029,8,47,4.107374,1,0,0.0,0.299516,0
G_good,2903029,9,23,3.982453,0,1,0.0,0.318061,0
G_good,2903029,9,24,3.008376,1,0,0.0,2.209111,1
G_good,2903029,9,29,3.028856,0,1,0.0,1.800923,1
G_good,2903029,9,31,3.846918,0,1,0.0,0.406941,1
G_good,2903029,10,26,3.260702,0,1,0.000891,1.179369,1
G_good,2903029,10,28,2.930252,0,1,0.000486,2.15245,1
G_good,2903029,10,33,3.63831,0,1,0.002445,0.591739,1
G_good,2903029,10,40,3.913879,0,1,0.000142,0.360192,1
G_good,2903029,11,48,3.451809,0,1,0.000859,0.833248,1
G_good,2903029,12,24,3.70495,1,0,0.0,0.622564,1
G_good,2903029,12,32,3.232524,0,1,0.0,1.243579,1
G_good,2903029,12,52,3.607544,1,0,0.002746,0.739117,1
G_good,2903029,13,21,2.968645,1,0,0.003263,2.359149,1
G_good,2903029,14,23,3.01648,0,1,0.0,1.841905,1
G_good,2903029,14,31,3.471271,0,1,0.000933,0.80416,1
G_good,2903029,15,36,4.069033,1,0,0.0,0.32114,0
G_good,2903029,15,37,4.121929,1,0,0.000759,0.291251,0
G_good,2903029,16,31,4.171313,0,1,0.0,0.225622,0
G_good,2903029,16,34,3.768948,1,0,0.002329,0.551604,1
G_good,2903029,16,36,3.834889,0,1,0.003338,0.413172,1
G_good,2903029,17,44,3.700916,0,1,0.001778,0.528779,1
G_good,2903029,17,52,3.522074,0,1,0.0,0.734576,1
G_good,2903029,17,53,3.065324,1,0,0.0,1.99182,1
G_good,2903029,18,45,3.463874,0,1,0.000968,0.814991,1
G_good,2903029,18,48,3.88984,0,1,0.001186,0.3755,1
G_good,2903029,19,41,3.560761,0,1,0.00081,0.683573,1
G_good,2903029,20,35,3.525779,1,0,0.00223,0.85847,1
G_good,2903029,20,37,2.86744,0,1,0.00377,2.39706,1
G_good,2903029,21,27,4.188896,0,1,0.001036,0.21807,0
G_good,2903029,22,36,3.225136,0,1,0.0,1.260397,1
G_good,2903029,22,53,3.393281,0,1,0.0,0.928401,1
G_good,2903029,23,30,4.189514,0,1,0.0,0.218278,0
G_good,2903029,23,31,4.041935,0,1,0.0,0.285457,0
G_good,2903029,24,29,3.225362,1,0,0.0,1.488947,1
G_good,2903029,24,57,3.478404,1,0,0.0,0.939877,1
G_good,2903029,26,28,4.087921,1,0,0.0,0.310299,0
G_good,2903029,27,28,4.029078,0,1,0.0,0.292209,0
G_good,2903029,27,42,4.189873,0,1,0.004027,0.216385,0
G_good,2903029,29,60,3.313195,0,1,0.0,1.073924,1
G_good,2903029,30,44,3.353573,0,1,0.00168,0.994559,1
G_good,2903029,30,49,3.417261,0,1,0.000683,0.887578,1
G_good,2903029,30,52,3.856391,0,1,0.001206,0.399028,1
G_good,2903029,31,51,3.126808,0,1,0.0,1.507126,1
G_good,2903029,33,40,3.158117,1,0,0.0,1.682588,1
G_good,2903029,33,45,3.644374,1,0,0.0,0.69505,1
G_good,2903029,34,43,3.273166,0,1,0.002001,1.150385,1
G_good,2903029,34,46,3.737132,1,0,0.0,0.587182,1
G_good,2903029,35,43,3.681631,0,1,0.001991,0.547416,1
G_good,2903029,38,40,3.970249,1,0,0.002619,0.382316,1
G_good,2903029,38,45,3.291459,0,1,0.001006,1.114969,1
G_good,2903029,38,50,3.197799,0,1,0.001948,1.319475,1
G_good,2903029,39,55,3.276765,1,0,0.0,1.356096,1
G_good,2903029,40,45,3.449733,0,1,0.002743,0.833254,1
G_good,2903029,42,44,3.090098,1,0,0.001019,1.900212,1
G_good,2903029,43,54,3.834529,0,1,0.0,0.416212,1
G_good,2903029,43,55,2.888408,0,1,0.0,2.324859,1
G_good,2903029,44,52,3.156175,1,0,0.0,1.68854,1
G_good,2903029,46,47,4.179907,0,1,0.000322,0.221981,0
G_good,2903029,49,59,4.113567,0,1,0.0,0.250599,0
G_good,2903029,49,61,3.315481,0,1,0.002074,1.065042,1
G_good,2903029,50,62,4.072819,1,0,0.0,0.318937,0
G_good,2903029,53,56,3.270674,0,1,0.0,1.160243,1
G_good,2903029,58,63,3.545605,0,1,0.0,0.703812,1
G_good,2903030,0,16,3.669001,0,1,0.000317,0.562011,1
G_good,2903030,0,41,2.927575,0,1,0.0,2.165058,1
G_good,2903030,1,13,3.61961,0,1,0.0,0.615205,1
G_good,2903030,1,63,4.170724,0,1,0.0,0.225863,0
G_good,2903030,2,13,3.474656,0,1,0.0,0.800718,1
G_good,2903030,2,24,3.699295,0,1,0.000528,0.531667,1
G_good,2903030,2,51,3.655386,0,1,0.0,0.576462,1
G_good,2903030,2,53,4.182905,0,1,7.8e-05,0.220882,0
G_good,2903030,4,61,3.284098,0,1,8e-05,1.132087,1
G_good,2903030,5,27,3.673773,1,0,0.0,0.658874,1
G_good,2903030,5,55,4.19944,1,0,0.00096,0.252864,0
G_good,2903030,6,7,4.03886,1,0,0.0,0.33925,0
G_good,2903030,6,22,3.756661,0,1,0.000969,0.478586,1
G_good,2903030,6,41,4.058042,0,1,0.0,0.277219,0
G_good,2903030,6,46,3.668593,1,0,0.000704,0.664173,1
G_good,2903030,7,32,3.145544,1,0,0.002367,1.713363,1
G_good,2903030,7,34,2.916688,1,0,0.0,2.609855,1
G_good,2903030,7,46,3.70516,0,1,0.000814,0.525727,1
G_good,2903030,7,54,3.857755,0,1,0.0,0.399001,1
G_good,2903030,8,15,3.28165,0,1,0.0,1.137319,1
G_good,2903030,8,41,3.365304,0,1,0.00281,0.971374,1
G_good,2903030,8,57,3.121521,0,1,0.0,1.521685,1
G_good,2903030,9,44,3.638567,1,0,0.0,0.702429,1
G_good,2903030,9,47,3.085487,1,0,0.000452,1.918384,1
G_good,2903030,10,55,4.041673,0,1,0.00192,0.284499,0
G_good,2903030,10,63,4.159246,0,1,0.0,0.230626,0
G_good,2903030,11,54,3.289231,0,1,0.002254,1.116706,1
G_good,2903030,11,59,2.953751,0,1,0.000121,2.063932,1
G_good,2903030,11,62,4.058836,0,1,0.0,0.276819,0
G_good,2903030,12,17,4.184116,1,0,0.0,0.260508,0
G_good,2903030,13,51,3.540786,0,1,0.0,0.710005,1
G_good,2903030,14,40,4.136335,1,0,0.0,0.284152,0
G_good,2903030,14,53,2.956877,0,1,0.0,2.052728,1
G_good,2903030,15,22,3.62987,0,1,0.001632,0.601868,1
G_good,2903030,15,44,3.325195,1,0,0.0,1.241792,1
G_good,2903030,15,52,3.476892,0,1,0.001493,0.795092,1
G_good,2903030,16,17,3.799308,1,0,0.001023,0.523345,1
G_good,2903030,16,41,3.762416,1,0,0.002151,0.558391,1
G_good,2903030,17,18,3.646628,1,0,0.0,0.692208,1
G_good,2903030,17,37,3.513103,1,0,0.0,0.882412,1
G_good,2903030,18,19,2.967068,0,1,0.000556,2.012803,1
G_good,2903030,18,30,4.019462,0,1,0.0,0.297363,0
G_good,2903030,18,37,3.331267,1,0,0.003557,1.21945,1
G_good,2903030,19,20,3.69696,0,1,4.8e-05,0.534442,1
G_good,2903030,19,29,3.517797,0,1,0.000136,0.74011,1
G_good,2903030,19,30,3.547572,0,1,0.0,0.701299,1
G_good,2903030,19,37,3.848112,0,1,0.0,0.406059,1
G_good,2903030,20,45,3.298372,0,1,0.0,1.103261,1
G_good,2903030,22,32,3.452063,0,1,0.000532,0.833409,1
G_good,2903030,23,43,3.548289,0,1,0.0,0.700385,1
G_good,2903030,24,55,3.635973,0,1,0.001121,0.595835,1
G_good,2903030,25,26,3.482009,0,1,0.0,0.790084,1
G_good,2903030,25,38,3.772844,1,0,0.000149,0.550103,1
G_good,2903030,27,40,3.344154,1,0,0.000427,1.19869,1
G_good,2903030,28,37,3.345778,0,1,0.000993,1.010143,1
G_good,2903030,29,30,3.727063,0,1,0.0,0.506025,1
G_good,2903030,29,49,3.537697,1,0,0.0,0.843824,1
G_good,2903030,29,60,3.189394,0,1,0.0,1.345025,1
G_good,2903030,30,60,3.417846,0,1,0.0,0.887847,1
G_good,2903030,31,59,3.257028,0,1,0.0,1.189392,1
G_good,2903030,32,43,3.681815,0,1,0.0,0.549416,1
G_good,2903030,32,52,3.429363,0,1,0.0,0.869449,1
G_good,2903030,32,54,3.145339,0,1,0.002462,1.450035,1
G_good,2903030,33,49,3.291517,0,1,0.0,1.117098,1
G_good,2903030,34,39,3.853036,1,0,0.002722,0.473028,1
G_good,2903030,34,46,3.441892,0,1,0.003307,0.844265,1
G_good,2903030,34,51,4.165578,0,1,0.0,0.227987,0
G_good,2903030,34,56,3.474363,1,0,0.000471,0.945915,1
G_good,2903030,35,53,3.658292,0,1,0.000933,0.572356,1
G_good,2903030,36,43,3.479101,1,0,0.0,0.938687,1
G_good,2903030,36,60,2.886976,0,1,0.0,2.330918,1
G_good,2903030,40,48,3.504508,0,1,0.0,0.758417,1
G_good,2903030,40,49,3.190521,0,1,0.0,1.342271,1
G_good,2903030,42,63,3.748407,1,0,0.0,0.575267,1
G_good,2903030,43,54,3.247181,0,1,0.000671,1.209254,1
G_good,2903030,45,48,3.28434,1,0,0.0,1.337547,1
G_good,2903030,46,51,3.837907,0,1,0.0,0.413664,1
G_good,2903030,46,56,3.666111,0,1,0.004008,0.560815,1
G_good,2903030,47,48,3.123604,0,1,0.002023,1.50981,1
G_good,2903030,47,62,3.64317,1,0,0.000216,0.696274,1
G_good,2903030,49,60,3.524065,0,1,0.0,0.731923,1
G_good,2903030,50,56,3.417579,0,1,0.0,0.888279,1
G_good,2903030,53,58,3.063707,0,1,0.0,1.690348,1
G_good,2903031,0,40,3.988585,0,1,0.0,0.314534,0
G_good,2903031,0,43,3.272692,0,1,0.002062,1.151237,1
G_good,2903031,0,53,4.055249,0,1,0.004538,0.276113,0
G_good,2903031,1,24,3.721608,0,1,0.0,0.511069,1
G_good,2903031,1,54,3.093491,1,0,0.0,1.892379,1
G_good,2903031,1,56,3.507937,0,1,0.0,0.753703,1
G_good,2903031,2,37,3.652912,1,0,0.0,0.684344,1
G_good,2903031,2,42,3.44023,1,0,0.0,1.007428,1
G_good,2903031,2,55,3.194213,1,0,0.0,1.575708,1
G_good,2903031,3,29,3.386319,0,1,0.0,0.940228,1
G_good,2903031,4,5,4.123437,0,1,0.000756,0.24577,0
G_good,2903031,4,46,3.029205,0,1,0.0,1.799782,1
G_good,2903031,5,12,3.894871,0,1,0.0,0.372964,1
G_good,2903031,5,35,3.215929,1,0,0.000277,1.513866,1
G_good,2903031,6,11,3.579711,1,0,0.0,0.781765,1
G_good,2903031,6,21,3.586448,0,1,0.000546,0.652727,1
G_good,2903031,6,38,4.008452,1,0,0.0,0.358535,1
G_good,2903031,6,59,3.990171,0,1,0.001456,0.312717,0
G_good,2903031,7,12,3.762297,1,0,0.0,0.560921,1
G_good,2903031,7,40,2.996164,1,0,0.000223,2.257699,1
G_good,2903031,7,45,3.122944,0,1,0.0,1.517753,1
G_good,2903031,7,53,4.100321,1,0,5.4e-05,0.303348,0
G_good,2903031,8,59,4.075561,1,0,1.3e-05,0.317343,0
G_good,2903031,8,62,3.163284,1,0,8.4e-05,1.666577,1
G_good,2903031,9,18,3.153512,0,1,0.0,1.435699,1
G_good,2903031,9,51,3.08461,0,1,0.001784,1.621515,1
G_good,2903031,9,62,3.629125,0,1,0.0,0.604654,1
G_good,2903031,10,26,3.650951,1,0,0.0,0.686789,1
G_good,2903031,10,52,3.127921,0,1,0.001021,1.501013,1
G_good,2903031,12,22,4.162752,1,0,0.001028,0.27027,0
G_good,2903031,12,35,2.971518,0,1,0.0,1.998805,1
G_good,2903031,12,39,2.933889,0,1,0.0,2.140346,1
G_good,2903031,13,27,3.358377,0,1,0.001088,0.987077,1
G_good,2903031,13,31,3.406234,0,1,0.0,0.906791,1
G_good,2903031,14,49,4.152866,1,0,0.001174,0.275092,0
G_good,2903031,14,55,4.029933,0,1,0.001454,0.290908,0
G_good,2903031,15,16,3.757041,0,1,0.001923,0.477343,1
G_good,2903031,15,30,4.151449,1,0,0.0,0.27645,0
G_good,2903031,15,34,3.71204,1,0,0.0,0.61459,1
G_good,2903031,15,50,3.393486,0,1,0.0,0.928056,1
G_good,2903031,16,30,3.650868,0,1,0.0,0.581216,1
G_good,2903031,16,34,4.114883,0,1,0.001315,0.249343,0
G_good,2903031,17,58,3.521552,0,1,0.0,0.735274,1
G_good,2903031,18,25,3.210856,1,0,0.0,1.52874,1
G_good,2903031,18,57,3.871076,0,1,0.0,0.389454,1
G_good,2903031,18,62,4.000692,0,1,0.002286,0.306282,0
G_good,2903031,19,27,4.131548,1,0,0.0,0.286636,0
G_good,2903031,19,46,3.044658,0,1,0.00071,1.747433,1
G_good,2903031,20,32,4.086639,0,1,0.001386,0.262445,0
G_good,2903031,20,63,3.893,1,0,0.002547,0.440031,1
G_good,2903031,21,44,3.404546,0,1,0.0,0.909579,1
G_good,2903031,21,54,3.670109,0,1,0.0,0.561235,1
G_good,2903031,22,26,4.12501,1,0,0.0,0.290064,0
G_good,2903031,22,47,3.258511,1,0,0.001015,1.399016,1
G_good,2903031,22,52,3.834915,0,1,0.000834,0.415227,1
G_good,2903031,23,49,3.10088,1,0,0.0,1.867126,1
G_good,2903031,24,25,3.571476,1,0,0.000464,0.792821,1
G_good,2903031,24,41,3.910262,1,0,0.0,0.428612,1
G_good,2903031,24,56,3.751154,0,1,0.0,0.484339,1
G_good,2903031,25,48,4.06948,1,0,0.000919,0.32029,0
G_good,2903031,26,43,3.873357,0,1,0.000283,0.387623,1
G_good,2903031,26,47,4.173073,1,0,0.004376,0.263476,0
G_good,2903031,26,51,3.909368,0,1,0.000757,0.362712,1
G_good,2903031,27,40,3.730164,0,1,0.001052,0.502123,1
G_good,2903031,29,49,3.466095,0,1,0.000512,0.812448,1
G_good,2903031,29,50,3.817813,0,1,0.0,0.429056,1
G_good,2903031,29,60,3.287121,1,0,0.0,1.3308,1
G_good,2903031,30,31,3.749147,0,1,0.0,0.48611,1
G_good,2903031,30,34,4.044431,0,1,0.0,0.284165,0
G_good,2903031,30,55,3.98961,0,1,9e-06,0.313943,0
G_good,2903031,30,58,3.798327,0,1,0.002204,0.442574,1
G_good,2903031,31,34,2.857232,0,1,0.0,2.460447,1
G_good,2903031,32,33,3.711385,0,1,0.004144,0.51636,1
G_good,2903031,32,59,3.990389,0,1,0.003393,0.311384,0
G_good,2903031,32,61,2.878737,0,1,0.0,2.366102,1
G_good,2903031,32,63,3.640306,0,1,0.00232,0.589743,1
G_good,2903031,33,63,3.128538,0,1,0.001205,1.498777,1
G_good,2903031,35,39,3.144037,0,1,0.000828,1.45823,1
G_good,2903031,36,57,4.003794,0,1,0.000369,0.30573,0
G_good,2903031,37,40,3.454178,0,1,0.0,0.831093,1
G_good,2903031,37,42,3.008691,0,1,0.000491,1.866343,1
G_good,2903031,41,48,4.00233,0,1,0.002153,0.305453,0
G_good,2903031,42,43,3.801381,0,1,0.00056,0.441574,1
G_good,2903031,42,55,3.379057,0,1,0.00075,0.951297,1
G_good,2903031,44,54,3.799562,1,0,0.0,0.524175,1
G_good,2903031,45,53,3.205256,0,1,0.0,1.306788,1
G_good,2903031,49,58,3.066346,1,0,0.00029,1.986966,1
G_good,2903031,52,61,3.706442,0,1,0.0,0.525358,1
G_good,2903031,52,63,3.621143,1,0,0.0,0.725037,1
G_good,2903031,56,59,4.0897,0,1,0.0,0.261713,0
G_good,2903031,56,61,4.171921,1,0,0.0,0.26635,0
G_good,2903031,59,61,3.101459,0,1,0.002195,1.5713,1
G_good,2903031,61,63,3.61498,0,1,0.0,0.620406,1
BD_borderline,2904000,0,5,4.060995,1,0,0.050516,0.294553,0
BD_borderline,2904000,0,13,3.605641,0,1,0.013633,0.614057,1
BD_borderline,2904000,1,35,3.740232,0,1,0.034243,0.46135,1
BD_borderline,2904000,1,38,3.098167,0,1,0.04919,1.438928,1
BD_borderline,2904000,2,25,3.854789,0,1,0.065043,0.352226,1
BD_borderline,2904000,3,12,3.240101,0,1,0.019331,1.180047,1
BD_borderline,2904000,3,31,3.928275,1,0,0.047388,0.377294,1
BD_borderline,2904000,4,23,4.05529,0,1,0.048676,0.252764,0
BD_borderline,2904000,5,18,4.10501,0,1,0.054594,0.2282,0
BD_borderline,2904000,5,47,3.130926,1,0,0.053851,1.587357,1
BD_borderline,2904000,6,53,3.607649,1,0,0.025496,0.706106,1
BD_borderline,2904000,6,58,3.854847,0,1,0.047847,0.364512,1
BD_borderline,2904000,7,38,3.560398,0,1,0.05478,0.614037,1
BD_borderline,2904000,7,43,4.008203,0,1,0.052661,0.273172,0
BD_borderline,2904000,7,46,2.852093,0,1,0.023129,2.371277,1
BD_borderline,2904000,8,49,2.921926,0,1,0.02206,2.092997,1
BD_borderline,2904000,8,63,3.910111,0,1,0.039709,0.335075,0
BD_borderline,2904000,9,27,4.069061,0,1,0.042663,0.249497,0
BD_borderline,2904000,10,18,2.752982,1,0,0.011941,3.431718,1
BD_borderline,2904000,11,14,3.917482,1,0,0.068723,0.368699,1
BD_borderline,2904000,11,24,3.365976,0,1,0.070158,0.847926,1
BD_borderline,2904000,11,44,2.942997,0,1,0.014781,2.043866,1
BD_borderline,2904000,11,56,3.939801,0,1,0.0386,0.318172,0
BD_borderline,2904000,12,39,3.477902,0,1,0.029158,0.750914,1
BD_borderline,2904000,13,16,3.705466,1,0,0.019714,0.597934,1
BD_borderline,2904000,13,23,2.894373,0,1,0.028818,2.170975,1
BD_borderline,2904000,13,26,3.489237,1,0,0.060174,0.817053,1
BD_borderline,2904000,14,16,3.418482,0,1,0.021486,0.84952,1
BD_borderline,2904000,14,24,3.291511,0,1,0.050391,1.010013,1
BD_borderline,2904000,15,47,3.48464,0,1,0.049119,0.712741,1
BD_borderline,2904000,15,59,3.678144,0,1,0.052313,0.498152,1
BD_borderline,2904000,16,23,2.693836,1,0,0.011294,3.826278,1
BD_borderline,2904000,16,46,3.735437,1,0,0.050372,0.532547,1
BD_borderline,2904000,16,56,3.948506,0,1,0.021758,0.323904,0
BD_borderline,2904000,17,25,3.220111,0,1,0.033662,1.189151,1
BD_borderline,2904000,17,48,4.071411,0,1,0.077961,0.231499,0
BD_borderline,2904000,18,22,4.014697,0,1,0.037859,0.278077,0
BD_borderline,2904000,19,45,2.922155,0,1,0.058823,1.94382,1
BD_borderline,2904000,20,31,2.946857,0,1,0.065559,1.833579,1
BD_borderline,2904000,20,41,3.117614,1,0,0.052718,1.629933,1
BD_borderline,2904000,20,43,3.730929,0,1,0.02645,0.47659,1
BD_borderline,2904000,23,62,4.149288,0,1,0.04337,0.215329,0
BD_borderline,2904000,24,56,4.12667,1,0,0.025049,0.275059,0
BD_borderline,2904000,25,56,3.26562,1,0,0.041455,1.273749,1
BD_borderline,2904000,26,40,4.032654,0,1,0.034832,0.270779,0
BD_borderline,2904000,26,55,4.149237,0,1,0.030387,0.221014,0
BD_borderline,2904000,27,30,3.052439,0,1,0.032177,1.6178,1
BD_borderline,2904000,28,37,2.790514,0,1,0.060958,2.458948,1
BD_borderline,2904000,29,36,3.82713,0,1,0.041619,0.388157,1
BD_borderline,2904000,29,41,2.849787,0,1,0.036552,2.318161,1
BD_borderline,2904000,30,63,3.675869,0,1,0.025942,0.527308,1
BD_borderline,2904000,31,34,3.925341,0,1,0.025692,0.335191,0
BD_borderline,2904000,33,54,2.864223,0,1,0.058106,2.162839,1
BD_borderline,2904000,34,39,2.876423,0,1,0.050088,2.149585,1
BD_borderline,2904000,35,62,3.557542,0,1,0.044153,0.630493,1
BD_borderline,2904000,37,42,3.95416,1,0,0.043643,0.362655,1
BD_borderline,2904000,43,58,2.744794,0,1,0.042104,2.774769,1
BD_borderline,2904000,44,51,4.060854,1,0,0.033787,0.304653,0
BD_borderline,2904000,45,59,3.643103,0,1,0.060484,0.522316,1
BD_borderline,2904000,46,48,3.751237,0,1,0.033429,0.452948,1
BD_borderline,2904000,49,51,4.074842,0,1,0.052256,0.242197,0
BD_borderline,2904000,49,60,4.121644,0,1,0.045716,0.225368,0
BD_borderline,2904000,51,52,3.289984,1,0,0.05382,1.18879,1
BD_borderline,2904000,51,57,3.998903,0,1,0.044228,0.282556,0
BD_borderline,2904000,55,60,3.649572,0,1,0.044771,0.532689,1
BD_borderline,2904000,55,63,3.803398,0,1,0.061889,0.389171,1
BD_borderline,2904000,57,63,4.126294,1,0,0.049347,0.262191,0
BD_borderline,2904001,0,33,3.671624,0,1,0.043105,0.513461,1
BD_borderline,2904001,0,55,3.529219,0,1,0.027852,0.685809,1
BD_borderline,2904001,1,34,3.144438,0,1,0.025655,1.386581,1
BD_borderline,2904001,2,14,4.051358,1,0,0.037657,0.307569,0
BD_borderline,2904001,2,17,4.04816,0,1,0.048468,0.256169,0
BD_borderline,2904001,2,19,3.097707,0,1,0.05309,1.428944,1
BD_borderline,2904001,2,52,3.67248,0,1,0.028894,0.527443,1
BD_borderline,2904001,5,22,3.038239,1,0,0.026296,1.985166,1
BD_borderline,2904001,5,49,4.15312,1,0,0.054637,0.247082,0
BD_borderline,2904001,6,60,3.117986,0,1,0.040447,1.412483,1
BD_borderline,2904001,7,20,2.990758,1,0,0.04228,2.096065,1
BD_borderline,2904001,7,43,3.234434,0,1,0.036065,1.153029,1
BD_borderline,2904001,7,49,3.14506,0,1,0.050476,1.317936,1
BD_borderline,2904001,8,40,3.20154,0,1,0.047038,1.197519,1
BD_borderline,2904001,8,58,3.45505,1,0,0.069136,0.854007,1
BD_borderline,2904001,8,59,2.99532,0,1,0.024524,1.82253,1
BD_borderline,2904001,9,17,3.936557,1,0,0.039763,0.377366,1
BD_borderline,2904001,9,61,4.168099,0,1,0.036586,0.210931,0
BD_borderline,2904001,10,26,3.713038,0,1,0.04045,0.478754,1
BD_borderline,2904001,10,31,3.296536,0,1,0.036255,1.029526,1
BD_borderline,2904001,10,41,3.687427,0,1,0.056032,0.486185,1
BD_borderline,2904001,12,17,2.742676,0,1,0.052095,2.730369,1
BD_borderline,2904001,13,16,4.119275,0,1,0.046078,0.226177,0
BD_borderline,2904001,13,18,4.171872,0,1,0.036757,0.209417,0
BD_borderline,2904001,14,22,3.749581,0,1,0.038458,0.449767,1
BD_borderline,2904001,14,43,3.207015,0,1,0.026339,1.235771,1
BD_borderline,2904001,14,52,2.728422,0,1,0.03752,2.88494,1
BD_borderline,2904001,15,31,3.165888,1,0,0.039995,1.531449,1
BD_borderline,2904001,15,50,3.034627,0,1,0.040996,1.641836,1
BD_borderline,2904001,15,62,4.009914,1,0,0.018825,0.34437,0
BD_borderline,2904001,16,44,4.005013,0,1,0.030468,0.287231,0
BD_borderline,2904001,16,62,4.129752,0,1,0.067236,0.212715,0
BD_borderline,2904001,17,19,3.31615,0,1,0.073792,0.921607,1
BD_borderline,2904001,18,47,3.852148,0,1,0.026089,0.382597,1
BD_borderline,2904001,19,51,4.01925,1,0,0.055409,0.314686,0
BD_borderline,2904001,20,34,4.01363,0,1,0.039696,0.277595,0
BD_borderline,2904001,21,23,4.176865,0,1,0.017251,0.215781,0
BD_borderline,2904001,21,28,3.910404,0,1,0.041786,0.333509,0
BD_borderline,2904001,22,43,3.330174,0,1,0.038243,0.964604,1
BD_borderline,2904001,22,58,3.652832,0,1,0.037453,0.537349,1
BD_borderline,2904001,25,51,3.611457,0,1,0.022161,0.597323,1
BD_borderline,2904001,26,39,3.827509,1,0,0.039671,0.460204,1
BD_borderline,2904001,26,55,3.398522,0,1,0.0415,0.846351,1
BD_borderline,2904001,27,32,4.113543,0,1,0.026779,0.237541,0
BD_borderline,2904001,28,37,3.389221,0,1,0.027231,0.885703,1
BD_borderline,2904001,28,47,2.945727,1,0,0.02482,2.355746,1
BD_borderline,2904001,29,42,3.623258,0,1,0.021754,0.585119,1
BD_borderline,2904001,29,44,3.695962,1,0,0.032536,0.592954,1
BD_borderline,2904001,29,53,3.800882,1,0,0.009515,0.513061,1
BD_borderline,2904001,31,41,3.714608,0,1,0.068201,0.451615,1
BD_borderline,2904001,33,55,2.689527,1,0,0.041987,3.626763,1
BD_borderline,2904001,34,36,3.1655,0,1,0.043564,1.287533,1
BD_borderline,2904001,35,38,4.018698,0,1,0.05545,0.266518,0
BD_borderline,2904001,40,59,3.398412,1,0,0.037506,1.008456,1
BD_borderline,2904001,42,44,3.720381,0,1,0.025718,0.48653,1
BD_borderline,2904001,43,52,2.718083,0,1,0.047132,2.883706,1
BD_borderline,2904001,45,54,3.963832,0,1,0.046848,0.299586,0
BD_borderline,2904001,46,55,3.581019,0,1,0.029129,0.622574,1
BD_borderline,2904001,47,49,2.950331,0,1,0.016503,2.009862,1
BD_borderline,2904001,50,51,3.383297,0,1,0.011924,0.923129,1
BD_borderline,2904001,51,62,3.786682,0,1,0.028467,0.428913,1
BD_borderline,2904001,56,59,2.671044,0,1,0.019631,3.318803,1
BD_borderline,2904002,0,1,2.785052,0,1,0.039512,2.592325,1
BD_borderline,2904002,0,43,2.932115,0,1,0.057083,1.915591,1
BD_borderline,2904002,0,62,3.32739,0,1,0.035907,0.974038,1
BD_borderline,2904002,1,38,3.691505,0,1,0.034585,0.503744,1
BD_borderline,2904002,1,57,3.683594,0,1,0.016467,0.529899,1
BD_borderline,2904002,2,29,3.380976,0,1,0.060676,0.840909,1
BD_borderline,2904002,2,63,2.736091,0,1,0.002325,3.052462,1
BD_borderline,2904002,3,6,3.002404,0,1,0.046836,1.720685,1
BD_borderline,2904002,3,42,3.172552,0,1,0.0,1.386847,1
BD_borderline,2904002,4,28,3.257301,0,1,0.041846,1.093357,1
BD_borderline,2904002,4,37,3.582307,0,1,0.027476,0.623176,1
BD_borderline,2904002,4,56,3.530542,0,1,0.019308,0.695953,1
BD_borderline,2904002,5,7,2.967187,0,1,0.02676,1.909621,1
BD_borderline,2904002,5,19,2.846962,1,0,0.037802,2.746884,1
BD_borderline,2904002,5,51,4.009802,0,1,0.011931,0.295496,0
BD_borderline,2904002,5,55,3.666581,0,1,0.049835,0.511263,1
BD_borderline,2904002,5,59,3.988035,0,1,0.043136,0.288825,0
BD_borderline,2904002,6,23,4.02377,0,1,0.040576,0.272045,0
BD_borderline,2904002,6,42,2.920095,0,1,0.084993,1.851619,1
BD_borderline,2904002,6,61,3.38328,0,1,0.031584,0.887564,1
BD_borderline,2904002,7,10,3.344014,0,1,0.066815,0.888388,1
BD_borderline,2904002,7,32,2.97829,0,1,0.036959,1.833672,1
BD_borderline,2904002,7,55,3.800322,0,1,0.042358,0.406943,1
BD_borderline,2904002,8,16,4.004746,0,1,0.051803,0.275367,0
BD_borderline,2904002,8,47,3.57218,1,0,0.031147,0.744678,1
BD_borderline,2904002,8,48,3.570756,1,0,0.040899,0.732188,1
BD_borderline,2904002,9,24,3.919459,0,1,0.020516,0.342319,0
BD_borderline,2904002,10,26,4.081662,0,1,0.047903,0.241303,0
BD_borderline,2904002,10,46,3.616804,1,0,0.040089,0.674474,1
BD_borderline,2904002,10,55,3.186234,1,0,0.032452,1.498262,1
BD_borderline,2904002,11,23,4.14268,0,1,0.034589,0.221792,0
BD_borderline,2904002,12,48,3.702518,0,1,0.041483,0.486993,1
BD_borderline,2904002,13,28,3.019841,1,0,0.031578,2.031121,1
BD_borderline,2904002,13,44,4.191693,0,1,0.05071,0.196446,0
BD_borderline,2904002,14,30,4.19392,0,1,0.028236,0.204647,0
BD_borderline,2904002,15,44,3.657506,0,1,0.003182,0.570601,1
BD_borderline,2904002,16,40,3.808778,0,1,0.039457,0.403066,1
BD_borderline,2904002,17,63,3.74029,0,1,0.060233,0.437936,1
BD_borderline,2904002,19,34,3.575173,0,1,0.049017,0.60469,1
BD_borderline,2904002,19,55,4.108718,0,1,0.060576,0.223971,0
BD_borderline,2904002,20,21,2.931213,0,1,0.044288,1.968468,1
BD_borderline,2904002,21,59,3.302549,1,0,0.050053,1.170727,1
BD_borderline,2904002,22,57,3.417554,0,1,0.051571,0.801263,1
BD_borderline,2904002,22,63,2.792424,0,1,0.052734,2.491057,1
BD_borderline,2904002,23,26,3.798851,1,0,0.050868,0.474083,1
BD_borderline,2904002,23,61,2.866269,0,1,0.044756,2.213112,1
BD_borderline,2904002,24,33,3.1344,1,0,0.028883,1.65813,1
BD_borderline,2904002,25,53,3.02211,0,1,0.052159,1.642546,1
BD_borderline,2904002,25,54,4.071109,0,1,0.026499,0.256737,0
BD_borderline,2904002,26,36,3.542869,0,1,0.052417,0.636924,1
BD_borderline,2904002,27,59,3.33439,1,0,0.031443,1.146771,1
BD_borderline,2904002,28,51,4.124686,0,1,0.029305,0.231604,0
BD_borderline,2904002,28,55,4.1883,0,1,0.033334,0.204651,0
BD_borderline,2904002,28,56,3.891609,0,1,0.033775,0.350676,1
BD_borderline,2904002,30,42,3.303224,0,1,0.033522,1.022656,1
BD_borderline,2904002,33,61,3.74233,1,0,0.009672,0.570514,1
BD_borderline,2904002,34,49,3.956589,0,1,0.042909,0.305959,0
BD_borderline,2904002,34,59,2.899542,0,1,0.042894,2.090969,1
BD_borderline,2904002,35,60,2.938781,0,1,0.03559,1.975642,1
BD_borderline,2904002,39,46,3.745923,0,1,0.023995,0.466056,1
BD_borderline,2904002,40,41,3.159675,0,1,0.027168,1.344621,1
BD_borderline,2904002,41,52,2.960376,0,1,0.044604,1.86563,1
BD_borderline,2904002,46,55,2.948991,0,1,0.038499,1.928053,1
BD_borderline,2904002,47,61,4.082357,0,1,0.04717,0.241352,0
BD_borderline,2904002,48,61,3.401686,1,0,0.041788,0.993924,1
BD_borderline,2904002,51,59,4.061007,0,1,0.047762,0.250609,0
BD_borderline,2904002,52,58,3.18176,1,0,0.056897,1.438429,1
BD_borderline,2904003,0,3,2.794527,0,1,0.057933,2.455879,1
BD_borderline,2904003,0,16,2.859047,1,0,0.040715,2.671574,1
BD_borderline,2904003,0,48,3.906002,0,1,0.060233,0.324011,0
BD_borderline,2904003,1,11,3.755783,0,1,0.064664,0.422015,1
BD_borderline,2904003,1,53,4.179282,1,0,0.036643,0.244237,0
BD_borderline,2904003,1,62,3.343587,0,1,0.033609,0.95013,1
BD_borderline,2904003,2,48,3.435093,0,1,0.051748,0.77584,1
BD_borderline,2904003,2,55,3.945386,0,1,0.038979,0.314718,0
BD_borderline,2904003,3,57,3.698646,0,1,0.063205,0.469582,1
BD_borderline,2904003,4,6,3.863014,0,1,0.050405,0.357306,1
BD_borderline,2904003,4,15,2.965142,0,1,0.065511,1.773794,1
BD_borderline,2904003,4,28,3.600702,1,0,0.020974,0.721578,1
BD_borderline,2904003,4,37,4.057352,1,0,0.052328,0.295438,0
BD_borderline,2904003,4,54,3.781722,0,1,0.036522,0.425882,1
BD_borderline,2904003,4,58,3.752673,0,1,0.025627,0.458872,1
BD_borderline,2904003,5,34,3.858638,0,1,0.047911,0.361961,1
BD_borderline,2904003,5,53,3.516274,0,1,0.023929,0.707673,1
BD_borderline,2904003,6,31,2.735648,0,1,0.040577,2.829929,1
BD_borderline,2904003,7,12,3.811212,0,1,0.001129,0.433257,1
BD_borderline,2904003,7,56,2.905562,0,1,0.026245,2.138233,1
BD_borderline,2904003,8,17,3.542404,0,1,0.04568,0.64611,1
BD_borderline,2904003,9,55,2.705677,0,1,0.037193,3.00871,1
BD_borderline,2904003,10,36,3.501361,0,1,0.052543,0.68668,1
BD_borderline,2904003,10,55,2.859001,0,1,0.049233,2.222561,1
BD_borderline,2904003,11,62,2.707197,1,0,0.039677,3.528365,1
BD_borderline,2904003,13,48,4.152294,1,0,0.05709,0.246242,0
BD_borderline,2904003,13,57,2.938431,0,1,0.063601,1.869195,1
BD_borderline,2904003,14,27,3.864252,1,0,0.050376,0.421347,1
BD_borderline,2904003,14,58,2.974862,1,0,0.043992,2.150155,1
BD_borderline,2904003,14,63,3.934267,0,1,0.03292,0.325061,0
BD_borderline,2904003,15,20,3.581089,0,1,0.042545,0.606015,1
BD_borderline,2904003,16,25,3.345392,0,1,0.019351,0.974409,1
BD_borderline,2904003,16,43,3.704856,0,1,0.037055,0.489241,1
BD_borderline,2904003,16,52,3.189302,0,1,0.027119,1.274229,1
BD_borderline,2904003,17,20,3.672784,0,1,0.024883,0.531398,1
BD_borderline,2904003,19,44,3.731605,0,1,0.001726,0.500135,1
BD_borderline,2904003,21,30,3.545819,1,0,0.064703,0.73053,1
BD_borderline,2904003,21,56,3.479185,1,0,0.032231,0.87995,1
BD_borderline,2904003,22,43,3.209999,0,1,0.057749,1.154251,1
BD_borderline,2904003,22,46,3.638874,0,1,0.04719,0.54053,1
BD_borderline,2904003,22,49,3.460166,1,0,0.030721,0.913667,1
BD_borderline,2904003,23,37,4.021812,0,1,0.036036,0.275506,0
BD_borderline,2904003,23,42,4.174346,0,1,0.066472,0.196449,0
BD_borderline,2904003,23,44,3.984382,0,1,0.049144,0.287277,0
BD_borderline,2904003,23,59,3.151536,0,1,0.044769,1.317461,1
BD_borderline,2904003,24,33,3.157856,0,1,0.048909,1.291669,1
BD_borderline,2904003,24,42,2.959394,0,1,0.033297,1.911714,1
BD_borderline,2904003,24,53,3.445957,1,0,0.000598,0.995802,1
BD_borderline,2904003,25,43,3.458238,0,1,0.058113,0.734459,1
BD_borderline,2904003,25,57,3.459641,1,0,0.033847,0.90884,1
BD_borderline,2904003,28,33,3.665294,0,1,0.056418,0.505758,1
BD_borderline,2904003,29,32,4.155261,1,0,0.011958,0.268053,0
BD_borderline,2904003,33,42,4.065041,1,0,0.039334,0.299007,0
BD_borderline,2904003,35,51,3.538788,0,1,0.038651,0.659581,1
BD_borderline,2904003,35,58,3.895967,1,0,0.043348,0.403367,1
BD_borderline,2904003,37,40,2.781201,0,1,0.043006,2.592362,1
BD_borderline,2904003,37,41,4.161446,1,0,0.021449,0.260071,0
BD_borderline,2904003,38,51,3.063696,0,1,0.063971,1.487371,1
BD_borderline,2904003,39,47,3.737907,0,1,0.051032,0.448006,1
BD_borderline,2904003,40,52,3.41513,1,0,0.040877,0.97169,1
BD_borderline,2904003,40,54,3.246987,0,1,0.046019,1.104793,1
BD_borderline,2904003,41,54,2.839021,1,0,0.031771,2.820643,1
BD_borderline,2904003,43,46,3.750069,0,1,0.054668,0.435033,1
BD_borderline,2904003,45,48,3.564159,0,1,0.003914,0.675159,1
BD_borderline,2904003,46,52,3.027832,0,1,0.04005,1.665394,1
BD_borderline,2904003,46,63,3.131912,0,1,0.040741,1.37636,1
BD_borderline,2904003,49,50,3.405791,1,0,0.027512,1.015106,1
BD_borderline,2904003,52,57,2.803168,0,1,0.034179,2.535224,1
BD_borderline,2904003,52,63,3.223828,0,1,0.046122,1.152071,1
BD_borderline,2904003,58,63,3.405864,0,1,0.048424,0.823644,1
BD_borderline,2904004,0,24,3.814969,1,0,0.036262,0.474039,1
BD_borderline,2904004,2,41,3.044389,0,1,0.052134,1.577418,1
BD_borderline,2904004,2,57,3.005267,1,0,0.02317,2.121031,1
BD_borderline,2904004,3,4,2.94873,1,0,0.049694,2.229213,1
BD_borderline,2904004,3,6,3.210682,0,1,0.012083,1.263065,1
BD_borderline,2904004,3,43,3.406461,0,1,0.062376,0.80011,1
BD_borderline,2904004,3,62,2.890349,0,1,0.029387,2.184435,1
BD_borderline,2904004,4,6,2.929505,1,0,0.026877,2.416302,1
BD_borderline,2904004,4,10,3.614286,1,0,0.033016,0.687223,1
BD_borderline,2904004,4,58,2.739804,0,1,0.035941,2.834788,1
BD_borderline,2904004,5,41,3.56423,1,0,0.037158,0.746492,1
BD_borderline,2904004,5,45,3.901325,0,1,0.01634,0.356761,1
BD_borderline,2904004,5,50,3.246358,0,1,0.033592,1.133893,1
BD_borderline,2904004,6,43,3.41112,0,1,0.043243,0.824307,1
BD_borderline,2904004,7,26,3.008587,0,1,0.040233,1.724067,1
BD_borderline,2904004,7,44,3.169541,0,1,0.05802,1.241684,1
BD_borderline,2904004,7,46,3.62164,0,1,0.027885,0.579691,1
BD_borderline,2904004,8,43,3.886546,0,1,0.047266,0.344497,0
BD_borderline,2904004,8,48,2.873591,0,1,0.036794,2.218899,1
BD_borderline,2904004,9,18,2.945532,0,1,0.073392,1.809431,1
BD_borderline,2904004,9,19,3.903659,0,1,0.028642,0.346617,0
BD_borderline,2904004,9,61,3.59975,1,0,0.041839,0.693284,1
BD_borderline,2904004,11,35,4.044369,0,1,0.015359,0.2756,0
BD_borderline,2904004,12,20,3.220607,0,1,0.007419,1.252103,1
BD_borderline,2904004,12,48,3.209038,0,1,0.060465,1.150005,1
BD_borderline,2904004,13,15,3.186541,0,1,0.004074,1.341048,1
BD_borderline,2904004,13,22,3.597143,0,1,0.052782,0.576653,1
BD_borderline,2904004,13,38,4.128179,0,1,0.032877,0.228499,0
BD_borderline,2904004,13,57,3.903863,0,1,0.027373,0.347369,0
BD_borderline,2904004,14,30,3.257043,1,0,0.063599,1.237718,1
BD_borderline,2904004,15,17,3.4375,0,1,0.057301,0.76392,1
BD_borderline,2904004,15,39,3.395153,0,1,0.05039,0.836545,1
BD_borderline,2904004,16,22,2.879229,0,1,0.037337,2.193887,1
BD_borderline,2904004,16,55,2.919858,1,0,0.035207,2.418426,1
BD_borderline,2904004,17,24,4.11554,0,1,0.034328,0.233133,0
BD_borderline,2904004,18,60,3.919334,0,1,0.038222,0.330485,0
BD_borderline,2904004,19,20,2.715278,0,1,0.038841,2.946914,1
BD_borderline,2904004,19,56,3.305557,0,1,0.073954,0.939225,1
BD_borderline,2904004,19,60,4.049964,1,0,0.040829,0.3064,0
BD_borderline,2904004,20,48,4.059373,0,1,0.050638,0.249912,0
BD_borderline,2904004,23,46,2.870994,1,0,0.038229,2.627197,1
BD_borderline,2904004,24,59,3.997365,0,1,0.025441,0.294196,0
BD_borderline,2904004,25,36,3.892077,0,1,0.05315,0.33706,0
BD_borderline,2904004,26,44,3.571657,0,1,0.020327,0.64451,1
BD_borderline,2904004,27,35,3.829073,1,0,0.039509,0.459046,1
BD_borderline,2904004,27,37,3.855394,1,0,0.048671,0.42965,1
BD_borderline,2904004,28,53,3.297228,0,1,0.062242,0.976156,1
BD_borderline,2904004,29,37,3.735715,0,1,0.04506,0.4552,1
BD_borderline,2904004,29,47,3.740298,1,0,0.013764,0.567959,1
BD_borderline,2904004,31,33,3.498946,0,1,0.033193,0.716917,1
BD_borderline,2904004,31,62,4.190006,0,1,0.057983,0.194204,0
BD_borderline,2904004,32,50,4.103497,0,1,0.017703,0.246351,0
BD_borderline,2904004,36,55,2.744663,0,1,0.035359,2.813127,1
BD_borderline,2904004,38,41,4.175716,0,1,0.014766,0.217309,0
BD_borderline,2904004,38,59,2.952638,0,1,0.050735,1.869007,1
BD_borderline,2904004,41,57,3.81049,1,0,0.034996,0.479127,1
BD_borderline,2904004,42,52,3.791363,0,1,0.019605,0.432883,1
BD_borderline,2904004,43,47,2.875142,0,1,0.028537,2.249492,1
BD_borderline,2904004,45,55,2.7191,0,1,0.055742,2.829237,1
BD_borderline,2904004,47,48,3.590773,0,1,0.040346,0.598062,1
BD_borderline,2904004,56,60,3.334074,0,1,0.041563,0.95145,1
BD_borderline,2904005,1,3,3.484298,0,1,0.050269,0.711546,1
BD_borderline,2904005,1,8,3.505427,0,1,0.038023,0.701707,1
BD_borderline,2904005,1,36,2.981147,0,1,0.04094,1.809702,1
BD_borderline,2904005,1,53,4.067596,0,1,0.042016,0.250486,0
BD_borderline,2904005,2,14,2.862294,0,1,0.028292,2.303787,1
BD_borderline,2904005,2,37,4.102619,0,1,0.062116,0.225772,0
BD_borderline,2904005,2,45,4.05189,0,1,0.041529,0.257993,0
BD_borderline,2904005,2,56,3.600594,1,0,0.046911,0.685235,1
BD_borderline,2904005,3,24,3.355991,0,1,0.066195,0.870332,1
BD_borderline,2904005,3,32,2.928804,0,1,0.032548,2.024084,1
BD_borderline,2904005,3,36,3.832874,1,0,0.02319,0.471009,1
BD_borderline,2904005,4,17,2.794955,0,1,0.048801,2.499203,1
BD_borderline,2904005,5,10,3.833138,1,0,0.040764,0.454523,1
BD_borderline,2904005,5,22,2.952909,0,1,0.059933,1.834037,1
BD_borderline,2904005,6,10,2.750729,0,1,0.04401,2.734546,1
BD_borderline,2904005,7,41,3.672976,0,1,0.035103,0.520465,1
BD_borderline,2904005,7,53,3.07344,0,1,0.049433,1.504367,1
BD_borderline,2904005,8,24,3.512099,0,1,0.023573,0.713573,1
BD_borderline,2904005,8,41,4.139179,1,0,0.045494,0.258101,0
BD_borderline,2904005,8,53,3.838313,0,1,0.04262,0.379583,1
BD_borderline,2904005,8,59,4.113487,0,1,0.022471,0.23962,0
BD_borderline,2904005,9,13,3.868252,0,1,0.028593,0.3697,1
BD_borderline,2904005,9,18,3.565796,1,0,0.040951,0.738745,1
BD_borderline,2904005,9,30,4.02835,0,1,0.042268,0.268878,0
BD_borderline,2904005,11,14,3.501916,1,0,0.028314,0.850966,1
BD_borderline,2904005,12,19,2.96224,0,1,0.043497,1.863442,1
BD_borderline,2904005,12,45,3.880546,0,1,0.046146,0.349057,0
BD_borderline,2904005,13,30,4.135987,1,0,0.062206,0.25107,0
BD_borderline,2904005,14,37,3.286336,0,1,0.02437,1.074025,1
BD_borderline,2904005,14,56,4.031443,0,1,0.04937,0.263599,0
BD_borderline,2904005,15,31,3.364699,0,1,0.032324,0.916701,1
BD_borderline,2904005,16,40,3.422485,0,1,0.038573,0.815024,1
BD_borderline,2904005,16,54,3.55858,1,0,0.047866,0.73822,1
BD_borderline,2904005,17,44,2.803034,0,1,0.05379,2.438311,1
BD_borderline,2904005,20,28,4.174947,1,0,0.014401,0.257368,0
BD_borderline,2904005,20,37,4.012065,0,1,0.047309,0.274179,0
BD_borderline,2904005,20,62,3.165695,0,1,0.051438,1.266967,1
BD_borderline,2904005,22,43,3.817366,0,1,0.04076,0.395788,1
BD_borderline,2904005,22,63,3.032415,0,1,0.022855,1.709359,1
BD_borderline,2904005,23,63,3.72052,0,1,0.030289,0.481982,1
BD_borderline,2904005,24,26,3.9313,1,0,0.040733,0.380253,1
BD_borderline,2904005,25,27,4.089606,1,0,0.036303,0.287685,0
BD_borderline,2904005,25,35,3.457515,0,1,0.048501,0.749699,1
BD_borderline,2904005,26,38,3.0885,0,1,0.06763,1.411418,1
BD_borderline,2904005,26,48,4.176233,0,1,0.051614,0.201681,0
BD_borderline,2904005,26,50,2.956868,1,0,0.076515,2.081756,1
BD_borderline,2904005,27,33,3.19347,0,1,0.059477,1.185361,1
BD_borderline,2904005,27,35,3.079473,0,1,0.020951,1.575174,1
BD_borderline,2904005,27,44,3.091068,0,1,0.039354,1.486581,1
BD_borderline,2904005,28,34,3.93781,0,1,0.051662,0.311092,0
BD_borderline,2904005,28,46,3.183572,0,1,0.026485,1.289207,1
BD_borderline,2904005,28,54,3.571976,1,0,0.029093,0.748023,1
BD_borderline,2904005,28,62,4.131219,0,1,0.037302,0.225237,0
BD_borderline,2904005,29,45,3.980399,0,1,0.047967,0.290047,0
BD_borderline,2904005,29,53,3.673186,0,1,0.040214,0.514975,1
BD_borderline,2904005,29,58,4.091791,0,1,0.040753,0.240312,0
BD_borderline,2904005,30,55,3.969327,1,0,0.036584,0.357807,1
BD_borderline,2904005,32,36,3.14263,1,0,0.048603,1.57033,1
BD_borderline,2904005,32,47,2.725685,0,1,0.056642,2.790541,1
BD_borderline,2904005,34,58,3.172231,0,1,0.025533,1.318573,1
BD_borderline,2904005,35,54,3.036238,0,1,0.013742,1.728743,1
BD_borderline,2904005,37,40,3.660335,0,1,0.023666,0.544887,1
BD_borderline,2904005,37,61,3.928129,0,1,0.037776,0.325532,0
BD_borderline,2904005,38,46,3.699959,0,1,0.033486,0.497152,1
BD_borderline,2904005,38,62,4.172957,0,1,0.037846,0.20855,0
BD_borderline,2904005,39,49,4.063462,1,0,0.012934,0.316125,0
BD_borderline,2904005,40,49,3.81024,0,1,0.051174,0.392685,1
BD_borderline,2904005,40,54,2.679331,0,1,0.054761,3.047363,1
BD_borderline,2904005,41,51,3.620337,1,0,0.04864,0.658793,1
BD_borderline,2904005,41,53,2.895342,0,1,0.037363,2.130436,1
BD_borderline,2904005,41,55,4.156862,1,0,0.032528,0.256501,0
BD_borderline,2904005,42,50,3.413856,1,0,0.044752,0.966426,1
BD_borderline,2904005,43,51,3.370151,0,1,0.037926,0.897548,1
BD_borderline,2904005,43,58,3.898315,0,1,0.046658,0.337614,0
BD_borderline,2904005,46,55,3.709176,1,0,0.056188,0.552132,1
BD_borderline,2904005,49,52,3.936439,1,0,0.070841,0.354701,1
BD_borderline,2904005,50,62,3.399497,1,0,0.015139,1.052516,1
BD_borderline,2904005,54,58,3.835966,1,0,0.050817,0.443191,1
BD_borderline,2904005,60,63,4.005826,0,1,0.044283,0.278991,0
BD_borderline,2904006,0,10,3.50092,0,1,0.064965,0.670368,1
BD_borderline,2904006,0,20,4.085797,1,0,0.043557,0.285512,0
BD_borderline,2904006,1,17,2.735592,0,1,0.052957,2.760995,1
BD_borderline,2904006,1,25,4.042282,0,1,0.030682,0.268298,0
BD_borderline,2904006,2,28,2.671716,0,1,0.039119,3.188039,1
BD_borderline,2904006,2,37,3.514888,0,1,0.022731,0.711162,1
BD_borderline,2904006,3,49,3.830267,0,1,0.041449,0.38608,1
BD_borderline,2904006,4,29,2.699317,0,1,0.046437,2.987954,1
BD_borderline,2904006,5,28,3.155429,1,0,0.035631,1.574533,1
BD_borderline,2904006,5,37,3.323441,1,0,0.06466,1.09464,1
BD_borderline,2904006,5,42,3.299668,1,0,0.051037,1.17456,1
BD_borderline,2904006,6,38,4.009084,0,1,0.045706,0.276555,0
BD_borderline,2904006,6,40,3.730747,1,0,0.057755,0.529235,1
BD_borderline,2904006,6,47,2.74419,0,1,0.024955,2.87474,1
BD_borderline,2904006,7,24,3.378334,0,1,0.034464,0.890437,1
BD_borderline,2904006,8,46,4.178397,1,0,0.042998,0.241541,0
BD_borderline,2904006,8,49,3.862059,0,1,0.039255,0.365999,1
BD_borderline,2904006,9,18,4.192253,0,1,0.040976,0.200104,0
BD_borderline,2904006,10,61,3.965598,1,0,0.021066,0.371596,1
BD_borderline,2904006,11,15,4.14741,1,0,0.039635,0.257264,0
BD_borderline,2904006,12,31,2.876212,1,0,0.031937,2.635344,1
BD_borderline,2904006,12,41,3.144791,0,1,0.065352,1.279927,1
BD_borderline,2904006,13,38,3.577788,0,1,0.045885,0.605604,1
BD_borderline,2904006,13,51,3.15428,0,1,0.038144,1.32839,1
BD_borderline,2904006,14,21,3.795648,0,1,0.048093,0.405735,1
BD_borderline,2904006,15,42,3.454697,0,1,0.067795,0.725026,1
BD_borderline,2904006,15,59,3.73947,0,1,0.024206,0.471357,1
BD_borderline,2904006,16,31,3.814035,0,1,0.02773,0.408707,1
BD_borderline,2904006,16,44,3.3411,0,1,0.014812,0.990998,1
BD_borderline,2904006,16,53,3.044243,1,0,0.031488,1.943328,1
BD_borderline,2904006,16,57,3.698722,0,1,0.066147,0.466763,1
BD_borderline,2904006,16,60,3.877675,0,1,0.040172,0.355102,1
BD_borderline,2904006,17,48,2.785349,0,1,0.049657,2.53889,1
BD_borderline,2904006,17,60,4.134555,0,1,0.038431,0.22337,0
BD_borderline,2904006,19,33,2.963599,0,1,0.050619,1.832553,1
BD_borderline,2904006,19,40,2.708438,0,1,0.035875,3.001546,1
BD_borderline,2904006,19,49,3.219726,1,0,0.018944,1.448355,1
BD_borderline,2904006,20,55,3.352749,0,1,0.029383,0.942365,1
BD_borderline,2904006,21,56,2.781148,0,1,0.017816,2.726577,1
BD_borderline,2904006,22,45,3.48745,0,1,0.036018,0.727935,1
BD_borderline,2904006,23,32,4.167123,1,0,0.07644,0.230593,0
BD_borderline,2904006,26,52,4.128623,0,1,0.064256,0.214426,0
BD_borderline,2904006,26,54,3.70334,0,1,0.005891,0.522142,1
BD_borderline,2904006,26,61,3.707339,0,1,0.051205,0.473447,1
BD_borderline,2904006,27,29,3.616472,0,1,0.009108,0.607557,1
BD_borderline,2904006,27,50,3.331847,0,1,0.049428,0.9404,1
BD_borderline,2904006,28,49,3.662907,0,1,0.034179,0.531061,1
BD_borderline,2904006,30,34,2.755081,0,1,0.051839,2.670842,1
BD_borderline,2904006,30,38,3.739272,0,1,0.037988,0.458707,1
BD_borderline,2904006,30,57,3.975311,0,1,0.024437,0.306848,0
BD_borderline,2904006,31,41,3.348591,1,0,0.017593,1.14893,1
BD_borderline,2904006,31,45,2.877534,0,1,0.029199,2.236768,1
BD_borderline,2904006,31,62,4.00613,1,0,0.021365,0.34499,0
BD_borderline,2904006,33,58,4.060957,0,1,0.055409,0.246827,0
BD_borderline,2904006,35,45,3.272065,0,1,0.050957,1.045178,1
BD_borderline,2904006,35,62,3.872987,0,1,0.039159,0.358867,1
BD_borderline,2904006,39,41,3.498518,1,0,0.047912,0.823329,1
BD_borderline,2904006,39,62,4.146212,0,1,0.032093,0.221476,0
BD_borderline,2904006,41,62,3.118031,1,0,0.052447,1.62958,1
BD_borderline,2904006,42,59,2.829866,0,1,0.057431,2.305362,1
BD_borderline,2904006,43,59,3.460111,0,1,0.006062,0.812269,1
BD_borderline,2904006,44,60,4.01933,0,1,0.00884,0.292221,0
BD_borderline,2904006,47,57,3.884557,1,0,0.053853,0.40326,1
BD_borderline,2904006,48,60,2.695528,0,1,0.023839,3.1477,1
BD_borderline,2904006,52,61,3.769931,0,1,0.033376,0.437858,1
BD_borderline,2904006,53,57,3.004886,0,1,0.049906,1.702451,1
BD_borderline,2904006,61,63,3.942636,0,1,0.018322,0.329637,0
BD_borderline,2904007,1,9,3.692568,0,1,0.038621,0.498729,1
BD_borderline,2904007,1,24,3.369944,0,1,0.063864,0.852495,1
BD_borderline,2904007,1,48,3.194761,0,1,0.031672,1.250209,1
BD_borderline,2904007,1,50,3.270305,0,1,0.029637,1.094205,1
BD_borderline,2904007,1,54,4.004507,0,1,0.042057,0.280908,0
BD_borderline,2904007,2,24,3.710407,1,0,0.039112,0.570037,1
BD_borderline,2904007,2,34,4.060834,0,1,0.044954,0.252099,0
BD_borderline,2904007,2,60,4.103466,0,1,0.05086,0.230557,0
BD_borderline,2904007,3,6,4.168993,0,1,0.019272,0.218009,0
BD_borderline,2904007,3,21,3.523069,1,0,0.028457,0.818624,1
BD_borderline,2904007,3,53,3.604144,0,1,0.051114,0.571262,1
BD_borderline,2904007,4,12,3.558568,1,0,0.031199,0.76326,1
BD_borderline,2904007,4,41,3.987542,0,1,0.037384,0.292429,0
BD_borderline,2904007,5,42,3.572925,0,1,0.046811,0.609852,1
BD_borderline,2904007,5,43,3.640661,0,1,0.02631,0.561752,1
BD_borderline,2904007,5,56,3.475038,0,1,0.054491,0.717543,1
BD_borderline,2904007,6,7,2.830297,0,1,0.05549,2.312515,1
BD_borderline,2904007,7,24,3.561601,0,1,0.057064,0.609903,1
BD_borderline,2904007,7,28,3.319968,0,1,0.05579,0.948783,1
BD_borderline,2904007,7,33,3.493191,0,1,0.028933,0.730656,1
BD_borderline,2904007,7,57,3.638053,0,1,0.050076,0.538222,1
BD_borderline,2904007,8,47,4.144287,0,1,0.071569,0.20538,0
BD_borderline,2904007,10,27,4.083641,1,0,0.008141,0.307672,0
BD_borderline,2904007,11,25,3.822988,0,1,0.040176,0.392221,1
BD_borderline,2904007,11,43,3.751409,1,0,0.01973,0.549998,1
BD_borderline,2904007,11,47,3.063199,0,1,0.072578,1.463311,1
BD_borderline,2904007,11,52,3.806095,0,1,0.027747,0.414635,1
BD_borderline,2904007,14,19,4.034122,0,1,0.033732,0.270652,0
BD_borderline,2904007,14,22,3.630069,0,1,0.046091,0.550462,1
BD_borderline,2904007,14,32,3.795873,0,1,0.036826,0.414813,1
BD_borderline,2904007,15,29,4.191369,1,0,0.070673,0.223208,0
BD_borderline,2904007,15,35,4.051411,1,0,0.015601,0.321409,0
BD_borderline,2904007,16,48,3.480372,0,1,0.073625,0.683937,1
BD_borderline,2904007,17,36,4.142118,0,1,0.039979,0.219639,0
BD_borderline,2904007,17,59,2.675809,1,0,0.028852,3.817334,1
BD_borderline,2904007,18,26,3.817147,0,1,0.061653,0.379743,1
BD_borderline,2904007,18,32,4.139927,1,0,0.067607,0.246599,0
BD_borderline,2904007,24,39,4.157789,0,1,0.062969,0.203876,0
BD_borderline,2904007,25,60,2.883189,0,1,0.015519,2.275294,1
BD_borderline,2904007,28,33,2.82007,1,0,0.029931,2.93029,1
BD_borderline,2904007,28,40,3.136929,0,1,0.035319,1.378733,1
BD_borderline,2904007,29,55,3.56523,0,1,0.071663,0.588457,1
BD_borderline,2904007,30,43,4.169522,0,1,0.042282,0.208003,0
BD_borderline,2904007,30,49,3.918616,1,0,0.056184,0.377283,1
BD_borderline,2904007,31,34,2.992521,0,1,0.02693,1.823038,1
BD_borderline,2904007,32,40,3.158848,0,1,0.043955,1.302182,1
BD_borderline,2904007,34,35,3.951348,0,1,0.042087,0.309396,0
BD_borderline,2904007,36,55,4.093399,1,0,0.046336,0.280032,0
BD_borderline,2904007,37,42,3.973725,0,1,0.058183,0.28765,0
BD_borderline,2904007,42,43,2.984818,0,1,0.037641,1.809565,1
BD_borderline,2904007,47,49,3.547334,1,0,0.032569,0.776877,1
BD_borderline,2904007,48,50,4.024475,0,1,0.046845,0.268311,0
BD_borderline,2904007,48,54,4.031934,0,1,0.059317,0.258176,0
BD_borderline,2904007,49,53,4.154867,0,1,0.046177,0.211962,0
BD_borderline,2904007,52,60,2.868238,0,1,0.039158,2.230032,1
BD_borderline,2904007,56,62,3.787068,0,1,0.052992,0.408097,1
BD_borderline,2904008,0,56,2.953899,0,1,0.035053,1.924141,1
BD_borderline,2904008,1,61,3.055168,0,1,0.052032,1.547122,1
BD_borderline,2904008,2,20,3.739129,1,0,0.060375,0.518507,1
BD_borderline,2904008,3,7,3.524752,0,1,0.031044,0.687002,1
BD_borderline,2904008,3,9,2.828319,0,1,0.021623,2.483497,1
BD_borderline,2904008,3,11,3.420522,0,1,0.051726,0.796704,1
BD_borderline,2904008,3,19,3.075521,0,1,0.030469,1.556619,1
BD_borderline,2904008,4,6,3.236198,0,1,0.042833,1.133883,1
BD_borderline,2904008,4,35,3.435647,1,0,0.044988,0.928446,1
BD_borderline,2904008,5,28,3.594817,1,0,0.071226,0.659601,1
BD_borderline,2904008,6,35,2.750773,0,1,0.030887,2.80704,1
BD_borderline,2904008,7,9,3.942222,1,0,0.028455,0.382043,1
BD_borderline,2904008,7,20,3.868097,0,1,0.039085,0.362126,1
BD_borderline,2904008,8,36,3.994315,0,1,0.042438,0.285945,0
BD_borderline,2904008,9,11,2.704807,0,1,0.069215,2.826527,1
BD_borderline,2904008,9,49,3.574237,0,1,0.075688,0.574257,1
BD_borderline,2904008,9,50,4.107932,0,1,0.038017,0.234642,0
BD_borderline,2904008,10,20,3.92527,0,1,0.031074,0.331644,0
BD_borderline,2904008,10,30,4.147106,0,1,0.036245,0.219287,0
BD_borderline,2904008,10,34,2.986837,0,1,0.061448,1.7191,1
BD_borderline,2904008,10,42,4.192902,0,1,0.05426,0.194628,0
BD_borderline,2904008,12,25,3.282336,0,1,0.018135,1.095441,1
BD_borderline,2904008,12,26,3.015102,0,1,0.021512,1.768768,1
BD_borderline,2904008,12,40,3.453694,0,1,0.033139,0.778481,1
BD_borderline,2904008,12,52,3.298053,0,1,0.029569,1.040511,1
BD_borderline,2904008,15,39,3.846872,0,1,0.04751,0.370085,1
BD_borderline,2904008,15,51,3.236255,1,0,0.022606,1.39522,1
BD_borderline,2904008,16,46,3.392638,0,1,0.055135,0.832441,1
BD_borderline,2904008,16,48,4.1409,0,1,0.036271,0.221764,0
BD_borderline,2904008,16,60,3.785369,1,0,0.020392,0.516381,1
BD_borderline,2904008,18,62,3.374406,1,0,0.029532,1.070384,1
BD_borderline,2904008,22,23,3.755568,1,0,0.047794,0.516061,1
BD_borderline,2904008,22,58,2.799811,0,1,0.050082,2.470894,1
BD_borderline,2904008,23,27,2.840787,0,1,0.049146,2.297798,1
BD_borderline,2904008,23,39,4.000747,0,1,0.037149,0.285626,0
BD_borderline,2904008,23,58,3.00474,0,1,0.031444,1.766956,1
BD_borderline,2904008,24,45,3.603954,0,1,0.032881,0.592684,1
BD_borderline,2904008,24,46,3.472234,0,1,0.025532,0.764215,1
BD_borderline,2904008,25,56,3.974613,0,1,0.014038,0.313695,0
BD_borderline,2904008,25,57,3.212445,1,0,0.012611,1.486365,1
BD_borderline,2904008,26,52,3.263359,0,1,0.029204,1.109069,1
BD_borderline,2904008,27,39,3.46346,1,0,0.050436,0.873098,1
BD_borderline,2904008,27,43,2.934513,0,1,0.055111,1.914794,1
BD_borderline,2904008,28,61,4.060648,0,1,0.027363,0.261215,0
BD_borderline,2904008,29,50,2.688349,0,1,0.020967,3.207421,1
BD_borderline,2904008,31,41,2.715994,0,1,0.012368,3.103109,1
BD_borderline,2904008,32,63,3.583562,0,1,0.055394,0.587991,1
BD_borderline,2904008,35,39,3.484781,0,1,0.065252,0.689935,1
BD_borderline,2904008,38,50,3.231957,0,1,0.042829,1.142669,1
BD_borderline,2904008,39,51,3.421026,0,1,0.035937,0.82151,1
BD_borderline,2904008,41,53,3.624757,0,1,0.058692,0.541972,1
BD_borderline,2904008,42,54,2.744993,0,1,0.045552,2.754701,1
BD_borderline,2904008,45,52,3.500802,0,1,0.029678,0.719542,1
BD_borderline,2904008,46,60,3.364791,0,1,0.023111,0.933593,1
BD_borderline,2904008,54,55,3.276193,0,1,0.018253,1.107483,1
BD_borderline,2904009,0,35,2.860458,0,1,0.057964,2.178309,1
BD_borderline,2904009,0,39,3.276056,0,1,0.03159,1.0786,1
BD_borderline,2904009,1,36,4.002572,0,1,0.063004,0.270333,0
BD_borderline,2904009,1,54,3.936301,0,1,0.031599,0.324718,0
BD_borderline,2904009,2,49,3.296123,0,1,0.027687,1.048107,1
BD_borderline,2904009,2,60,3.294542,1,0,0.02592,1.246634,1
BD_borderline,2904009,2,62,4.059038,0,1,0.02734,0.261992,0
BD_borderline,2904009,3,4,3.850824,0,1,0.015254,0.391921,1
BD_borderline,2904009,3,37,3.989683,0,1,0.05744,0.27984,0
BD_borderline,2904009,4,37,2.983907,1,0,0.055414,2.067317,1
BD_borderline,2904009,4,56,3.889658,1,0,0.028755,0.420105,1
BD_borderline,2904009,5,7,2.93438,0,1,0.042693,1.963422,1
BD_borderline,2904009,5,57,3.956976,0,1,0.047399,0.303009,0
BD_borderline,2904009,6,39,3.145156,0,1,0.027982,1.378342,1
BD_borderline,2904009,6,54,3.232162,0,1,0.008731,1.222857,1
BD_borderline,2904009,7,49,4.023455,0,1,0.036355,0.274509,0
BD_borderline,2904009,8,51,3.722348,0,1,0.03969,0.471434,1
BD_borderline,2904009,9,25,3.168086,1,0,0.033693,1.544688,1
BD_borderline,2904009,9,40,3.193702,0,1,0.039861,1.232269,1
BD_borderline,2904009,9,59,3.099428,0,1,0.049847,1.433749,1
BD_borderline,2904009,9,61,3.981012,0,1,0.036366,0.296525,0
BD_borderline,2904009,10,29,3.128775,0,1,0.042931,1.378185,1
BD_borderline,2904009,10,58,4.116947,0,1,0.048888,0.225864,0
BD_borderline,2904009,11,13,4.18086,0,1,0.049578,0.200807,0
BD_borderline,2904009,11,16,2.826075,1,0,0.011321,3.008382,1
BD_borderline,2904009,11,49,3.992712,0,1,0.028291,0.295009,0
BD_borderline,2904009,12,56,3.396435,1,0,0.038011,1.011066,1
BD_borderline,2904009,14,31,3.329938,0,1,0.000749,1.040164,1
BD_borderline,2904009,15,24,3.789229,1,0,0.027612,0.505419,1
BD_borderline,2904009,16,32,3.628859,0,1,0.055346,0.541557,1
BD_borderline,2904009,16,43,3.029404,1,0,0.061824,1.878942,1
BD_borderline,2904009,16,52,3.597818,0,1,0.0371,0.594296,1
BD_borderline,2904009,16,55,4.153727,0,1,0.017335,0.225014,0
BD_borderline,2904009,17,62,3.626342,0,1,0.022127,0.581414,1
BD_borderline,2904009,18,40,3.691787,1,0,0.03415,0.595546,1
BD_borderline,2904009,18,58,3.569873,0,1,0.021966,0.644487,1
BD_borderline,2904009,18,63,3.452265,0,1,0.02273,0.796925,1
BD_borderline,2904009,20,21,3.514599,0,1,0.031598,0.699027,1
BD_borderline,2904009,20,22,3.535029,1,0,0.041013,0.781151,1
BD_borderline,2904009,20,36,3.354165,0,1,0.063707,0.877581,1
BD_borderline,2904009,21,48,3.698903,0,1,0.055344,0.476801,1
BD_borderline,2904009,22,36,3.6311,1,0,0.038431,0.659352,1
BD_borderline,2904009,22,58,3.401469,0,1,0.055229,0.819028,1
BD_borderline,2904009,23,36,2.76758,1,0,0.047389,3.113114,1
BD_borderline,2904009,23,58,4.141752,0,1,0.053464,0.213936,0
BD_borderline,2904009,24,38,3.505123,1,0,0.038772,0.828507,1
BD_borderline,2904009,24,51,3.556816,0,1,0.044015,0.6315,1
BD_borderline,2904009,25,40,3.839606,1,0,0.01687,0.471197,1
BD_borderline,2904009,25,59,3.344741,0,1,0.033751,0.94787,1
BD_borderline,2904009,25,61,3.547025,0,1,0.044863,0.641753,1
BD_borderline,2904009,26,55,3.81944,0,1,0.020102,0.410931,1
BD_borderline,2904009,27,42,3.568727,0,1,0.05165,0.608606,1
BD_borderline,2904009,28,42,3.733729,0,1,0.019223,0.481074,1
BD_borderline,2904009,29,44,3.078691,0,1,0.061532,1.454447,1
BD_borderline,2904009,30,42,3.950126,0,1,0.016755,0.3262,0
BD_borderline,2904009,32,43,3.657456,0,1,0.033167,0.537437,1
BD_borderline,2904009,33,57,2.928068,0,1,0.041693,1.99006,1
BD_borderline,2904009,34,41,3.943382,0,1,0.05389,0.306587,0
BD_borderline,2904009,34,59,4.045868,1,0,0.05008,0.303031,0
BD_borderline,2904009,35,46,2.775625,0,1,0.032332,2.675282,1
BD_borderline,2904009,37,55,3.246595,0,1,0.084799,1.023076,1
BD_borderline,2904009,40,59,3.162609,1,0,0.024885,1.587875,1
BD_borderline,2904009,40,63,3.823224,0,1,0.023668,0.405213,1
BD_borderline,2904009,41,59,3.815582,0,1,0.048928,0.390641,1
BD_borderline,2904009,42,51,4.113545,1,0,0.052269,0.266776,0
BD_borderline,2904009,43,49,4.020495,1,0,0.047127,0.319218,0
BD_borderline,2904009,46,53,3.07014,0,1,0.036819,1.552084,1
BD_borderline,2904009,47,48,3.134508,0,1,0.010595,1.455014,1
BD_borderline,2904009,50,61,3.457665,1,0,0.057362,0.870208,1
BD_borderline,2904009,52,55,2.74819,0,1,0.0555,2.684783,1
BD_borderline,2904009,59,61,4.135557,0,1,0.029669,0.226905,0
BD_borderline,2904010,0,23,2.928684,1,0,0.038631,2.363688,1
BD_borderline,2904010,0,53,3.202805,1,0,0.029208,1.463258,1
BD_borderline,2904010,1,7,3.123443,0,1,0.054073,1.360944,1
BD_borderline,2904010,2,10,3.979813,0,1,0.029564,0.301242,0
BD_borderline,2904010,2,34,2.979935,1,0,0.056461,2.077943,1
BD_borderline,2904010,2,46,3.82866,1,0,0.051897,0.448149,1
BD_borderline,2904010,3,33,4.127194,0,1,0.045094,0.223383,0
BD_borderline,2904010,4,29,3.248417,0,1,0.031056,1.135401,1
BD_borderline,2904010,5,58,3.698872,0,1,0.02799,0.503641,1
BD_borderline,2904010,6,36,3.112045,0,1,0.036691,1.438591,1
BD_borderline,2904010,6,40,3.683499,0,1,0.026182,0.519793,1
BD_borderline,2904010,6,43,3.764458,1,0,0.017264,0.539759,1
BD_borderline,2904010,7,15,4.149086,0,1,0.049119,0.212945,0
BD_borderline,2904010,7,27,2.74984,0,1,0.040853,2.756315,1
BD_borderline,2904010,7,50,3.992592,1,0,0.053498,0.331579,0
BD_borderline,2904010,8,31,2.671095,0,1,0.068923,3.006956,1
BD_borderline,2904010,8,63,3.698604,1,0,0.051747,0.567869,1
BD_borderline,2904010,9,11,3.833038,0,1,0.067267,0.364808,1
BD_borderline,2904010,9,41,3.469795,0,1,0.04025,0.745346,1
BD_borderline,2904010,9,58,2.679414,0,1,0.062074,3.002663,1
BD_borderline,2904010,11,32,3.946744,0,1,0.060399,0.300777,0
BD_borderline,2904010,11,58,3.572333,1,0,0.01594,0.767462,1
BD_borderline,2904010,13,15,3.939332,0,1,0.019966,0.330535,0
BD_borderline,2904010,13,29,3.874424,0,1,0.038361,0.358502,1
BD_borderline,2904010,13,50,3.860398,0,1,0.046217,0.362029,1
BD_borderline,2904010,14,19,3.597283,0,1,0.056699,0.572008,1
BD_borderline,2904010,14,20,4.140545,0,1,0.038845,0.220768,0
BD_borderline,2904010,14,47,3.035811,0,1,0.014952,1.725901,1
BD_borderline,2904010,16,46,3.290504,0,1,0.040452,1.032179,1
BD_borderline,2904010,16,54,3.129567,0,1,0.034953,1.398336,1
BD_borderline,2904010,17,29,3.686722,0,1,0.024525,0.518471,1
BD_borderline,2904010,17,50,2.890577,0,1,0.055544,2.072232,1
BD_borderline,2904010,17,61,2.84612,0,1,0.034948,2.341167,1
BD_borderline,2904010,18,38,2.780352,0,1,0.042888,2.596977,1
BD_borderline,2904010,19,26,3.403521,0,1,0.035172,0.849375,1
BD_borderline,2904010,19,31,3.729209,0,1,0.02277,0.481615,1
BD_borderline,2904010,19,43,4.189978,0,1,0.03024,0.205294,0
BD_borderline,2904010,20,28,2.895394,0,1,0.021491,2.19894,1
BD_borderline,2904010,20,51,3.497009,0,1,0.027883,0.727127,1
BD_borderline,2904010,21,38,3.566827,0,1,0.070636,0.587957,1
BD_borderline,2904010,21,53,3.432786,1,0,0.064261,0.897998,1
BD_borderline,2904010,21,62,3.795667,1,0,0.056704,0.471302,1
BD_borderline,2904010,22,34,3.103586,0,1,0.032082,1.474417,1
BD_borderline,2904010,23,25,3.615071,1,0,0.036219,0.68186,1
BD_borderline,2904010,23,45,3.218298,1,0,0.036548,1.401886,1
BD_borderline,2904010,24,50,4.018576,0,1,0.076098,0.255793,0
BD_borderline,2904010,24,54,3.594379,1,0,0.033074,0.712469,1
BD_borderline,2904010,24,55,4.05419,0,1,0.039907,0.257752,0
BD_borderline,2904010,25,45,3.484162,1,0,0.057065,0.82977,1
BD_borderline,2904010,25,57,2.808205,0,1,0.044204,2.462248,1
BD_borderline,2904010,26,40,2.817807,0,1,0.023278,2.523054,1
BD_borderline,2904010,26,43,2.903716,0,1,0.04895,2.050175,1
BD_borderline,2904010,28,46,3.576227,1,0,0.060869,0.696558,1
BD_borderline,2904010,28,51,3.643078,0,1,0.022486,0.563583,1
BD_borderline,2904010,29,59,3.757567,0,1,0.032748,0.448375,1
BD_borderline,2904010,32,48,2.78484,1,0,0.036249,3.084909,1
BD_borderline,2904010,33,40,3.790641,0,1,0.047127,0.410237,1
BD_borderline,2904010,37,59,3.941985,0,1,0.051025,0.309133,0
BD_borderline,2904010,37,63,3.193387,0,1,0.045856,1.218281,1
BD_borderline,2904010,42,56,3.867554,0,1,0.040984,0.361109,1
BD_borderline,2904010,42,59,3.995663,0,1,0.057182,0.276956,0
BD_borderline,2904010,42,63,3.860178,1,0,0.038149,0.434987,1
BD_borderline,2904010,44,47,3.430866,1,0,0.072301,0.886765,1
BD_borderline,2904010,47,51,3.838335,0,1,0.050096,0.373935,1
BD_borderline,2904010,49,57,3.667284,0,1,0.05429,0.506081,1
BD_borderline,2904010,49,59,4.15315,0,1,0.069818,0.202805,0
BD_borderline,2904010,49,61,3.375229,1,0,0.055443,1.014806,1
BD_borderline,2904010,51,57,3.089253,0,1,0.042372,1.482517,1
BD_borderline,2904010,52,55,3.26532,0,1,0.039059,1.083554,1
BD_borderline,2904010,53,62,3.496763,1,0,0.046463,0.828356,1
BD_borderline,2904010,59,63,2.964146,1,0,0.011988,2.337385,1
BD_borderline,2904010,60,62,3.583772,1,0,0.050849,0.700974,1
BD_borderline,2904011,0,12,3.225448,0,1,0.019968,1.210366,1
BD_borderline,2904011,0,35,3.440037,1,0,0.024176,0.960212,1
BD_borderline,2904011,0,47,3.885604,1,0,0.064718,0.393841,1
BD_borderline,2904011,0,50,3.530743,0,1,0.044541,0.66146,1
BD_borderline,2904011,1,29,3.350386,1,0,0.055562,1.061442,1
BD_borderline,2904011,1,32,3.033437,0,1,0.044296,1.634569,1
BD_borderline,2904011,1,47,4.077296,1,0,0.053636,0.284173,0
BD_borderline,2904011,2,45,3.259614,1,0,0.062492,1.234677,1
BD_borderline,2904011,4,27,3.769782,0,1,0.044349,0.428469,1
BD_borderline,2904011,4,49,3.394887,0,1,0.059554,0.82175,1
BD_borderline,2904011,6,13,3.847343,0,1,0.032092,0.381348,1
BD_borderline,2904011,6,18,2.821282,0,1,0.067174,2.296437,1
BD_borderline,2904011,6,23,3.84994,1,0,0.018897,0.460556,1
BD_borderline,2904011,6,37,3.799356,0,1,0.044312,0.406068,1
BD_borderline,2904011,7,39,2.856076,1,0,0.017765,2.812203,1
BD_borderline,2904011,7,48,4.174559,0,1,0.048156,0.2037,0
BD_borderline,2904011,8,40,3.190483,0,1,0.029426,1.265642,1
BD_borderline,2904011,9,11,3.606485,0,1,0.023928,0.600621,1
BD_borderline,2904011,9,38,3.341435,0,1,0.047632,0.927474,1
BD_borderline,2904011,11,33,4.062348,0,1,0.048071,0.249844,0
BD_borderline,2904011,11,58,3.722498,1,0,0.037801,0.559106,1
BD_borderline,2904011,11,63,3.832091,1,0,0.030873,0.464488,1
BD_borderline,2904011,12,63,3.555186,0,1,0.040342,0.638044,1
BD_borderline,2904011,14,20,3.321469,0,1,0.016511,1.023526,1
BD_borderline,2904011,16,26,3.114059,0,1,0.036457,1.434004,1
BD_borderline,2904011,16,27,3.869264,0,1,0.0454,0.356823,1
BD_borderline,2904011,16,50,3.720338,1,0,0.056209,0.541017,1
BD_borderline,2904011,17,27,3.168117,0,1,0.060572,1.238565,1
BD_borderline,2904011,18,23,3.838145,1,0,0.057271,0.435778,1
BD_borderline,2904011,18,25,3.991866,0,1,0.037108,0.290299,0
BD_borderline,2904011,18,37,4.135686,0,1,0.073938,0.207631,0
BD_borderline,2904011,18,52,3.054865,1,0,0.06752,1.773622,1
BD_borderline,2904011,19,40,2.884101,0,1,0.064824,2.05822,1
BD_borderline,2904011,19,53,2.882927,0,1,0.038246,2.175226,1
BD_borderline,2904011,21,40,3.524388,1,0,0.031764,0.811281,1
BD_borderline,2904011,22,44,3.328995,0,1,0.027708,0.987257,1
BD_borderline,2904011,23,60,3.831982,0,1,0.046253,0.381198,1
BD_borderline,2904011,24,29,3.770685,0,1,0.036515,0.434521,1
BD_borderline,2904011,24,57,3.317031,0,1,0.013216,1.038641,1
BD_borderline,2904011,27,53,4.145173,0,1,0.043738,0.216786,0
BD_borderline,2904011,28,38,2.675584,0,1,0.042948,3.141547,1
BD_borderline,2904011,28,39,4.009244,0,1,0.031149,0.284642,0
BD_borderline,2904011,29,32,4.099086,0,1,0.032406,0.241138,0
BD_borderline,2904011,29,57,2.670259,0,1,0.048445,3.137426,1
BD_borderline,2904011,30,37,3.423123,0,1,0.040691,0.81064,1
BD_borderline,2904011,31,36,2.812651,1,0,0.065391,2.766743,1
BD_borderline,2904011,32,45,3.478828,0,1,0.028884,0.750062,1
BD_borderline,2904011,32,51,3.867436,0,1,0.02512,0.372831,1
BD_borderline,2904011,32,58,3.541097,0,1,0.04876,0.64367,1
BD_borderline,2904011,32,61,3.967738,0,1,0.052576,0.294078,0
BD_borderline,2904011,33,58,3.797832,0,1,0.053554,0.399738,1
BD_borderline,2904011,34,41,3.009034,0,1,0.038355,1.729149,1
BD_borderline,2904011,34,46,4.06819,0,1,0.016668,0.263228,0
BD_borderline,2904011,34,62,3.456233,1,0,0.052479,0.88104,1
BD_borderline,2904011,41,55,3.58566,0,1,0.068055,0.571106,1
BD_borderline,2904011,41,62,3.003578,0,1,0.057898,1.679445,1
BD_borderline,2904011,43,51,4.045672,0,1,0.026296,0.268999,0
BD_borderline,2904011,45,61,2.861673,0,1,0.049983,2.208475,1
BD_borderline,2904011,46,55,4.156579,0,1,0.035,0.21608,0
BD_borderline,2904011,47,51,3.454833,0,1,0.029537,0.782486,1
BD_borderline,2904011,47,52,4.094461,0,1,0.032565,0.243097,0
BD_borderline,2904011,48,59,4.137301,0,1,0.006943,0.236705,0
BD_borderline,2904012,0,2,2.837519,0,1,0.039156,2.35814,1
BD_borderline,2904012,0,41,4.170502,0,1,0.054612,0.202575,0
BD_borderline,2904012,0,49,3.071096,0,1,0.032177,1.563842,1
BD_borderline,2904012,0,60,4.179556,0,1,0.033079,0.208037,0
BD_borderline,2904012,1,31,3.066681,0,1,0.012369,1.640152,1
BD_borderline,2904012,2,20,3.09884,1,0,0.007529,1.846056,1
BD_borderline,2904012,2,47,3.9499,0,1,0.031051,0.317135,0
BD_borderline,2904012,2,57,2.797769,0,1,0.05818,2.440243,1
BD_borderline,2904012,3,11,3.435257,0,1,0.010777,0.84184,1
BD_borderline,2904012,3,49,3.54336,0,1,0.044427,0.646607,1
BD_borderline,2904012,3,58,4.024369,1,0,0.050235,0.315014,0
BD_borderline,2904012,5,9,2.913422,0,1,0.021791,2.126756,1
BD_borderline,2904012,6,27,3.002524,0,1,0.040022,1.743915,1
BD_borderline,2904012,6,45,3.317494,0,1,0.036667,0.990218,1
BD_borderline,2904012,6,51,3.229652,0,1,0.051222,1.128367,1
BD_borderline,2904012,7,55,3.007949,0,1,0.033726,1.748679,1
BD_borderline,2904012,8,16,2.940849,1,0,0.035291,2.327473,1
BD_borderline,2904012,8,35,4.092323,0,1,0.060111,0.230963,0
BD_borderline,2904012,10,11,3.503063,0,1,0.073759,0.656119,1
BD_borderline,2904012,10,15,3.926351,0,1,0.024047,0.335678,0
BD_borderline,2904012,10,41,3.074402,1,0,0.064348,1.722621,1
BD_borderline,2904012,10,42,3.290399,1,0,0.018839,1.273975,1
BD_borderline,2904012,10,47,3.8433,0,1,0.038688,0.379127,1
BD_borderline,2904012,11,42,3.24709,0,1,0.058152,1.078107,1
BD_borderline,2904012,11,55,3.249217,0,1,0.013082,1.175249,1
BD_borderline,2904012,12,51,2.865877,0,1,0.041354,2.229813,1
BD_borderline,2904012,13,53,3.761614,0,1,0.047534,0.432118,1
BD_borderline,2904012,13,61,2.815867,1,0,0.03619,2.91604,1
BD_borderline,2904012,14,59,3.666496,0,1,0.031748,0.530178,1
BD_borderline,2904012,15,42,4.156113,0,1,0.052609,0.208779,0
BD_borderline,2904012,15,47,3.919483,1,0,0.052043,0.379821,1
BD_borderline,2904012,16,19,3.684756,0,1,0.040352,0.504115,1
BD_borderline,2904012,17,23,4.074616,0,1,0.051842,0.242497,0
BD_borderline,2904012,17,43,3.247969,0,1,0.028658,1.141789,1
BD_borderline,2904012,18,23,2.774242,0,1,0.011271,2.797403,1
BD_borderline,2904012,18,27,3.076452,1,0,0.069692,1.697965,1
BD_borderline,2904012,18,43,3.196769,1,0,0.029016,1.479974,1
BD_borderline,2904012,18,54,3.563775,0,1,0.044195,0.623335,1
BD_borderline,2904012,20,61,2.755098,1,0,0.027945,3.310856,1
BD_borderline,2904012,21,56,2.810435,0,1,0.037341,2.486177,1
BD_borderline,2904012,22,26,3.856256,0,1,0.034565,0.373366,1
BD_borderline,2904012,22,31,3.235382,1,0,0.0151,1.418573,1
BD_borderline,2904012,22,35,4.139063,0,1,0.040809,0.220496,0
BD_borderline,2904012,22,42,3.293506,0,1,0.05271,1.001699,1
BD_borderline,2904012,22,55,3.897644,0,1,0.065913,0.325257,0
BD_borderline,2904012,23,27,2.754554,0,1,0.068871,2.583867,1
BD_borderline,2904012,23,32,4.163064,1,0,0.033,0.253386,0
BD_borderline,2904012,23,46,4.091306,0,1,0.078938,0.222839,0
BD_borderline,2904012,23,54,3.829491,0,1,0.066707,0.36758,1
BD_borderline,2904012,24,26,4.043985,0,1,0.034149,0.26562,0
BD_borderline,2904012,24,44,3.78492,1,0,0.055797,0.481474,1
BD_borderline,2904012,24,61,4.11164,0,1,0.033965,0.234962,0
BD_borderline,2904012,24,63,3.259943,0,1,0.031389,1.111114,1
BD_borderline,2904012,25,38,4.160554,0,1,0.038236,0.21314,0
BD_borderline,2904012,25,56,3.068093,0,1,0.031669,1.574004,1
BD_borderline,2904012,27,46,3.397258,1,0,0.077588,0.932726,1
BD_borderline,2904012,28,54,3.91274,0,1,0.040066,0.333239,0
BD_borderline,2904012,29,30,3.770045,0,1,0.035418,0.435982,1
BD_borderline,2904012,30,59,4.056779,0,1,0.029883,0.261737,0
BD_borderline,2904012,31,38,3.077967,0,1,0.049481,1.491891,1
BD_borderline,2904012,32,33,3.331257,1,0,0.045097,1.122253,1
BD_borderline,2904012,34,37,3.81632,0,1,0.043493,0.39438,1
BD_borderline,2904012,34,59,3.525947,1,0,0.023746,0.82206,1
BD_borderline,2904012,35,38,3.053435,0,1,0.038184,1.595585,1
BD_borderline,2904012,35,63,3.402046,0,1,0.047296,0.831253,1
BD_borderline,2904012,39,40,4.006098,0,1,0.045056,0.278422,0
BD_borderline,2904012,40,41,3.961069,0,1,0.040321,0.305051,0
BD_borderline,2904012,42,47,3.288467,0,1,0.037973,1.041159,1
BD_borderline,2904012,42,55,3.157791,1,0,0.04647,1.534165,1
BD_borderline,2904012,48,54,3.283052,0,1,0.040526,1.046103,1
BD_borderline,2904012,50,58,4.055444,1,0,0.022236,0.314856,0
BD_borderline,2904012,52,59,2.91294,1,0,0.047457,2.389767,1
BD_borderline,2904012,53,61,3.834884,1,0,0.04543,0.448875,1
BD_borderline,2904012,54,63,4.043535,0,1,0.058694,0.253103,0
BD_borderline,2904013,0,22,2.955762,0,1,0.038442,1.904679,1
BD_borderline,2904013,0,28,4.018671,0,1,0.067774,0.260042,0
BD_borderline,2904013,1,6,3.05774,0,1,0.034499,1.594858,1
BD_borderline,2904013,1,22,4.00731,0,1,0.024953,0.289206,0
BD_borderline,2904013,1,33,2.998432,0,1,0.034712,1.775695,1
BD_borderline,2904013,1,60,3.446661,1,0,0.062845,0.878111,1
BD_borderline,2904013,2,11,3.007144,0,1,0.049632,1.696406,1
BD_borderline,2904013,2,38,3.265422,0,1,0.037876,1.085922,1
BD_borderline,2904013,2,48,4.198674,0,1,0.049416,0.194471,0
BD_borderline,2904013,2,55,2.756579,0,1,0.035054,2.754514,1
BD_borderline,2904013,2,61,3.235585,0,1,0.056621,1.104273,1
BD_borderline,2904013,3,9,3.869806,1,0,0.052069,0.415704,1
BD_borderline,2904013,3,16,3.818146,0,1,0.019438,0.412446,1
BD_borderline,2904013,5,59,2.972663,0,1,0.016839,1.928591,1
BD_borderline,2904013,6,26,2.725733,0,1,0.060541,2.768621,1
BD_borderline,2904013,6,39,2.718251,0,1,0.023083,3.024871,1
BD_borderline,2904013,7,63,4.15541,0,1,0.063125,0.204696,0
BD_borderline,2904013,8,27,3.606065,1,0,0.049656,0.674739,1
BD_borderline,2904013,8,47,3.672073,0,1,0.060009,0.495988,1
BD_borderline,2904013,8,50,3.505764,1,0,0.050373,0.808562,1
BD_borderline,2904013,9,35,4.18425,0,1,0.036381,0.204911,0
BD_borderline,2904013,9,47,4.169229,1,0,0.035959,0.249083,0
BD_borderline,2904013,11,54,2.984253,0,1,0.025342,1.856533,1
BD_borderline,2904013,11,55,3.337232,0,1,0.039444,0.95002,1
BD_borderline,2904013,12,30,3.776679,1,0,0.053945,0.490556,1
BD_borderline,2904013,14,15,3.488696,0,1,0.052627,0.702558,1
BD_borderline,2904013,14,35,4.098551,0,1,0.013257,0.250796,0
BD_borderline,2904013,15,27,3.915016,0,1,0.02959,0.338889,0
BD_borderline,2904013,15,58,3.803666,1,0,0.048214,0.472452,1
BD_borderline,2904013,16,19,3.961233,1,0,0.02827,0.3692,1
BD_borderline,2904013,16,58,4.133449,1,0,0.030835,0.268564,0
BD_borderline,2904013,17,24,2.679895,1,0,0.042004,3.690718,1
BD_borderline,2904013,17,48,3.556431,0,1,0.034012,0.644712,1
BD_borderline,2904013,19,37,3.215879,0,1,0.058631,1.139961,1
BD_borderline,2904013,19,38,3.151552,1,0,0.035122,1.587287,1
BD_borderline,2904013,20,44,3.961391,1,0,0.016816,0.377646,1
BD_borderline,2904013,20,50,4.042546,1,0,0.047588,0.30639,0
BD_borderline,2904013,20,57,3.258057,0,1,0.019578,1.141582,1
BD_borderline,2904013,21,50,3.42273,0,1,0.046203,0.802325,1
BD_borderline,2904013,21,60,3.637162,0,1,0.034285,0.556391,1
BD_borderline,2904013,22,33,4.09084,0,1,0.048491,0.237031,0
BD_borderline,2904013,24,42,3.23512,0,1,0.059535,1.098785,1
BD_borderline,2904013,24,48,3.730851,0,1,0.029069,0.474168,1
BD_borderline,2904013,25,43,2.827589,1,0,0.021855,2.937569,1
BD_borderline,2904013,26,39,2.807224,0,1,0.047603,2.449935,1
BD_borderline,2904013,26,43,4.195388,0,1,0.042361,0.198416,0
BD_borderline,2904013,27,45,3.609969,0,1,0.02912,0.590663,1
BD_borderline,2904013,27,47,3.335812,0,1,0.042183,0.947273,1
BD_borderline,2904013,27,63,3.440298,0,1,0.032077,0.79937,1
BD_borderline,2904013,28,37,3.901647,1,0,0.038011,0.403507,1
BD_borderline,2904013,29,53,2.741976,1,0,0.049347,3.248711,1
BD_borderline,2904013,30,32,3.908856,1,0,0.033335,0.401995,1
BD_borderline,2904013,30,62,3.695331,0,1,0.036509,0.49833,1
BD_borderline,2904013,31,49,4.04345,0,1,0.047803,0.258716,0
BD_borderline,2904013,32,62,4.158189,0,1,0.018861,0.222516,0
BD_borderline,2904013,35,44,3.022542,0,1,0.065353,1.598515,1
BD_borderline,2904013,36,54,3.853391,0,1,0.066592,0.35203,1
BD_borderline,2904013,38,46,2.773548,0,1,0.027242,2.712886,1
BD_borderline,2904013,38,62,3.044448,0,1,0.055571,1.566442,1
BD_borderline,2904013,41,61,3.952544,0,1,0.052989,0.302065,0
BD_borderline,2904013,41,63,3.880967,0,1,0.048857,0.346904,0
BD_borderline,2904013,43,52,2.99285,0,1,0.039294,1.777444,1
BD_borderline,2904013,45,47,3.33556,0,1,0.037009,0.957565,1
BD_borderline,2904013,46,62,3.281077,0,1,0.064655,1.000404,1
BD_borderline,2904013,48,56,2.699603,0,1,0.02365,3.125648,1
BD_borderline,2904013,48,61,2.990072,0,1,0.061311,1.709489,1
BD_borderline,2904013,49,56,3.880382,0,1,0.05975,0.339789,0
BD_borderline,2904013,51,53,3.814439,0,1,0.03801,0.400095,1
BD_borderline,2904013,51,60,3.917666,0,1,0.031576,0.335924,0
BD_borderline,2904013,52,60,2.949918,0,1,0.047539,1.890317,1
BD_borderline,2904013,55,56,3.263027,0,1,0.03197,1.103618,1
BD_borderline,2904013,56,61,3.750634,0,1,0.041682,0.446022,1
BD_borderline,2904013,58,63,3.065138,1,0,0.018442,1.920338,1
BD_borderline,2904014,0,29,2.728775,0,1,0.035215,2.896404,1
BD_borderline,2904014,0,47,3.70917,0,1,0.04848,0.474451,1
BD_borderline,2904014,1,25,3.244822,1,0,0.010992,1.405936,1
BD_borderline,2904014,1,62,3.180947,0,1,0.030929,1.283913,1
BD_borderline,2904014,2,61,3.439253,0,1,0.025075,0.812185,1
BD_borderline,2904014,3,31,3.940986,1,0,0.038226,0.375493,1
BD_borderline,2904014,3,36,3.156928,1,0,0.048654,1.529878,1
BD_borderline,2904014,3,63,2.854688,0,1,0.016933,2.389546,1
BD_borderline,2904014,5,21,3.301355,1,0,0.050728,1.171688,1
BD_borderline,2904014,5,22,4.190052,0,1,0.031146,0.204895,0
BD_borderline,2904014,5,61,4.152318,0,1,0.036431,0.217138,0
BD_borderline,2904014,8,38,2.809157,1,0,0.049997,2.871432,1
BD_borderline,2904014,9,18,4.149948,1,0,0.047444,0.252111,0
BD_borderline,2904014,9,33,3.495745,0,1,0.069229,0.670959,1
BD_borderline,2904014,9,41,3.123639,0,1,0.056409,1.354114,1
BD_borderline,2904014,9,43,3.248306,0,1,0.04142,1.112332,1
BD_borderline,2904014,9,45,4.035475,0,1,0.023478,0.275581,0
BD_borderline,2904014,10,13,3.399334,0,1,0.046242,0.837126,1
BD_borderline,2904014,10,59,2.717756,0,1,0.060341,2.810194,1
BD_borderline,2904014,11,17,3.883174,0,1,0.032779,0.356806,1
BD_borderline,2904014,11,29,2.918169,0,1,0.045608,2.010396,1
BD_borderline,2904014,11,44,3.352327,0,1,0.034456,0.933567,1
BD_borderline,2904014,11,55,3.566963,0,1,0.055599,0.605757,1
BD_borderline,2904014,12,61,3.127873,0,1,0.024006,1.433697,1
BD_borderline,2904014,13,28,3.187653,1,0,0.036379,1.482714,1
BD_borderline,2904014,14,21,3.674263,1,0,0.046917,0.599327,1
BD_borderline,2904014,14,26,4.042705,0,1,0.053811,0.255973,0
BD_borderline,2904014,14,57,3.917635,0,1,0.062032,0.316091,0
BD_borderline,2904014,15,33,3.585898,0,1,0.023393,0.624196,1
BD_borderline,2904014,15,41,3.302409,0,1,0.041594,1.007771,1
BD_borderline,2904014,16,45,3.761026,0,1,0.047695,0.43244,1
BD_borderline,2904014,16,51,3.144583,1,0,0.027634,1.631782,1
BD_borderline,2904014,16,52,3.164222,0,1,0.035221,1.312241,1
BD_borderline,2904014,17,30,3.933394,0,1,0.047328,0.316329,0
BD_borderline,2904014,17,43,2.747552,0,1,0.046459,2.736947,1
BD_borderline,2904014,17,44,3.260135,0,1,0.0436,1.083928,1
BD_borderline,2904014,17,55,3.708762,0,1,0.053719,0.469855,1
BD_borderline,2904014,18,40,4.170105,0,1,0.040157,0.208668,0
BD_borderline,2904014,18,45,3.353356,0,1,0.009629,0.979258,1
BD_borderline,2904014,21,54,4.07138,1,0,0.040889,0.294663,0
BD_borderline,2904014,22,26,3.751687,0,1,0.021182,0.4638,1
BD_borderline,2904014,22,54,2.70388,0,1,0.025171,3.092015,1
BD_borderline,2904014,22,58,3.344548,0,1,0.033406,0.948856,1
BD_borderline,2904014,24,55,2.963153,1,0,0.042073,2.204869,1
BD_borderline,2904014,25,62,2.960525,0,1,0.036801,1.894465,1
BD_borderline,2904014,26,32,3.23417,0,1,0.057159,1.105927,1
BD_borderline,2904014,28,42,3.202161,0,1,0.040505,1.211899,1
BD_borderline,2904014,29,44,3.080496,1,0,0.013274,1.886862,1
BD_borderline,2904014,32,38,3.295475,1,0,0.048238,1.190193,1
BD_borderline,2904014,34,45,3.549461,0,1,0.015957,0.676943,1
BD_borderline,2904014,35,44,3.132508,0,1,0.034147,1.393122,1
BD_borderline,2904014,36,37,3.251315,0,1,0.057805,1.070598,1
BD_borderline,2904014,36,42,3.816595,0,1,0.029891,0.405054,1
BD_borderline,2904014,37,41,4.033523,0,1,0.037905,0.268696,0
BD_borderline,2904014,41,43,3.612398,0,1,0.048643,0.565542,1
BD_borderline,2904014,43,44,3.209875,0,1,0.043828,1.187104,1
BD_borderline,2904014,46,53,3.308702,0,1,0.044236,0.991057,1
BD_borderline,2904014,47,54,2.843966,1,0,0.037713,2.762375,1
BD_borderline,2904014,47,60,3.404172,0,1,0.069822,0.79157,1
BD_borderline,2904014,48,53,2.799129,0,1,0.053278,2.458198,1
BD_borderline,2904014,50,53,3.893195,0,1,0.054158,0.335698,0
BD_borderline,2904014,51,54,2.990258,0,1,0.069263,1.681945,1
BD_borderline,2904014,54,60,3.587104,0,1,0.032704,0.611338,1
BD_borderline,2904014,55,56,3.404269,1,0,0.048039,0.976975,1
BD_borderline,2904014,57,63,3.080799,1,0,0.029259,1.826485,1
BD_borderline,2904015,0,1,3.197773,0,1,0.056994,1.181979,1
BD_borderline,2904015,0,52,3.127584,0,1,0.033371,1.407832,1
BD_borderline,2904015,0,55,3.317841,0,1,0.043339,0.976474,1
BD_borderline,2904015,2,45,2.691487,0,1,0.039891,3.070726,1
BD_borderline,2904015,3,15,4.177605,0,1,0.047755,0.202737,0
BD_borderline,2904015,3,27,3.27006,1,0,0.042368,1.2612,1
BD_borderline,2904015,3,35,3.394944,0,1,0.019795,0.88967,1
BD_borderline,2904015,3,44,3.824547,0,1,0.021024,0.406383,1
BD_borderline,2904015,3,61,3.512282,0,1,0.067321,0.653574,1
BD_borderline,2904015,4,6,4.032173,0,1,0.034636,0.271123,0
BD_borderline,2904015,5,8,2.993681,1,0,0.024055,2.162356,1
BD_borderline,2904015,5,11,3.782723,0,1,0.053511,0.410906,1
BD_borderline,2904015,5,17,2.774502,0,1,0.033121,2.676525,1
BD_borderline,2904015,5,33,3.554476,0,1,0.026016,0.657438,1
BD_borderline,2904015,6,52,3.512547,0,1,0.038785,0.691627,1
BD_borderline,2904015,7,17,2.921696,1,0,0.041731,2.379113,1
BD_borderline,2904015,7,57,4.003975,0,1,0.037424,0.283798,0
BD_borderline,2904015,7,58,2.998586,0,1,0.032959,1.781434,1
BD_borderline,2904015,8,63,4.066447,0,1,0.01862,0.263035,0
BD_borderline,2904015,9,23,2.977326,0,1,0.044553,1.809198,1
BD_borderline,2904015,9,24,3.199809,1,0,0.018754,1.502338,1
BD_borderline,2904015,9,56,2.87947,0,1,0.022697,2.258083,1
BD_borderline,2904015,10,15,2.816304,1,0,0.029555,2.952646,1
BD_borderline,2904015,10,25,3.922411,0,1,0.044464,0.324563,0
BD_borderline,2904015,10,28,2.973067,0,1,0.047649,1.812006,1
BD_borderline,2904015,10,42,3.053207,1,0,0.05154,1.83675,1
BD_borderline,2904015,11,51,3.357497,1,0,0.01667,1.132565,1
BD_borderline,2904015,12,32,3.286102,0,1,0.057355,1.005886,1
BD_borderline,2904015,12,47,3.40926,0,1,0.029525,0.850106,1
BD_borderline,2904015,12,63,3.474126,0,1,0.043096,0.735303,1
BD_borderline,2904015,13,49,2.950145,0,1,0.03542,1.935895,1
BD_borderline,2904015,14,53,4.135651,0,1,0.019189,0.231672,0
BD_borderline,2904015,15,24,2.914737,0,1,0.01513,2.150132,1
BD_borderline,2904015,15,25,3.240945,0,1,0.043787,1.121996,1
BD_borderline,2904015,15,28,2.729966,0,1,0.059864,2.751119,1
BD_borderline,2904015,15,61,3.950305,0,1,0.042579,0.309679,0
BD_borderline,2904015,16,33,2.787617,0,1,0.009254,2.741231,1
BD_borderline,2904015,16,42,3.567373,0,1,0.038565,0.626283,1
BD_borderline,2904015,17,54,3.40673,0,1,0.033771,0.846803,1
BD_borderline,2904015,17,57,3.227224,0,1,0.047205,1.142501,1
BD_borderline,2904015,18,43,3.289503,0,1,0.058384,0.997631,1
BD_borderline,2904015,19,30,3.520179,0,1,0.056738,0.658039,1
BD_borderline,2904015,20,30,4.036409,1,0,0.044399,0.311811,0
BD_borderline,2904015,22,58,3.744985,0,1,0.028021,0.463108,1
BD_borderline,2904015,24,25,2.883541,0,1,0.039254,2.168425,1
BD_borderline,2904015,24,37,3.173401,0,1,0.02945,1.305506,1
BD_borderline,2904015,24,42,3.762904,0,1,0.017259,0.458016,1
BD_borderline,2904015,25,26,3.493084,1,0,0.045133,0.836136,1
BD_borderline,2904015,25,37,3.045857,0,1,0.035164,1.627527,1
BD_borderline,2904015,25,42,2.926155,1,0,0.036397,2.385212,1
BD_borderline,2904015,26,41,3.9851,0,1,0.025387,0.300863,0
BD_borderline,2904015,27,45,3.778362,0,1,0.016967,0.445582,1
BD_borderline,2904015,28,42,3.278408,0,1,0.038463,1.059336,1
BD_borderline,2904015,29,52,2.797767,0,1,0.046683,2.497014,1
BD_borderline,2904015,31,39,3.076417,0,1,0.034089,1.542875,1
BD_borderline,2904015,31,55,3.958441,1,0,0.07169,0.340214,0
BD_borderline,2904015,33,53,3.609976,1,0,0.034157,0.691051,1
BD_borderline,2904015,35,44,4.168771,1,0,0.059216,0.23796,0
BD_borderline,2904015,35,51,3.994732,0,1,0.043048,0.285379,0
BD_borderline,2904015,36,60,3.693757,0,1,0.040256,0.496027,1
BD_borderline,2904015,37,42,2.777491,0,1,0.031757,2.669287,1
BD_borderline,2904015,38,56,4.146416,0,1,0.052198,0.212668,0
BD_borderline,2904015,39,55,3.300763,1,0,0.043171,1.190812,1
BD_borderline,2904015,40,44,3.315758,1,0,0.041104,1.163585,1
BD_borderline,2904015,41,62,4.096921,0,1,0.024633,0.245882,0
BD_borderline,2904015,43,49,3.167128,0,1,0.025084,1.332062,1
BD_borderline,2904015,46,58,2.953098,1,0,0.032471,2.289086,1
BD_borderline,2904015,46,60,2.880828,0,1,0.045083,2.15389,1
BD_borderline,2904015,48,50,3.974505,0,1,0.016152,0.312432,0
BD_borderline,2904015,48,54,2.848315,0,1,0.042708,2.295934,1
BD_borderline,2904015,52,63,3.505153,0,1,0.039411,0.700111,1
BD_borderline,2904015,53,63,3.662881,0,1,0.036161,0.528986,1
BD_borderline,2904016,1,3,4.163519,0,1,0.032447,0.214463,0
BD_borderline,2904016,1,12,3.354319,0,1,0.043685,0.913181,1
BD_borderline,2904016,1,23,3.833697,0,1,0.031043,0.391749,1
BD_borderline,2904016,2,23,3.68481,0,1,0.034858,0.509636,1
BD_borderline,2904016,2,33,3.847836,0,1,0.018126,0.391799,1
BD_borderline,2904016,2,46,3.938044,1,0,0.070514,0.353899,1
BD_borderline,2904016,2,53,3.665557,0,1,0.054532,0.507427,1
BD_borderline,2904016,3,12,3.032019,0,1,0.031877,1.680001,1
BD_borderline,2904016,3,47,2.682461,0,1,0.037644,3.1356,1
BD_borderline,2904016,3,54,2.776416,0,1,0.037074,2.646223,1
BD_borderline,2904016,4,57,4.002666,0,1,0.043381,0.281106,0
BD_borderline,2904016,6,14,3.786278,1,0,0.056194,0.479905,1
BD_borderline,2904016,6,36,3.537329,0,1,0.032252,0.66985,1
BD_borderline,2904016,7,27,3.318686,0,1,0.050999,0.960152,1
BD_borderline,2904016,9,53,3.85781,0,1,0.022939,0.381072,1
BD_borderline,2904016,10,20,3.792961,0,1,0.037871,0.416144,1
BD_borderline,2904016,12,20,3.37392,1,0,0.041197,1.046624,1
BD_borderline,2904016,13,23,4.036992,0,1,0.066269,0.252281,0
BD_borderline,2904016,13,33,2.836655,1,0,0.047874,2.743024,1
BD_borderline,2904016,13,43,3.329173,1,0,0.051072,1.113132,1
BD_borderline,2904016,14,26,3.966172,1,0,0.062693,0.341556,0
BD_borderline,2904016,15,16,4.10045,0,1,0.039533,0.237136,0
BD_borderline,2904016,15,33,3.89052,1,0,0.015775,0.430479,1
BD_borderline,2904016,16,49,4.096696,0,1,0.049403,0.234094,0
BD_borderline,2904016,17,36,3.540911,0,1,0.026113,0.673723,1
BD_borderline,2904016,17,56,3.435798,0,1,0.041857,0.790328,1
BD_borderline,2904016,18,27,3.245097,0,1,0.049699,1.100469,1
BD_borderline,2904016,18,58,4.118447,0,1,0.057989,0.221185,0
BD_borderline,2904016,19,25,3.347117,1,0,0.028879,1.126302,1
BD_borderline,2904016,19,37,3.850082,0,1,0.035925,0.376556,1
BD_borderline,2904016,21,35,3.275421,1,0,0.041272,1.251708,1
BD_borderline,2904016,21,46,2.733215,0,1,0.025729,2.928145,1
BD_borderline,2904016,21,62,3.077773,0,1,0.047913,1.497106,1
BD_borderline,2904016,23,33,3.934518,0,1,0.044759,0.31731,0
BD_borderline,2904016,23,43,3.548725,0,1,0.022065,0.669618,1
BD_borderline,2904016,23,47,3.896274,0,1,0.041915,0.342099,0
BD_borderline,2904016,24,45,4.196353,0,1,0.03976,0.199101,0
BD_borderline,2904016,25,43,3.767145,0,1,0.020692,0.451388,1
BD_borderline,2904016,26,34,3.62276,0,1,0.055226,0.547728,1
BD_borderline,2904016,26,52,3.295276,0,1,0.053467,0.996969,1
BD_borderline,2904016,27,61,3.673457,0,1,0.061262,0.493503,1
BD_borderline,2904016,28,37,2.75043,0,1,0.022746,2.8549,1
BD_borderline,2904016,28,41,3.408292,0,1,0.027035,0.855855,1
BD_borderline,2904016,29,37,4.059889,0,1,0.043996,0.253017,0
BD_borderline,2904016,29,52,2.967065,1,0,0.04618,2.17133,1
BD_borderline,2904016,30,49,3.020871,0,1,0.032739,1.711447,1
BD_borderline,2904016,34,52,3.242752,0,1,0.073191,1.054446,1
BD_borderline,2904016,34,54,3.839038,0,1,0.052327,0.371795,1
BD_borderline,2904016,35,48,3.701428,1,0,0.01489,0.608179,1
BD_borderline,2904016,37,41,2.949015,0,1,0.043091,1.91034,1
BD_borderline,2904016,37,55,3.164471,0,1,0.03925,1.301123,1
BD_borderline,2904016,38,39,3.885762,0,1,0.042387,0.348371,0
BD_borderline,2904016,38,40,2.857945,0,1,0.035824,2.287364,1
BD_borderline,2904016,38,59,3.509261,0,1,0.072248,0.65073,1
BD_borderline,2904016,40,59,3.921411,1,0,0.044575,0.384188,1
BD_borderline,2904016,41,55,3.252056,1,0,0.047038,1.291054,1
BD_borderline,2904016,42,50,3.586729,0,1,0.048332,0.59293,1
BD_borderline,2904016,44,47,2.696677,0,1,0.066022,2.886999,1
BD_borderline,2904016,44,52,4.097964,0,1,0.027657,0.243936,0
BD_borderline,2904016,44,56,3.02526,0,1,0.039749,1.674208,1
BD_borderline,2904016,46,53,3.232795,0,1,0.012267,1.212844,1
BD_borderline,2904016,47,54,3.996768,1,0,0.047234,0.33322,0
BD_borderline,2904016,51,60,3.052285,0,1,0.027875,1.632237,1
BD_borderline,2904016,57,58,4.076608,1,0,0.031758,0.297255,0
BD_borderline,2904017,0,57,3.258529,0,1,0.06727,1.036833,1
BD_borderline,2904017,1,3,3.93918,0,1,0.037307,0.319356,0
BD_borderline,2904017,1,54,2.863631,0,1,0.018998,2.341316,1
BD_borderline,2904017,2,25,3.597998,0,1,0.059913,0.567605,1
BD_borderline,2904017,2,35,3.646024,0,1,0.035588,0.546075,1
BD_borderline,2904017,2,51,3.941394,0,1,0.03661,0.318517,0
BD_borderline,2904017,3,26,4.029915,0,1,0.042839,0.267807,0
BD_borderline,2904017,3,36,3.867283,0,1,0.070419,0.340633,0
BD_borderline,2904017,3,43,4.087287,1,0,0.029742,0.292717,0
BD_borderline,2904017,3,46,3.895296,0,1,0.030937,0.350316,1
BD_borderline,2904017,4,10,3.177222,0,1,0.026409,1.304375,1
BD_borderline,2904017,4,26,4.15421,1,0,0.034901,0.256521,0
BD_borderline,2904017,4,60,2.860991,0,1,0.044659,2.234887,1
BD_borderline,2904017,6,7,3.788849,0,1,0.042538,0.415371,1
BD_borderline,2904017,6,21,3.05808,0,1,0.038589,1.580888,1
BD_borderline,2904017,6,41,2.957004,0,1,0.016642,1.985073,1
BD_borderline,2904017,6,49,4.136449,0,1,0.046393,0.219086,0
BD_borderline,2904017,7,37,3.802272,1,0,0.024297,0.496858,1
BD_borderline,2904017,7,58,3.562735,0,1,0.068481,0.594906,1
BD_borderline,2904017,8,23,3.844347,1,0,0.028326,0.456572,1
BD_borderline,2904017,8,25,3.425349,1,0,0.051013,0.934663,1
BD_borderline,2904017,8,38,3.790701,1,0,0.058594,0.473782,1
BD_borderline,2904017,9,14,4.104967,0,1,0.065067,0.223487,0
BD_borderline,2904017,9,24,3.462234,0,1,0.058204,0.729009,1
BD_borderline,2904017,9,39,4.01327,0,1,0.03962,0.27782,0
BD_borderline,2904017,12,63,3.391902,0,1,0.051666,0.83936,1
BD_borderline,2904017,13,22,4.055876,0,1,0.033107,0.260481,0
BD_borderline,2904017,13,39,3.482832,0,1,0.055613,0.705861,1
BD_borderline,2904017,13,53,3.241108,0,1,0.058892,1.088286,1
BD_borderline,2904017,14,63,3.98819,0,1,0.053734,0.282688,0
BD_borderline,2904017,15,58,3.613136,0,1,0.045559,0.568278,1
BD_borderline,2904017,17,47,3.618437,0,1,0.045212,0.563217,1
BD_borderline,2904017,17,52,3.548496,0,1,0.035498,0.65214,1
BD_borderline,2904017,19,58,4.116338,1,0,0.049882,0.266695,0
BD_borderline,2904017,21,27,3.234484,1,0,0.021684,1.402304,1
BD_borderline,2904017,21,40,3.733201,0,1,0.012106,0.488439,1
BD_borderline,2904017,21,59,4.14005,1,0,0.029571,0.266031,0
BD_borderline,2904017,22,62,4.186599,1,0,0.037016,0.24083,0
BD_borderline,2904017,25,33,4.075967,1,0,0.040424,0.292488,0
BD_borderline,2904017,25,48,3.109521,0,1,0.060275,1.378623,1
BD_borderline,2904017,25,52,3.291829,1,0,0.056074,1.179479,1
BD_borderline,2904017,26,43,3.239777,1,0,0.023037,1.385119,1
BD_borderline,2904017,26,60,3.032917,0,1,0.024772,1.701267,1
BD_borderline,2904017,27,61,4.157646,0,1,0.032869,0.216582,0
BD_borderline,2904017,29,57,3.814646,0,1,0.046257,0.393402,1
BD_borderline,2904017,30,63,3.012927,0,1,0.027701,1.753932,1
BD_borderline,2904017,31,32,4.106507,0,1,0.024028,0.241926,0
BD_borderline,2904017,31,34,3.682639,0,1,0.03115,0.51546,1
BD_borderline,2904017,31,59,3.236779,0,1,0.040916,1.137035,1
BD_borderline,2904017,32,34,3.483936,0,1,0.037318,0.730699,1
BD_borderline,2904017,33,52,3.273082,1,0,0.047943,1.240383,1
BD_borderline,2904017,33,63,3.490303,0,1,0.043919,0.712816,1
BD_borderline,2904017,34,45,3.598317,1,0,0.039479,0.698382,1
BD_borderline,2904017,35,58,3.484872,0,1,0.03469,0.7333,1
BD_borderline,2904017,36,37,3.586623,0,1,0.018307,0.629748,1
BD_borderline,2904017,37,38,3.762433,0,1,0.051637,0.427949,1
BD_borderline,2904017,37,41,3.658723,0,1,0.03534,0.533875,1
BD_borderline,2904017,43,60,4.0648,0,1,0.0548,0.245408,0
BD_borderline,2904017,44,55,3.494955,0,1,0.050421,0.69768,1
BD_borderline,2904017,48,52,4.099386,0,1,0.029673,0.242327,0
BD_borderline,2904017,50,61,3.209624,0,1,0.050818,1.171159,1
BD_borderline,2904017,53,56,3.755439,0,1,0.047722,0.436832,1
BD_borderline,2904018,0,10,2.878499,0,1,0.049989,2.141911,1
BD_borderline,2904018,1,7,3.031216,0,1,0.027326,1.697839,1
BD_borderline,2904018,1,22,3.66627,0,1,0.044323,0.517223,1
BD_borderline,2904018,1,41,3.000858,0,1,0.059761,1.681494,1
BD_borderline,2904018,2,31,3.195246,1,0,0.054795,1.409501,1
BD_borderline,2904018,2,41,3.846621,0,1,0.038735,0.376809,1
BD_borderline,2904018,3,21,3.230134,0,1,0.026401,1.184757,1
BD_borderline,2904018,3,30,3.126167,1,0,0.051653,1.608205,1
BD_borderline,2904018,3,46,3.754789,1,0,0.046348,0.51829,1
BD_borderline,2904018,4,35,2.937817,0,1,0.051401,1.917501,1
BD_borderline,2904018,4,59,2.919248,0,1,0.040663,2.026399,1
BD_borderline,2904018,5,45,2.685945,0,1,0.056704,2.999257,1
BD_borderline,2904018,5,54,2.889703,1,0,0.032224,2.570011,1
BD_borderline,2904018,6,49,3.504694,0,1,0.031898,0.711304,1
BD_borderline,2904018,6,63,2.716363,0,1,0.02722,3.010268,1
BD_borderline,2904018,7,22,3.698608,0,1,0.036312,0.495566,1
BD_borderline,2904018,7,41,4.02796,0,1,0.052485,0.263626,0
BD_borderline,2904018,8,19,2.703995,0,1,0.042908,2.983625,1
BD_borderline,2904018,8,51,3.558251,0,1,0.030435,0.647195,1
BD_borderline,2904018,9,29,3.398,1,0,0.019543,1.046129,1
BD_borderline,2904018,9,44,3.315783,1,0,0.039592,1.167056,1
BD_borderline,2904018,9,58,3.376063,0,1,0.039532,0.885104,1
BD_borderline,2904018,10,25,3.989282,1,0,0.020516,0.356327,1
BD_borderline,2904018,11,17,3.646627,1,0,0.004677,0.685764,1
BD_borderline,2904018,12,13,2.745326,0,1,0.025312,2.866766,1
BD_borderline,2904018,12,14,3.030025,0,1,0.051077,1.622582,1
BD_borderline,2904018,12,57,3.503872,0,1,0.044721,0.694329,1
BD_borderline,2904018,14,53,2.770916,0,1,0.032125,2.699409,1
BD_borderline,2904018,14,57,3.304713,0,1,0.052598,0.981715,1
BD_borderline,2904018,15,33,3.1587,0,1,0.058129,1.266127,1
BD_borderline,2904018,15,35,3.262124,0,1,0.02542,1.120008,1
BD_borderline,2904018,15,56,3.265993,0,1,0.054664,1.048975,1
BD_borderline,2904018,16,41,4.176339,0,1,0.047948,0.203126,0
BD_borderline,2904018,16,43,3.484169,0,1,0.05495,0.705081,1
BD_borderline,2904018,18,23,2.686458,0,1,0.06305,2.958669,1
BD_borderline,2904018,18,35,3.55705,0,1,0.036206,0.641167,1
BD_borderline,2904018,19,25,3.900652,0,1,0.046052,0.336591,0
BD_borderline,2904018,19,26,2.690407,1,0,0.030398,3.705873,1
BD_borderline,2904018,20,32,3.327488,1,0,0.051184,1.116298,1
BD_borderline,2904018,21,30,3.075183,1,0,0.064734,1.718849,1
BD_borderline,2904018,22,41,3.21584,0,1,0.05399,1.150674,1
BD_borderline,2904018,23,33,3.495,1,0,0.018703,0.878458,1
BD_borderline,2904018,23,35,3.096363,1,0,0.04224,1.730022,1
BD_borderline,2904018,24,35,3.63713,0,1,0.021115,0.571276,1
BD_borderline,2904018,24,56,3.611193,1,0,0.061722,0.652538,1
BD_borderline,2904018,25,26,3.854456,0,1,0.038205,0.371874,1
BD_borderline,2904018,27,60,2.693792,0,1,0.058291,2.947399,1
BD_borderline,2904018,27,62,4.087435,1,0,0.031052,0.291872,0
BD_borderline,2904018,27,63,2.877708,0,1,0.05638,2.117751,1
BD_borderline,2904018,28,32,3.554507,0,1,0.066104,0.606751,1
BD_borderline,2904018,28,38,3.009828,0,1,0.042817,1.711314,1
BD_borderline,2904018,28,47,3.8435,0,1,0.024776,0.389683,1
BD_borderline,2904018,30,40,3.199842,1,0,0.063559,1.373484,1
BD_borderline,2904018,30,46,2.889484,0,1,0.030166,2.184464,1
BD_borderline,2904018,31,37,3.857465,0,1,0.028872,0.376813,1
BD_borderline,2904018,32,47,3.159047,0,1,0.067274,1.242393,1
BD_borderline,2904018,33,35,3.972843,1,0,0.030843,0.359632,1
BD_borderline,2904018,34,62,2.794972,0,1,0.043421,2.526163,1
BD_borderline,2904018,36,38,3.228592,1,0,0.03268,1.386576,1
BD_borderline,2904018,36,52,4.087493,0,1,0.01136,0.256863,0
BD_borderline,2904018,36,63,4.085837,0,1,0.027455,0.249476,0
BD_borderline,2904018,37,50,3.185863,0,1,0.049501,1.226089,1
BD_borderline,2904018,38,50,3.248199,0,1,0.027708,1.143481,1
BD_borderline,2904018,39,46,3.437578,0,1,0.016483,0.828783,1
BD_borderline,2904018,40,46,2.677009,0,1,0.050539,3.086208,1
BD_borderline,2904018,42,52,3.966939,0,1,0.037196,0.303705,0
BD_borderline,2904018,42,58,2.934226,1,0,0.077517,2.164898,1
BD_borderline,2904018,44,58,3.328001,0,1,0.03091,0.982731,1
BD_borderline,2904018,45,53,3.3019,0,1,0.028516,1.035436,1
BD_borderline,2904018,45,59,3.317534,0,1,0.013297,1.037523,1
BD_borderline,2904018,49,63,2.984015,1,0,0.016126,2.23587,1
BD_borderline,2904018,50,57,3.695608,0,1,0.037546,0.497047,1
BD_borderline,2904018,51,54,3.460766,1,0,0.052293,0.874131,1
BD_borderline,2904018,51,58,4.016991,0,1,0.050563,0.269972,0
BD_borderline,2904018,53,57,3.692694,1,0,0.008316,0.626093,1
BD_borderline,2904018,53,59,3.461943,1,0,0.014775,0.940235,1
BD_borderline,2904018,60,63,4.10394,0,1,0.040785,0.235047,0
BD_borderline,2904019,0,4,3.76429,0,1,0.028869,0.446376,1
BD_borderline,2904019,1,50,2.818528,0,1,0.033899,2.466785,1
BD_borderline,2904019,2,21,4.076286,1,0,0.049849,0.286859,0
BD_borderline,2904019,2,56,4.061032,0,1,0.026761,0.261347,0
BD_borderline,2904019,4,29,2.994729,1,0,0.08556,1.908431,1
BD_borderline,2904019,4,31,2.736233,1,0,0.023724,3.455431,1
BD_borderline,2904019,4,37,4.194979,0,1,0.032434,0.202545,0
BD_borderline,2904019,5,14,3.324735,0,1,0.029845,0.990691,1
BD_borderline,2904019,6,20,2.67987,0,1,0.055528,3.039711,1
BD_borderline,2904019,6,58,3.138916,0,1,0.057511,1.314123,1
BD_borderline,2904019,7,15,2.860282,0,1,0.021865,2.342145,1
BD_borderline,2904019,7,19,2.806166,0,1,0.021787,2.584721,1
BD_borderline,2904019,7,42,3.716562,0,1,0.037751,0.478271,1
BD_borderline,2904019,8,10,4.01464,0,1,0.02516,0.28526,0
BD_borderline,2904019,8,28,3.022311,0,1,0.046882,1.659365,1
BD_borderline,2904019,8,41,2.813719,0,1,0.025769,2.529241,1
BD_borderline,2904019,8,48,2.695315,0,1,0.03375,3.087115,1
BD_borderline,2904019,8,60,3.465579,0,1,0.020554,0.781258,1
BD_borderline,2904019,9,53,3.566082,1,0,0.058165,0.713373,1
BD_borderline,2904019,9,61,2.744228,1,0,0.035806,3.324258,1
BD_borderline,2904019,10,41,3.88404,1,0,0.061397,0.397596,1
BD_borderline,2904019,10,60,3.207138,1,0,0.046495,1.402443,1
BD_borderline,2904019,11,19,3.161899,0,1,0.020978,1.355874,1
BD_borderline,2904019,11,39,3.811524,0,1,0.033632,0.405758,1
BD_borderline,2904019,12,41,2.697065,1,0,0.040753,3.586237,1
BD_borderline,2904019,14,17,3.851557,1,0,0.018793,0.4593,1
BD_borderline,2904019,15,42,4.025761,0,1,0.061158,0.260131,0
BD_borderline,2904019,16,21,3.295175,0,1,0.037275,1.029972,1
BD_borderline,2904019,16,30,4.173544,0,1,0.030013,0.211617,0
BD_borderline,2904019,16,43,3.820496,0,1,0.033779,0.399076,1
BD_borderline,2904019,18,45,3.272368,0,1,0.04457,1.058032,1
BD_borderline,2904019,18,54,3.51013,0,1,0.043442,0.688232,1
BD_borderline,2904019,19,39,3.26212,1,0,0.000218,1.392081,1
BD_borderline,2904019,19,52,4.034591,1,0,0.023136,0.326434,0
BD_borderline,2904019,21,35,3.406011,0,1,0.050007,0.820819,1
BD_borderline,2904019,21,49,3.445032,1,0,0.016792,0.965688,1
BD_borderline,2904019,21,57,3.294635,0,1,0.051387,1.002294,1
BD_borderline,2904019,22,38,3.065125,0,1,0.043499,1.545515,1
BD_borderline,2904019,22,49,3.451928,0,1,0.040514,0.769549,1
BD_borderline,2904019,22,54,3.789327,0,1,0.034386,0.421832,1
BD_borderline,2904019,23,26,4.053868,0,1,0.052176,0.251651,0
BD_borderline,2904019,25,30,4.13112,0,1,0.042105,0.223124,0
BD_borderline,2904019,25,34,3.131744,0,1,0.041251,1.375379,1
BD_borderline,2904019,26,51,3.916592,0,1,0.025506,0.340691,0
BD_borderline,2904019,27,44,2.984792,0,1,0.0053,1.930572,1
BD_borderline,2904019,27,52,3.382402,0,1,0.041412,0.871678,1
BD_borderline,2904019,28,37,3.213678,0,1,0.050105,1.164219,1
BD_borderline,2904019,28,41,2.699066,0,1,0.035207,3.057211,1
BD_borderline,2904019,28,46,3.885484,0,1,0.026271,0.359965,1
BD_borderline,2904019,28,48,2.998797,1,0,0.039291,2.078037,1
BD_borderline,2904019,28,60,4.15971,0,1,0.032012,0.216141,0
BD_borderline,2904019,29,31,3.742976,0,1,0.061391,0.434794,1
BD_borderline,2904019,29,37,3.496172,0,1,0.068405,0.671544,1
BD_borderline,2904019,29,53,4.140912,0,1,0.035969,0.221893,0
BD_borderline,2904019,31,40,3.909328,0,1,0.030959,0.341477,0
BD_borderline,2904019,32,36,4.172791,0,1,0.051459,0.20301,0
BD_borderline,2904019,35,47,3.003952,0,1,0.042461,1.730926,1
BD_borderline,2904019,35,57,3.599972,0,1,0.026746,0.604361,1
BD_borderline,2904019,37,41,3.814102,0,1,0.031584,0.405519,1
BD_borderline,2904019,38,49,3.950867,1,0,0.041576,0.366344,1
BD_borderline,2904019,38,63,3.070982,1,0,0.020516,1.892177,1
BD_borderline,2904019,39,49,3.571394,1,0,0.044788,0.725672,1
BD_borderline,2904019,39,52,3.894738,0,1,0.026496,0.3538,1
BD_borderline,2904019,39,57,3.946466,0,1,0.024974,0.323024,0
BD_borderline,2904019,40,59,3.793958,0,1,0.022391,0.428451,1
BD_borderline,2904019,40,62,3.77314,0,1,0.030015,0.438246,1
BD_borderline,2904019,42,55,2.766614,0,1,0.043886,2.657354,1
BD_borderline,2904019,42,63,3.882693,0,1,0.035637,0.355082,1
BD_borderline,2904019,43,55,2.918982,1,0,0.052751,2.338764,1
BD_borderline,2904019,43,63,3.938279,0,1,0.057167,0.307423,0
BD_borderline,2904019,44,52,2.97501,0,1,0.01827,1.914891,1
BD_borderline,2904019,46,48,3.04491,1,0,0.03856,1.913712,1
BD_borderline,2904019,46,60,2.802848,0,1,0.013955,2.641409,1
BD_borderline,2904019,47,57,3.680738,0,1,0.054442,0.493701,1
BD_borderline,2904019,48,58,2.71548,0,1,0.048063,2.891998,1
BD_borderline,2904019,52,57,2.760811,0,1,0.05463,2.628448,1
BD_borderline,2904019,55,62,3.856524,0,1,0.046876,0.364108,1
BD_borderline,2904020,0,19,2.710849,0,1,0.065138,2.818538,1
BD_borderline,2904020,1,11,3.63334,0,1,0.067377,0.524392,1
BD_borderline,2904020,1,13,3.564848,0,1,0.04039,0.626872,1
BD_borderline,2904020,1,36,4.041725,0,1,0.067858,0.249325,0
BD_borderline,2904020,2,28,4.019381,1,0,0.049468,0.318371,0
BD_borderline,2904020,2,54,3.148541,0,1,0.067309,1.266266,1
BD_borderline,2904020,3,25,3.213512,0,1,0.047671,1.170252,1
BD_borderline,2904020,3,30,3.256409,0,1,0.018235,1.148086,1
BD_borderline,2904020,3,37,3.020397,0,1,0.044265,1.673887,1
BD_borderline,2904020,3,41,4.052757,0,1,0.035851,0.260529,0
BD_borderline,2904020,5,24,4.179562,0,1,0.023925,0.211878,0
BD_borderline,2904020,6,10,2.721984,0,1,0.029944,2.963468,1
BD_borderline,2904020,7,32,3.559201,0,1,0.031565,0.64462,1
BD_borderline,2904020,8,52,3.737143,0,1,0.044162,0.454836,1
BD_borderline,2904020,9,36,4.009719,1,0,0.033187,0.334738,0
BD_borderline,2904020,10,53,3.481562,0,1,0.033429,0.739589,1
BD_borderline,2904020,11,14,3.87828,0,1,0.057689,0.342499,0
BD_borderline,2904020,12,39,2.850486,0,1,0.035873,2.318366,1
BD_borderline,2904020,12,45,3.99361,0,1,0.03162,0.292574,0
BD_borderline,2904020,12,49,2.944635,1,0,0.022066,2.373466,1
BD_borderline,2904020,13,45,3.082753,0,1,0.050992,1.474501,1
BD_borderline,2904020,14,47,4.147683,0,1,0.054279,0.211297,0
BD_borderline,2904020,15,34,2.898572,0,1,0.055692,2.041728,1
BD_borderline,2904020,15,35,3.734365,0,1,0.037195,0.463554,1
BD_borderline,2904020,15,51,2.824161,0,1,0.031035,2.455676,1
BD_borderline,2904020,16,62,3.483181,0,1,0.053443,0.70848,1
BD_borderline,2904020,17,30,3.851125,0,1,0.035942,0.375829,1
BD_borderline,2904020,18,43,4.019938,0,1,0.050068,0.268796,0
BD_borderline,2904020,19,27,2.764561,0,1,0.04358,2.668922,1
BD_borderline,2904020,19,43,2.748897,0,1,0.044619,2.740327,1
BD_borderline,2904020,21,40,4.02395,0,1,0.047713,0.268102,0
BD_borderline,2904020,21,44,3.275986,1,0,0.048404,1.232714,1
BD_borderline,2904020,21,48,3.913229,0,1,0.062664,0.31823,0
BD_borderline,2904020,21,61,3.76073,0,1,0.024008,0.453665,1
BD_borderline,2904020,22,40,3.371933,0,1,0.051847,0.870079,1
BD_borderline,2904020,22,58,3.273925,0,1,0.038559,1.0678,1
BD_borderline,2904020,24,41,3.282133,0,1,0.056176,1.015564,1
BD_borderline,2904020,25,31,4.156285,0,1,0.044938,0.211941,0
BD_borderline,2904020,26,44,3.098824,0,1,0.052305,1.428285,1
BD_borderline,2904020,27,38,2.903961,0,1,0.034623,2.108834,1
BD_borderline,2904020,28,46,3.415346,1,0,0.035336,0.982133,1
BD_borderline,2904020,28,50,2.783796,1,0,0.03558,3.094906,1
BD_borderline,2904020,28,54,3.047099,0,1,0.032608,1.632175,1
BD_borderline,2904020,28,56,2.72319,0,1,0.031245,2.949292,1
BD_borderline,2904020,29,42,3.476483,1,0,0.016663,0.912251,1
BD_borderline,2904020,29,50,3.579258,1,0,0.033094,0.7323,1
BD_borderline,2904020,29,52,3.751701,1,0,0.047479,0.52003,1
BD_borderline,2904020,29,61,4.107218,1,0,0.052012,0.270001,0
BD_borderline,2904020,30,37,3.061401,0,1,0.047314,1.544191,1
BD_borderline,2904020,31,46,2.903017,0,1,0.029933,2.132366,1
BD_borderline,2904020,32,56,2.761207,0,1,0.044625,2.679647,1
BD_borderline,2904020,33,46,4.093555,0,1,0.041997,0.238948,0
BD_borderline,2904020,33,53,3.438875,0,1,0.021431,0.818688,1
BD_borderline,2904020,35,51,3.728036,0,1,0.043495,0.463047,1
BD_borderline,2904020,39,50,3.701252,0,1,0.056073,0.474078,1
BD_borderline,2904020,39,52,3.518583,1,0,0.049885,0.790705,1
BD_borderline,2904020,44,61,4.165615,0,1,0.052284,0.205337,0
BD_borderline,2904020,45,58,3.234552,0,1,0.035048,1.155127,1
BD_borderline,2904020,46,53,3.897271,1,0,0.034962,0.409218,1
BD_borderline,2904020,48,56,3.849488,0,1,0.027896,0.383065,1
BD_borderline,2904020,49,62,3.021912,0,1,0.015519,1.768068,1
BD_borderline,2904020,50,52,3.057338,1,0,0.031299,1.89832,1
BD_borderline,2904020,50,56,3.6927,0,1,0.030299,0.506978,1
BD_borderline,2904020,53,54,3.830326,0,1,0.057997,0.373471,1
BD_borderline,2904021,0,41,2.742762,0,1,0.020037,2.910707,1
BD_borderline,2904021,1,29,4.179709,0,1,0.014884,0.215687,0
BD_borderline,2904021,1,59,3.184792,0,1,0.051361,1.223917,1
BD_borderline,2904021,1,63,3.663648,0,1,0.038056,0.526249,1
BD_borderline,2904021,2,15,3.844814,0,1,0.050338,0.369377,1
BD_borderline,2904021,2,24,3.27959,0,1,0.046234,1.040759,1
BD_borderline,2904021,3,6,4.164989,1,0,0.026199,0.255958,0
BD_borderline,2904021,3,10,3.053707,1,0,0.045846,1.856102,1
BD_borderline,2904021,4,45,2.912868,0,1,0.034026,2.077433,1
BD_borderline,2904021,5,14,3.963705,0,1,0.047248,0.299416,0
BD_borderline,2904021,5,56,2.82699,1,0,0.029297,2.897324,1
BD_borderline,2904021,6,55,3.912982,0,1,0.052976,0.324602,0
BD_borderline,2904021,7,50,3.430451,0,1,0.012073,0.847029,1
BD_borderline,2904021,8,33,4.112007,0,1,0.063361,0.221399,0
BD_borderline,2904021,8,63,3.979818,0,1,0.053207,0.287326,0
BD_borderline,2904021,9,60,3.889566,0,1,0.036336,0.350182,1
BD_borderline,2904021,10,50,4.064384,0,1,0.071112,0.23771,0
BD_borderline,2904021,11,19,3.908341,0,1,0.035099,0.339269,0
BD_borderline,2904021,11,49,4.186916,1,0,0.030961,0.243624,0
BD_borderline,2904021,11,62,3.137196,0,1,0.022433,1.414039,1
BD_borderline,2904021,12,28,3.276268,0,1,0.031721,1.077902,1
BD_borderline,2904021,13,26,2.708608,0,1,0.041662,2.966086,1
BD_borderline,2904021,13,51,3.949569,0,1,0.038911,0.312377,0
BD_borderline,2904021,14,26,4.048428,0,1,0.043834,0.258429,0
BD_borderline,2904021,14,54,3.8445,0,1,0.084783,0.344984,0
BD_borderline,2904021,15,41,3.310821,1,0,0.027342,1.206839,1
BD_borderline,2904021,15,47,3.774233,0,1,0.04015,0.4286,1
BD_borderline,2904021,15,55,4.086696,0,1,0.042021,0.241935,0
BD_borderline,2904021,17,52,4.066894,1,0,0.047724,0.293043,0
BD_borderline,2904021,17,57,3.538915,0,1,0.070968,0.618155,1
BD_borderline,2904021,18,37,4.107085,0,1,0.064651,0.222814,0
BD_borderline,2904021,18,38,2.787151,1,0,0.046139,3.011804,1
BD_borderline,2904021,18,50,4.160344,0,1,0.045628,0.210093,0
BD_borderline,2904021,19,61,3.192326,0,1,0.061019,1.184171,1
BD_borderline,2904021,20,35,2.773902,1,0,0.030896,3.180738,1
BD_borderline,2904021,20,60,2.91464,0,1,0.021702,2.12243,1
BD_borderline,2904021,21,47,3.803854,1,0,0.032851,0.487027,1
BD_borderline,2904021,21,49,3.835935,0,1,0.042786,0.381102,1
BD_borderline,2904021,22,53,3.843564,0,1,0.044753,0.374376,1
BD_borderline,2904021,23,47,3.664783,0,1,0.042192,0.520839,1
BD_borderline,2904021,24,40,4.189038,1,0,0.056581,0.230563,0
BD_borderline,2904021,24,42,4.18677,1,0,0.06064,0.229644,0
BD_borderline,2904021,25,28,3.65045,0,1,0.034441,0.542942,1
BD_borderline,2904021,25,45,3.54482,1,0,0.075242,0.716594,1
BD_borderline,2904021,25,49,3.974944,1,0,0.028488,0.359953,1
BD_borderline,2904021,25,60,3.891015,0,1,0.093059,0.311804,0
BD_borderline,2904021,26,57,3.201471,0,1,0.049655,1.191417,1
BD_borderline,2904021,27,42,4.199566,0,1,0.025144,0.203813,0
BD_borderline,2904021,28,33,3.356588,1,0,0.059688,1.040917,1
BD_borderline,2904021,28,45,3.486145,0,1,0.022204,0.750104,1
BD_borderline,2904021,28,62,3.423447,1,0,0.040328,0.958159,1
BD_borderline,2904021,30,39,2.704253,0,1,0.030304,3.058359,1
BD_borderline,2904021,31,48,2.888137,1,0,0.062428,2.426258,1
BD_borderline,2904021,33,63,3.958355,0,1,0.041714,0.305708,0
BD_borderline,2904021,35,38,3.572872,0,1,0.05172,0.603952,1
BD_borderline,2904021,36,44,3.910685,0,1,0.035755,0.337384,0
BD_borderline,2904021,41,43,3.684226,1,0,0.068975,0.563167,1
BD_borderline,2904021,43,55,2.949732,0,1,0.03855,1.925261,1
BD_borderline,2904021,44,61,3.561788,0,1,0.046246,0.623031,1
BD_borderline,2904021,46,52,2.71402,0,1,0.049592,2.890835,1
BD_borderline,2904021,49,61,2.854379,0,1,0.012405,2.412637,1
BD_borderline,2904021,50,54,3.970934,1,0,0.022324,0.367085,1
BD_borderline,2904021,52,56,4.099029,1,0,0.033668,0.284292,0
BD_borderline,2904021,52,58,2.830562,0,1,0.043508,2.36746,1
BD_borderline,2904021,53,59,3.649352,1,0,0.033526,0.644119,1
BD_borderline,2904022,0,20,3.987861,0,1,0.044686,0.288022,0
BD_borderline,2904022,0,59,3.375217,0,1,0.022019,0.918066,1
BD_borderline,2904022,1,8,3.353379,1,0,0.053071,1.060955,1
BD_borderline,2904022,1,15,3.607066,1,0,0.040043,0.686586,1
BD_borderline,2904022,1,52,3.127695,0,1,0.016194,1.456745,1
BD_borderline,2904022,2,24,4.097257,1,0,0.065413,0.267665,0
BD_borderline,2904022,2,34,2.77916,0,1,0.042307,2.605637,1
BD_borderline,2904022,3,51,3.336525,0,1,0.048488,0.934189,1
BD_borderline,2904022,4,33,3.592133,0,1,0.040744,0.596111,1
BD_borderline,2904022,5,15,4.199248,0,1,0.048696,0.194548,0
BD_borderline,2904022,5,60,4.075664,0,1,0.034918,0.250368,0
BD_borderline,2904022,6,38,3.104226,1,0,0.028834,1.75181,1
BD_borderline,2904022,6,45,3.914528,0,1,0.025085,0.342261,0
BD_borderline,2904022,6,62,3.567431,0,1,0.039679,0.624824,1
BD_borderline,2904022,7,17,4.096398,1,0,0.029158,0.288244,0
BD_borderline,2904022,7,30,3.353816,0,1,0.018382,0.961462,1
BD_borderline,2904022,8,62,3.947614,1,0,0.038959,0.370451,1
BD_borderline,2904022,9,18,4.052276,0,1,0.022467,0.267831,0
BD_borderline,2904022,9,31,3.573422,0,1,0.039388,0.618415,1
BD_borderline,2904022,9,44,3.458562,0,1,0.032718,0.77227,1
BD_borderline,2904022,10,40,3.48886,0,1,0.049616,0.706591,1
BD_borderline,2904022,11,20,3.492494,0,1,0.058946,0.688961,1
BD_borderline,2904022,11,47,3.768619,0,1,0.038183,0.434703,1
BD_borderline,2904022,12,23,3.618273,0,1,0.036772,0.572976,1
BD_borderline,2904022,13,16,3.521684,1,0,0.042269,0.798328,1
BD_borderline,2904022,13,30,2.766243,0,1,0.039664,2.681698,1
BD_borderline,2904022,13,55,3.873996,0,1,0.042482,0.355837,1
BD_borderline,2904022,13,60,3.759183,0,1,0.041936,0.438919,1
BD_borderline,2904022,14,52,2.723549,0,1,0.013623,3.053099,1
BD_borderline,2904022,14,56,2.766539,0,1,0.040462,2.675975,1
BD_borderline,2904022,15,39,3.027647,0,1,0.05463,1.618075,1
BD_borderline,2904022,16,17,3.331973,0,1,0.044436,0.94962,1
BD_borderline,2904022,16,34,3.246765,0,1,0.032359,1.135852,1
BD_borderline,2904022,17,30,4.102632,0,1,0.041076,0.23547,0
BD_borderline,2904022,18,44,3.273955,0,1,0.036197,1.0728,1
BD_borderline,2904022,18,54,3.551432,0,1,0.06,0.617646,1
BD_borderline,2904022,18,60,4.017211,0,1,0.03727,0.277135,0
BD_borderline,2904022,19,22,3.859565,0,1,0.036056,0.370023,1
BD_borderline,2904022,20,41,3.692676,0,1,0.049354,0.488042,1
BD_borderline,2904022,21,40,3.818136,0,1,0.040294,0.395603,1
BD_borderline,2904022,21,63,4.055605,0,1,0.048944,0.252484,0
BD_borderline,2904022,22,25,4.035597,0,1,0.012904,0.281409,0
BD_borderline,2904022,25,61,4.131811,1,0,0.035538,0.266843,0
BD_borderline,2904022,26,61,3.813017,0,1,0.070178,0.376136,1
BD_borderline,2904022,27,29,4.019795,0,1,0.056369,0.265499,0
BD_borderline,2904022,27,40,2.83259,1,0,0.037771,2.819778,1
BD_borderline,2904022,27,49,3.795434,0,1,0.050443,0.40399,1
BD_borderline,2904022,28,37,3.685228,0,1,0.022712,0.52177,1
BD_borderline,2904022,28,49,3.551343,0,1,0.026461,0.660605,1
BD_borderline,2904022,28,51,4.113058,0,1,0.028719,0.23683,0
BD_borderline,2904022,29,53,4.156897,0,1,0.043766,0.212202,0
BD_borderline,2904022,30,55,3.067473,1,0,0.047331,1.804852,1
BD_borderline,2904022,30,60,3.023732,0,1,0.060847,1.609497,1
BD_borderline,2904022,31,49,3.093168,0,1,0.03899,1.481995,1
BD_borderline,2904022,32,42,2.77552,1,0,0.012763,3.288527,1
BD_borderline,2904022,33,41,3.531417,0,1,0.039224,0.667714,1
BD_borderline,2904022,34,53,3.98667,0,1,0.046407,0.287655,0
BD_borderline,2904022,36,48,2.97515,1,0,0.026797,2.22422,1
BD_borderline,2904022,37,63,3.216411,1,0,0.047357,1.37662,1
BD_borderline,2904022,38,45,3.921747,1,0,0.035167,0.391246,1
BD_borderline,2904022,42,58,3.563188,0,1,0.05193,0.614421,1
BD_borderline,2904022,46,48,3.150019,1,0,0.026927,1.61802,1
BD_borderline,2904022,46,62,3.830755,0,1,0.037831,0.388539,1
BD_borderline,2904022,51,58,3.059935,1,0,0.027711,1.902986,1
BD_borderline,2904022,55,60,3.390232,0,1,0.063507,0.822208,1
BD_borderline,2904023,0,33,3.256243,0,1,0.02964,1.122533,1
BD_borderline,2904023,1,30,3.623847,0,1,0.048534,0.554012,1
BD_borderline,2904023,1,62,2.854828,1,0,0.048889,2.648488,1
BD_borderline,2904023,2,16,2.861269,0,1,0.040421,2.252769,1
BD_borderline,2904023,2,53,3.659082,0,1,0.053631,0.514362,1
BD_borderline,2904023,3,12,2.737474,1,0,0.061722,3.195341,1
BD_borderline,2904023,3,25,4.017546,0,1,0.028142,0.28207,0
BD_borderline,2904023,3,37,3.807257,1,0,0.038471,0.478613,1
BD_borderline,2904023,4,31,3.450946,1,0,0.026081,0.937776,1
BD_borderline,2904023,4,35,3.141605,0,1,0.047771,1.333436,1
BD_borderline,2904023,4,56,3.588979,0,1,0.056674,0.580739,1
BD_borderline,2904023,5,19,3.141384,0,1,0.033761,1.371877,1
BD_borderline,2904023,5,31,3.009286,1,0,0.056629,1.969298,1
BD_borderline,2904023,5,55,3.382688,0,1,0.03161,0.888474,1
BD_borderline,2904023,6,31,4.088732,0,1,0.030502,0.246658,0
BD_borderline,2904023,6,43,3.027345,0,1,0.009936,1.770343,1
BD_borderline,2904023,7,9,3.15256,0,1,0.043677,1.317886,1
BD_borderline,2904023,7,13,3.705614,0,1,0.069105,0.458231,1
BD_borderline,2904023,8,44,2.956245,1,0,0.016772,2.348621,1
BD_borderline,2904023,9,13,3.248821,0,1,0.0316,1.133333,1
BD_borderline,2904023,10,27,3.252295,1,0,0.022287,1.355982,1
BD_borderline,2904023,10,52,3.185481,0,1,0.04931,1.22741,1
BD_borderline,2904023,11,16,2.725192,0,1,0.047364,2.845355,1
BD_borderline,2904023,12,41,3.480902,0,1,0.043302,0.725998,1
BD_borderline,2904023,13,30,2.912064,0,1,0.056157,1.990399,1
BD_borderline,2904023,14,29,3.557198,0,1,0.047094,0.627187,1
BD_borderline,2904023,14,58,3.042724,1,0,0.052109,1.869969,1
BD_borderline,2904023,15,20,3.466169,0,1,0.033265,0.760829,1
BD_borderline,2904023,15,28,2.708483,0,1,0.044805,2.948175,1
BD_borderline,2904023,17,39,3.591937,0,1,0.033491,0.605037,1
BD_borderline,2904023,17,42,3.953284,0,1,0.040705,0.309162,0
BD_borderline,2904023,17,58,3.734742,0,1,0.049196,0.45225,1
BD_borderline,2904023,19,31,3.352785,0,1,0.032869,0.935756,1
BD_borderline,2904023,21,25,4.114318,0,1,0.056356,0.223581,0
BD_borderline,2904023,21,35,3.775539,0,1,0.039831,0.427856,1
BD_borderline,2904023,21,54,3.648471,0,1,0.047759,0.530576,1
BD_borderline,2904023,22,55,3.992101,1,0,0.030339,0.347608,0
BD_borderline,2904023,22,56,3.766798,0,1,0.04814,0.427546,1
BD_borderline,2904023,23,62,3.182751,0,1,0.040102,1.256444,1
BD_borderline,2904023,24,47,3.724553,0,1,0.049023,0.460865,1
BD_borderline,2904023,26,48,4.074429,0,1,0.045749,0.245553,0
BD_borderline,2904023,27,56,3.298725,0,1,0.043377,1.010933,1
BD_borderline,2904023,28,63,2.831756,0,1,0.01558,2.498028,1
BD_borderline,2904023,29,59,3.551959,0,1,0.034071,0.649898,1
BD_borderline,2904023,32,34,3.039976,0,1,0.0369,1.639319,1
BD_borderline,2904023,32,46,4.151187,0,1,0.027805,0.221372,0
BD_borderline,2904023,34,43,4.058026,0,1,0.0,0.277227,0
BD_borderline,2904023,34,51,3.351685,1,0,0.032388,1.109175,1
BD_borderline,2904023,35,56,3.42941,1,0,0.034428,0.95908,1
BD_borderline,2904023,36,44,4.105309,1,0,0.013875,0.292414,0
BD_borderline,2904023,37,63,3.81933,1,0,0.02947,0.476726,1
BD_borderline,2904023,38,56,4.06313,0,1,0.022206,0.262735,0
BD_borderline,2904023,38,62,3.540142,0,1,0.048096,0.645646,1
BD_borderline,2904023,39,61,3.655006,0,1,0.045855,0.52631,1
BD_borderline,2904023,40,52,3.70624,1,0,0.047112,0.565256,1
BD_borderline,2904023,41,63,3.152945,0,1,0.039519,1.327959,1
BD_borderline,2904023,43,48,4.047404,0,1,0.027481,0.267518,0
BD_borderline,2904023,43,53,3.889666,0,1,0.056926,0.335994,0
BD_borderline,2904023,46,52,3.722127,0,1,0.040211,0.471133,1
BD_borderline,2904023,48,51,4.193988,1,0,0.055806,0.228852,0
BD_borderline,2904023,48,52,4.121429,0,1,0.040445,0.227845,0
BD_borderline,2904023,54,59,3.450822,0,1,0.056271,0.747176,1
BD_borderline,2904024,0,24,3.375926,0,1,0.047384,0.871529,1
BD_borderline,2904024,0,28,3.814038,0,1,0.027427,0.408952,1
BD_borderline,2904024,0,50,2.846975,0,1,0.031432,2.354026,1
BD_borderline,2904024,1,2,2.951129,0,1,0.033349,1.940454,1
BD_borderline,2904024,1,22,3.215074,0,1,0.038974,1.187408,1
BD_borderline,2904024,3,40,3.378082,0,1,0.042683,0.876322,1
BD_borderline,2904024,3,48,3.488216,0,1,0.014624,0.758699,1
BD_borderline,2904024,3,58,3.763765,0,1,0.043578,0.433851,1
BD_borderline,2904024,4,11,2.711495,0,1,0.026102,3.043825,1
BD_borderline,2904024,4,14,3.454718,0,1,0.035787,0.772928,1
BD_borderline,2904024,4,25,3.102742,0,1,0.029048,1.485671,1
BD_borderline,2904024,4,43,3.435788,0,1,0.015799,0.832622,1
BD_borderline,2904024,5,32,3.912626,0,1,0.0279,0.341518,0
BD_borderline,2904024,7,21,3.249561,0,1,0.029246,1.137151,1
BD_borderline,2904024,8,15,3.716592,1,0,0.030975,0.572911,1
BD_borderline,2904024,8,29,4.141325,0,1,0.048074,0.216423,0
BD_borderline,2904024,8,48,3.741951,0,1,0.046757,0.448543,1
BD_borderline,2904024,9,11,3.341975,0,1,0.032216,0.955576,1
BD_borderline,2904024,10,22,3.871579,0,1,0.026045,0.369348,1
BD_borderline,2904024,10,48,4.137982,0,1,0.038282,0.222049,0
BD_borderline,2904024,11,14,3.549286,0,1,0.053517,0.628153,1
BD_borderline,2904024,12,13,3.80399,0,1,0.019098,0.423487,1
BD_borderline,2904024,12,17,4.117529,1,0,0.027523,0.278288,0
BD_borderline,2904024,13,41,4.084092,0,1,0.062348,0.233399,0
BD_borderline,2904024,14,15,3.809914,0,1,0.038685,0.402855,1
BD_borderline,2904024,16,33,4.01771,0,1,0.043965,0.273201,0
BD_borderline,2904024,17,19,3.640221,0,1,0.07502,0.510015,1
BD_borderline,2904024,17,47,3.066626,1,0,0.043908,1.820049,1
BD_borderline,2904024,17,56,4.05647,1,0,0.000558,0.328193,0
BD_borderline,2904024,18,43,3.875708,0,1,0.043418,0.354068,1
BD_borderline,2904024,19,34,3.45624,0,1,0.026938,0.784555,1
BD_borderline,2904024,20,43,3.607712,0,1,0.040348,0.579922,1
BD_borderline,2904024,22,23,3.101685,1,0,0.051961,1.68037,1
BD_borderline,2904024,22,63,3.604627,0,1,0.045146,0.577615,1
BD_borderline,2904024,23,46,4.038539,0,1,0.030031,0.270482,0
BD_borderline,2904024,23,62,2.825894,0,1,0.0229,2.488104,1
BD_borderline,2904024,23,63,2.947162,1,0,0.04313,2.26512,1
BD_borderline,2904024,24,43,3.455095,1,0,0.049408,0.888304,1
BD_borderline,2904024,25,33,3.688235,1,0,0.035825,0.5974,1
BD_borderline,2904024,25,44,3.791215,0,1,0.042876,0.413309,1
BD_borderline,2904024,26,32,3.485117,1,0,0.014386,0.902141,1
BD_borderline,2904024,26,52,3.396588,0,1,0.018375,0.889536,1
BD_borderline,2904024,27,30,3.513983,0,1,0.023455,0.7113,1
BD_borderline,2904024,27,42,3.053263,0,1,0.042825,1.581339,1
BD_borderline,2904024,27,62,3.891265,0,1,0.0358,0.349477,0
BD_borderline,2904024,28,50,2.884024,0,1,0.023464,2.236031,1
BD_borderline,2904024,30,36,2.815935,1,0,0.064891,2.753026,1
BD_borderline,2904024,33,57,3.351328,1,0,0.031074,1.112816,1
BD_borderline,2904024,34,47,4.186503,0,1,0.045429,0.200414,0
BD_borderline,2904024,35,39,3.273468,0,1,0.039986,1.065643,1
BD_borderline,2904024,35,59,3.704276,0,1,0.042011,0.484926,1
BD_borderline,2904024,38,53,3.859746,0,1,0.021297,0.380982,1
BD_borderline,2904024,39,57,3.31185,0,1,0.051352,0.971474,1
BD_borderline,2904024,40,58,2.716162,0,1,0.05642,2.840539,1
BD_borderline,2904024,41,51,3.881099,0,1,0.055877,0.341985,0
BD_borderline,2904024,42,45,3.671673,0,1,0.031398,0.525579,1
BD_borderline,2904024,43,52,3.786823,0,1,0.026067,0.430867,1
BD_borderline,2904024,44,45,4.015035,0,1,0.050471,0.270984,0
BD_borderline,2904024,44,52,3.982382,1,0,0.015836,0.364218,1
BD_borderline,2904024,45,56,3.648621,0,1,0.05273,0.525185,1
BD_borderline,2904024,46,47,4.126244,0,1,0.004415,0.242736,0
BD_borderline,2904024,49,55,3.155297,0,1,0.043213,1.312561,1
BD_borderline,2904024,50,60,2.912078,1,0,0.049456,2.383966,1
BD_borderline,2904024,52,55,3.1652,0,1,0.04501,1.284514,1
BD_borderline,2904024,57,60,2.734268,1,0,0.038552,3.366464,1
BD_borderline,2904025,0,3,3.903331,0,1,0.039144,0.339615,0
BD_borderline,2904025,0,41,4.101121,0,1,0.071609,0.22213,0
BD_borderline,2904025,1,4,4.064283,0,1,0.027495,0.259426,0
BD_borderline,2904025,1,22,3.366166,0,1,0.048223,0.885645,1
BD_borderline,2904025,1,50,3.753555,0,1,0.039755,0.445372,1
BD_borderline,2904025,2,37,3.016572,1,0,0.051697,1.962646,1
BD_borderline,2904025,3,23,3.649044,0,1,0.019563,0.560771,1
BD_borderline,2904025,3,32,4.151753,0,1,0.025103,0.222342,0
BD_borderline,2904025,3,43,3.459779,0,1,0.036368,0.764959,1
BD_borderline,2904025,3,52,4.016678,0,1,0.032314,0.280167,0
BD_borderline,2904025,3,60,4.072299,1,0,0.059056,0.283674,0
BD_borderline,2904025,4,36,3.351408,0,1,0.028132,0.94703,1
BD_borderline,2904025,4,40,3.435064,0,1,0.056128,0.769112,1
BD_borderline,2904025,5,35,3.162697,0,1,0.05261,1.270908,1
BD_borderline,2904025,5,55,4.186275,0,1,0.049455,0.198889,0
BD_borderline,2904025,6,57,3.865204,0,1,0.053702,0.353547,1
BD_borderline,2904025,6,60,3.801024,0,1,0.047778,0.402042,1
BD_borderline,2904025,7,14,3.953875,0,1,0.047391,0.304728,0
BD_borderline,2904025,8,37,3.917723,0,1,0.032284,0.335413,0
BD_borderline,2904025,9,27,2.775059,0,1,0.042188,2.625763,1
BD_borderline,2904025,9,42,2.768461,0,1,0.052455,2.603445,1
BD_borderline,2904025,9,51,4.067447,0,1,0.069589,0.237111,0
BD_borderline,2904025,10,17,3.904437,0,1,0.021109,0.351381,1
BD_borderline,2904025,10,30,4.10862,0,1,0.044042,0.231542,0
BD_borderline,2904025,10,46,3.684756,0,1,0.031296,0.513329,1
BD_borderline,2904025,11,19,3.367281,1,0,0.04242,1.056747,1
BD_borderline,2904025,12,19,3.522947,0,1,0.041735,0.674679,1
BD_borderline,2904025,12,32,3.759808,0,1,0.033484,0.445895,1
BD_borderline,2904025,13,28,3.332936,0,1,0.032051,0.971732,1
BD_borderline,2904025,13,39,3.875053,0,1,0.012082,0.377417,1
BD_borderline,2904025,13,56,2.708111,0,1,0.005914,3.188792,1
BD_borderline,2904025,15,37,3.491612,1,0,0.032615,0.859631,1
BD_borderline,2904025,15,39,3.428198,0,1,0.030956,0.818985,1
BD_borderline,2904025,15,47,3.530184,1,0,0.03676,0.794795,1
BD_borderline,2904025,16,23,2.910571,0,1,0.057835,1.989118,1
BD_borderline,2904025,16,25,4.054319,0,1,0.034307,0.260594,0
BD_borderline,2904025,17,59,3.329663,0,1,0.058065,0.927974,1
BD_borderline,2904025,18,33,4.175852,0,1,0.057156,0.199596,0
BD_borderline,2904025,18,58,2.915416,1,0,0.033894,2.444449,1
BD_borderline,2904025,19,38,3.991985,0,1,0.018971,0.300958,0
BD_borderline,2904025,20,41,3.184467,0,1,0.02932,1.279834,1
BD_borderline,2904025,20,43,2.822823,0,1,0.060038,2.322926,1
BD_borderline,2904025,21,50,3.999855,0,1,0.045156,0.281544,0
BD_borderline,2904025,21,56,4.106702,0,1,0.033539,0.237284,0
BD_borderline,2904025,21,58,4.123494,1,0,0.038675,0.269214,0
BD_borderline,2904025,24,36,4.133038,0,1,0.030946,0.227365,0
BD_borderline,2904025,25,42,3.476911,0,1,0.061793,0.704736,1
BD_borderline,2904025,26,54,3.672451,0,1,0.027314,0.52914,1
BD_borderline,2904025,27,42,2.710563,0,1,0.049291,2.910814,1
BD_borderline,2904025,29,45,2.951382,0,1,0.062055,1.831345,1
BD_borderline,2904025,30,36,3.057115,1,0,0.008049,1.989487,1
BD_borderline,2904025,32,57,3.071822,1,0,0.058652,1.750549,1
BD_borderline,2904025,32,60,3.846399,0,1,0.058429,0.362402,1
BD_borderline,2904025,34,51,3.495684,1,0,0.028025,0.861161,1
BD_borderline,2904025,35,44,3.858001,1,0,0.080965,0.400872,1
BD_borderline,2904025,35,62,2.95751,0,1,0.07282,1.772477,1
BD_borderline,2904025,37,47,3.523474,0,1,0.053496,0.658363,1
BD_borderline,2904025,38,55,3.386091,1,0,0.026491,1.054273,1
BD_borderline,2904025,39,46,3.408115,0,1,0.038502,0.836719,1
BD_borderline,2904025,40,53,3.338922,0,1,0.06529,0.899391,1
BD_borderline,2904025,42,59,4.199641,0,1,0.042081,0.196998,0
BD_borderline,2904025,43,45,3.337426,0,1,0.056169,0.918443,1
BD_borderline,2904025,44,55,3.007066,0,1,0.053834,1.682448,1
BD_borderline,2904025,45,49,3.135018,0,1,0.042932,1.362627,1
BD_borderline,2904025,45,50,3.73944,0,1,0.039885,0.456831,1
BD_borderline,2904025,47,53,3.190421,1,0,0.037044,1.473307,1
BD_borderline,2904025,48,59,3.317154,0,1,0.050822,0.963171,1
BD_borderline,2904025,49,50,3.88779,1,0,0.016817,0.43172,1
BD_borderline,2904025,49,61,4.149922,0,1,0.022914,0.224063,0
BD_borderline,2904025,52,57,3.817536,0,1,0.066206,0.376034,1
BD_borderline,2904025,52,60,2.767448,1,0,0.037461,3.176308,1
BD_borderline,2904025,57,60,3.554058,0,1,0.053206,0.623114,1
BD_borderline,2904026,0,20,3.100863,0,1,0.036815,1.467773,1
BD_borderline,2904026,0,26,3.274752,0,1,0.056857,1.027883,1
BD_borderline,2904026,0,58,4.124428,0,1,0.005931,0.242801,0
BD_borderline,2904026,1,8,3.016804,0,1,0.032695,1.724302,1
BD_borderline,2904026,1,37,2.695278,1,0,0.047572,3.549176,1
BD_borderline,2904026,2,24,3.827465,0,1,0.045492,0.384928,1
BD_borderline,2904026,2,45,4.123112,0,1,0.0451,0.225044,0
BD_borderline,2904026,2,54,4.179084,1,0,0.042243,0.241604,0
BD_borderline,2904026,3,10,4.026261,0,1,0.02959,0.276832,0
BD_borderline,2904026,3,56,3.492374,0,1,0.03598,0.721501,1
BD_borderline,2904026,4,37,4.157657,0,1,0.013648,0.225066,0
BD_borderline,2904026,5,42,3.234683,1,0,0.035339,1.36403,1
BD_borderline,2904026,6,22,4.150766,0,1,0.022592,0.223863,0
BD_borderline,2904026,6,31,3.936219,0,1,0.03905,0.319962,0
BD_borderline,2904026,6,58,3.548591,0,1,0.032091,0.656485,1
BD_borderline,2904026,7,12,3.79424,1,0,0.021947,0.506541,1
BD_borderline,2904026,7,29,3.382092,1,0,0.048252,1.016739,1
BD_borderline,2904026,7,38,2.930434,0,1,0.057822,1.91862,1
BD_borderline,2904026,8,11,2.983055,1,0,0.007509,2.278711,1
BD_borderline,2904026,8,22,3.305145,1,0,0.037233,1.195476,1
BD_borderline,2904026,8,37,3.554337,0,1,0.045612,0.63233,1
BD_borderline,2904026,8,40,3.272514,0,1,0.030078,1.088857,1
BD_borderline,2904026,9,59,3.155694,0,1,0.025288,1.359489,1
BD_borderline,2904026,9,60,3.853203,1,0,0.020432,0.456429,1
BD_borderline,2904026,10,36,2.890026,0,1,0.02114,2.222067,1
BD_borderline,2904026,11,14,3.972242,0,1,0.032736,0.303486,0
BD_borderline,2904026,11,18,3.778967,1,0,0.037879,0.504472,1
BD_borderline,2904026,11,22,4.082675,0,1,0.025097,0.2521,0
BD_borderline,2904026,11,37,3.421122,0,1,0.036101,0.821097,1
BD_borderline,2904026,12,36,3.78197,0,1,0.029038,0.43211,1
BD_borderline,2904026,13,56,2.701402,0,1,0.051296,2.947856,1
BD_borderline,2904026,15,16,4.157797,0,1,0.037282,0.21462,0
BD_borderline,2904026,15,52,2.694492,1,0,0.045808,3.566811,1
BD_borderline,2904026,15,54,2.841949,1,0,0.077102,2.562494,1
BD_borderline,2904026,16,54,3.433685,0,1,0.059406,0.766006,1
BD_borderline,2904026,17,19,3.686616,0,1,0.050401,0.492417,1
BD_borderline,2904026,17,44,3.436405,0,1,0.028271,0.8112,1
BD_borderline,2904026,18,22,3.531749,0,1,0.044901,0.659776,1
BD_borderline,2904026,18,34,3.969098,1,0,0.035296,0.358879,1
BD_borderline,2904026,18,37,3.893257,0,1,0.040076,0.345249,0
BD_borderline,2904026,19,35,2.884447,0,1,0.065532,2.054017,1
BD_borderline,2904026,19,42,3.311678,1,0,0.066381,1.11446,1
BD_borderline,2904026,19,63,2.805274,0,1,0.046886,2.462161,1
BD_borderline,2904026,20,46,2.803553,0,1,0.020258,2.604983,1
BD_borderline,2904026,20,49,2.951646,0,1,0.041224,1.908337,1
BD_borderline,2904026,21,35,2.858772,0,1,0.065992,2.150192,1
BD_borderline,2904026,21,36,4.055891,1,0,0.040557,0.303281,0
BD_borderline,2904026,24,54,4.128556,0,1,0.022431,0.233163,0
BD_borderline,2904026,25,48,3.133686,0,1,0.056169,1.330241,1
BD_borderline,2904026,26,27,2.998221,1,0,0.040475,2.075295,1
BD_borderline,2904026,26,59,3.959693,0,1,0.025255,0.315171,0
BD_borderline,2904026,27,56,4.171585,0,1,0.071962,0.195282,0
BD_borderline,2904026,28,60,4.083403,0,1,0.021654,0.253506,0
BD_borderline,2904026,30,33,3.911863,1,0,0.020323,0.410344,1
BD_borderline,2904026,30,60,2.700971,0,1,0.047535,2.972442,1
BD_borderline,2904026,31,44,3.455827,0,1,0.052815,0.745544,1
BD_borderline,2904026,31,58,3.796544,1,0,0.039751,0.486778,1
BD_borderline,2904026,32,49,4.06006,0,1,0.032343,0.258903,0
BD_borderline,2904026,33,60,2.972309,0,1,0.02661,1.892489,1
BD_borderline,2904026,33,61,3.307695,1,0,0.054579,1.149373,1
BD_borderline,2904026,35,44,4.112497,0,1,0.061622,0.221973,0
BD_borderline,2904026,35,63,3.242568,1,0,0.045384,1.317872,1
BD_borderline,2904026,38,47,3.613042,1,0,0.039579,0.679796,1
BD_borderline,2904026,42,63,2.987243,1,0,0.0359,2.136593,1
BD_borderline,2904026,44,58,4.122148,0,1,0.037435,0.228922,0
BD_borderline,2904026,46,50,3.036846,1,0,0.023202,2.00255,1
BD_borderline,2904026,49,59,3.835932,0,1,0.03813,0.38467,1
BD_borderline,2904026,52,60,4.094282,0,1,0.044228,0.23757,0
BD_borderline,2904026,55,62,3.496314,0,1,0.040945,0.709273,1
BD_borderline,2904027,0,58,3.101952,0,1,0.021171,1.511429,1
BD_borderline,2904027,1,24,4.106794,1,0,0.04126,0.276083,0
BD_borderline,2904027,2,24,4.007514,1,0,0.032686,0.336419,0
BD_borderline,2904027,3,41,3.797391,0,1,0.037987,0.41271,1
BD_borderline,2904027,3,44,2.841026,0,1,0.023242,2.418929,1
BD_borderline,2904027,4,58,2.860695,0,1,0.039908,2.257439,1
BD_borderline,2904027,5,14,3.079281,0,1,0.066343,1.438975,1
BD_borderline,2904027,5,22,3.482365,0,1,0.035524,0.735422,1
BD_borderline,2904027,6,37,3.157613,0,1,0.065029,1.251243,1
BD_borderline,2904027,6,47,4.021263,0,1,0.035037,0.276332,0
BD_borderline,2904027,6,51,4.017797,0,1,0.011409,0.291536,0
BD_borderline,2904027,7,36,3.805847,0,1,0.050064,0.396713,1
BD_borderline,2904027,7,42,4.197556,0,1,0.036462,0.199981,0
BD_borderline,2904027,8,13,3.807102,0,1,0.042543,0.401809,1
BD_borderline,2904027,8,17,2.801896,0,1,0.026662,2.579588,1
BD_borderline,2904027,9,20,3.733172,0,1,0.024465,0.476539,1
BD_borderline,2904027,9,22,3.974454,0,1,0.019283,0.310511,0
BD_borderline,2904027,9,29,3.813213,0,1,0.0253,0.411311,1
BD_borderline,2904027,9,35,3.310995,0,1,0.05132,0.97305,1
BD_borderline,2904027,10,15,4.144191,1,0,0.025947,0.265956,0
BD_borderline,2904027,10,58,3.281087,0,1,0.036295,1.058769,1
BD_borderline,2904027,11,20,3.944082,0,1,0.047093,0.310388,0
BD_borderline,2904027,11,41,3.971061,1,0,0.043275,0.351939,1
BD_borderline,2904027,12,38,4.158046,0,1,0.03786,0.214275,0
BD_borderline,2904027,12,51,4.006867,1,0,0.051715,0.324238,0
BD_borderline,2904027,13,56,3.090687,0,1,0.056934,1.436216,1
BD_borderline,2904027,14,63,4.163501,0,1,0.032726,0.21435,0
BD_borderline,2904027,16,19,2.825303,0,1,0.021682,2.496854,1
BD_borderline,2904027,16,26,3.23006,0,1,0.035781,1.162894,1
BD_borderline,2904027,16,49,3.102731,0,1,0.035495,1.466665,1
BD_borderline,2904027,16,59,3.990123,0,1,0.04748,0.285241,0
BD_borderline,2904027,18,26,3.752945,0,1,0.013069,0.47031,1
BD_borderline,2904027,19,48,4.001001,1,0,0.056953,0.324299,0
BD_borderline,2904027,21,39,3.852851,1,0,0.035576,0.443095,1
BD_borderline,2904027,23,39,4.120151,0,1,0.037862,0.229558,0
BD_borderline,2904027,23,40,3.922031,0,1,0.04513,0.324355,0
BD_borderline,2904027,23,49,3.873697,1,0,0.045178,0.4185,1
BD_borderline,2904027,24,34,3.963402,0,1,0.022112,0.315026,0
BD_borderline,2904027,24,62,3.639074,0,1,0.05195,0.535215,1
BD_borderline,2904027,26,45,3.09055,0,1,0.025217,1.530653,1
BD_borderline,2904027,26,48,3.406484,0,1,0.048582,0.822456,1
BD_borderline,2904027,27,42,3.84611,1,0,0.057319,0.429471,1
BD_borderline,2904027,27,55,3.559965,1,0,0.055727,0.724877,1
BD_borderline,2904027,27,56,4.178755,0,1,0.046599,0.202782,0
BD_borderline,2904027,27,60,3.875951,0,1,0.033168,0.361241,1
BD_borderline,2904027,28,54,3.159656,0,1,0.053915,1.274622,1
BD_borderline,2904027,29,35,4.13657,0,1,0.023106,0.22948,0
BD_borderline,2904027,31,32,3.794233,0,1,0.054529,0.401577,1
BD_borderline,2904027,31,35,3.092742,1,0,0.042418,1.740826,1
BD_borderline,2904027,31,38,3.109393,0,1,0.055446,1.392326,1
BD_borderline,2904027,32,63,2.973118,1,0,0.049341,2.134031,1
BD_borderline,2904027,33,53,3.51858,0,1,0.044394,0.67645,1
BD_borderline,2904027,33,55,3.176552,0,1,0.030112,1.296331,1
BD_borderline,2904027,34,46,3.599644,1,0,0.063765,0.663669,1
BD_borderline,2904027,34,47,3.552965,1,0,0.054762,0.73558,1
BD_borderline,2904027,36,42,3.931145,0,1,0.02397,0.332816,0
BD_borderline,2904027,36,45,3.786217,0,1,0.018095,0.438275,1
BD_borderline,2904027,36,52,3.743468,0,1,0.045334,0.448582,1
BD_borderline,2904027,37,43,3.779524,0,1,0.037357,0.426874,1
BD_borderline,2904027,38,47,3.448525,0,1,0.031102,0.789039,1
BD_borderline,2904027,44,55,3.928701,1,0,0.039368,0.383099,1
BD_borderline,2904027,47,51,3.417128,1,0,0.04005,0.969771,1
BD_borderline,2904027,50,52,4.17245,1,0,0.040591,0.245345,0
BD_borderline,2904027,53,54,3.974565,0,1,0.035881,0.300312,0
BD_borderline,2904027,57,59,3.112399,1,0,0.040401,1.686499,1
BD_borderline,2904028,0,9,3.93285,0,1,0.052274,0.313526,0
BD_borderline,2904028,0,32,3.67357,0,1,0.039356,0.515498,1
BD_borderline,2904028,0,49,4.178731,0,1,0.0394,0.205732,0
BD_borderline,2904028,1,3,3.684678,0,1,0.035706,0.508894,1
BD_borderline,2904028,2,30,3.449801,0,1,0.021397,0.802639,1
BD_borderline,2904028,2,63,3.467031,0,1,0.028973,0.766187,1
BD_borderline,2904028,3,15,3.439123,0,1,0.022158,0.817131,1
BD_borderline,2904028,4,14,2.709907,0,1,0.023403,3.069153,1
BD_borderline,2904028,4,15,4.096645,1,0,0.033588,0.285573,0
BD_borderline,2904028,7,35,4.171746,1,0,0.027578,0.252137,0
BD_borderline,2904028,7,43,4.154659,0,1,0.039149,0.215044,0
BD_borderline,2904028,8,31,3.529388,0,1,0.043964,0.663857,1
BD_borderline,2904028,8,34,3.386062,0,1,0.039601,0.869039,1
BD_borderline,2904028,9,44,3.739357,0,1,0.038725,0.457961,1
BD_borderline,2904028,11,21,3.842662,0,1,0.03877,0.379505,1
BD_borderline,2904028,11,41,3.997577,0,1,0.028747,0.292145,0
BD_borderline,2904028,11,51,3.719916,0,1,0.048152,0.465577,1
BD_borderline,2904028,11,54,4.181123,0,1,0.029478,0.208945,0
BD_borderline,2904028,12,19,4.14266,0,1,0.017234,0.229634,0
BD_borderline,2904028,12,21,3.609998,1,0,0.076352,0.6351,1
BD_borderline,2904028,12,33,2.880497,0,1,0.045594,2.152985,1
BD_borderline,2904028,12,39,3.884874,0,1,0.057007,0.338879,0
BD_borderline,2904028,13,26,4.061435,0,1,0.054518,0.247053,0
BD_borderline,2904028,13,31,3.157112,1,0,0.024139,1.606218,1
BD_borderline,2904028,13,41,3.401329,0,1,0.036263,0.850909,1
BD_borderline,2904028,13,50,3.953064,1,0,0.028002,0.374925,1
BD_borderline,2904028,15,57,2.99621,0,1,0.023286,1.824096,1
BD_borderline,2904028,16,27,3.019213,0,1,0.040583,1.689895,1
BD_borderline,2904028,16,45,3.011693,1,0,0.024848,2.089372,1
BD_borderline,2904028,16,53,4.174626,0,1,0.083668,0.189711,0
BD_borderline,2904028,16,63,3.551507,0,1,0.047967,0.632604,1
BD_borderline,2904028,17,37,3.609643,0,1,0.048429,0.568625,1
BD_borderline,2904028,18,50,3.935153,1,0,0.044461,0.374793,1
BD_borderline,2904028,19,21,3.658551,0,1,0.036514,0.53279,1
BD_borderline,2904028,21,30,3.49,0,1,0.050116,0.704423,1
BD_borderline,2904028,22,24,3.808506,1,0,0.009414,0.506101,1
BD_borderline,2904028,22,50,3.714001,0,1,0.03833,0.479947,1
BD_borderline,2904028,22,57,3.806547,0,1,0.023589,0.417754,1
BD_borderline,2904028,23,37,4.176136,0,1,0.049509,0.202568,0
BD_borderline,2904028,28,57,3.59407,0,1,0.018461,0.621087,1
BD_borderline,2904028,32,53,3.429817,0,1,0.046926,0.790908,1
BD_borderline,2904028,34,52,3.775508,0,1,0.053636,0.416228,1
BD_borderline,2904028,35,47,2.925831,0,1,0.028555,2.051366,1
BD_borderline,2904028,35,56,2.764348,1,0,0.032692,3.224872,1
BD_borderline,2904028,37,46,3.556192,1,0,0.061612,0.721326,1
BD_borderline,2904028,38,51,2.790097,0,1,0.013481,2.705927,1
BD_borderline,2904028,38,58,3.585393,0,1,0.031842,0.614301,1
BD_borderline,2904028,40,63,2.945729,0,1,0.045595,1.91219,1
BD_borderline,2904028,41,50,3.005743,0,1,0.052864,1.689773,1
BD_borderline,2904028,43,55,4.05229,0,1,0.041261,0.257945,0
BD_borderline,2904028,44,49,3.380161,0,1,0.047063,0.8654,1
BD_borderline,2904028,47,56,3.790023,0,1,0.039743,0.41681,1
BD_borderline,2904028,48,58,3.399266,1,0,0.052399,0.977342,1
BD_borderline,2904028,49,60,2.698261,0,1,0.0,3.285047,1
BD_borderline,2904028,51,53,3.437288,0,1,0.057919,0.76327,1
BD_borderline,2904028,54,55,2.97761,0,1,0.061591,1.747685,1
BD_borderline,2904029,0,3,3.611662,0,1,0.038805,0.577551,1
BD_borderline,2904029,0,36,3.847562,0,1,0.055586,0.363699,1
BD_borderline,2904029,1,17,3.275376,0,1,0.051336,1.038118,1
BD_borderline,2904029,1,41,3.444698,0,1,0.066429,0.740349,1
BD_borderline,2904029,1,47,4.180532,1,0,0.041886,0.241141,0
BD_borderline,2904029,1,51,3.462892,0,1,0.029538,0.771103,1
BD_borderline,2904029,4,6,3.680482,0,1,0.03584,0.512654,1
BD_borderline,2904029,4,13,3.953832,1,0,0.028448,0.374068,1
BD_borderline,2904029,4,57,3.349713,0,1,0.032314,0.942043,1
BD_borderline,2904029,5,15,2.950347,0,1,0.029582,1.957914,1
BD_borderline,2904029,5,18,3.629005,0,1,0.040201,0.558063,1
BD_borderline,2904029,5,59,2.851718,0,1,0.066435,2.176022,1
BD_borderline,2904029,6,22,2.985937,0,1,0.034506,1.817245,1
BD_borderline,2904029,6,29,4.026189,0,1,0.030217,0.276521,0
BD_borderline,2904029,8,11,3.398089,0,1,0.067634,0.803882,1
BD_borderline,2904029,8,34,3.806094,0,1,0.033549,0.409852,1
BD_borderline,2904029,8,43,3.724993,1,0,0.02712,0.568593,1
BD_borderline,2904029,9,11,3.672468,0,1,0.053982,0.501642,1
BD_borderline,2904029,9,30,3.683568,1,0,0.01885,0.623297,1
BD_borderline,2904029,10,36,4.079077,0,1,0.067039,0.233337,0
BD_borderline,2904029,10,45,3.587141,0,1,0.025172,0.620576,1
BD_borderline,2904029,12,21,3.811609,0,1,0.039405,0.401038,1
BD_borderline,2904029,12,45,3.921468,0,1,0.049254,0.322021,0
BD_borderline,2904029,14,26,4.036573,1,0,0.032167,0.319437,0
BD_borderline,2904029,14,27,3.42031,1,0,0.049658,0.945825,1
BD_borderline,2904029,14,28,3.337965,0,1,0.045551,0.937237,1
BD_borderline,2904029,15,17,3.722883,0,1,0.01703,0.492812,1
BD_borderline,2904029,15,51,4.043693,0,1,0.049276,0.257841,0
BD_borderline,2904029,15,58,3.672315,1,0,0.036618,0.613971,1
BD_borderline,2904029,15,59,3.058869,0,1,0.060614,1.510593,1
BD_borderline,2904029,16,27,3.31508,0,1,0.029248,1.009441,1
BD_borderline,2904029,16,30,4.004721,0,1,0.041127,0.281322,0
BD_borderline,2904029,16,39,3.544599,0,1,0.022912,0.67352,1
BD_borderline,2904029,17,47,3.634472,1,0,0.042162,0.650451,1
BD_borderline,2904029,18,31,4.122766,1,0,0.060521,0.258046,0
BD_borderline,2904029,18,32,3.921158,0,1,0.051559,0.32072,0
BD_borderline,2904029,19,38,3.345773,0,1,0.0622,0.893765,1
BD_borderline,2904029,19,44,4.141888,0,1,0.023848,0.226935,0
BD_borderline,2904029,20,61,3.809534,0,1,0.040582,0.401608,1
BD_borderline,2904029,20,63,3.84382,0,1,0.037442,0.379714,1
BD_borderline,2904029,21,25,4.101361,1,0,0.055193,0.271161,0
BD_borderline,2904029,22,52,2.696974,0,1,0.06248,2.905951,1
BD_borderline,2904029,23,44,3.54858,0,1,0.054805,0.627342,1
BD_borderline,2904029,24,26,4.088662,1,0,0.055885,0.277111,0
BD_borderline,2904029,24,59,3.140029,1,0,0.009895,1.704773,1
BD_borderline,2904029,28,32,3.441467,0,1,0.067936,0.742468,1
BD_borderline,2904029,28,48,3.625521,0,1,0.040128,0.561692,1
BD_borderline,2904029,28,53,2.704669,0,1,0.06811,2.83349,1
BD_borderline,2904029,31,36,3.703451,0,1,0.006743,0.521148,1
BD_borderline,2904029,31,51,3.664772,0,1,0.022415,0.541863,1
BD_borderline,2904029,35,46,3.864923,1,0,0.02209,0.445327,1
BD_borderline,2904029,37,48,3.17543,1,0,0.042551,1.497435,1
BD_borderline,2904029,38,39,3.25699,0,1,0.034943,1.109183,1
BD_borderline,2904029,38,43,4.199109,0,1,0.032268,0.201096,0
BD_borderline,2904029,40,44,3.657444,0,1,0.053547,0.515982,1
BD_borderline,2904029,40,47,3.483062,0,1,0.084815,0.665538,1
BD_borderline,2904029,41,46,3.151605,1,0,0.046955,1.550014,1
BD_borderline,2904029,41,51,3.221016,0,1,0.041428,1.168897,1
BD_borderline,2904029,42,47,2.749851,0,1,0.038982,2.766593,1
BD_borderline,2904029,45,55,3.181721,1,0,0.029891,1.518366,1
BD_borderline,2904029,48,53,3.704343,1,0,0.049169,0.564879,1
BD_borderline,2904029,49,50,3.918547,0,1,0.042278,0.328284,0
BD_borderline,2904029,50,56,2.754545,1,0,0.017655,3.383099,1
BD_borderline,2904029,51,58,3.987605,0,1,0.040144,0.290786,0
BD_borderline,2904029,52,57,3.212758,0,1,0.029924,1.214199,1
BD_borderline,2904030,1,2,3.892901,0,1,0.051527,0.33765,0
BD_borderline,2904030,1,4,3.250746,1,0,0.060166,1.260595,1
BD_borderline,2904030,1,25,3.30807,0,1,0.020484,1.040466,1
BD_borderline,2904030,2,8,2.777464,0,1,0.046009,2.594407,1
BD_borderline,2904030,2,25,3.141869,0,1,0.020527,1.407431,1
BD_borderline,2904030,2,32,2.924579,0,1,0.059899,1.93111,1
BD_borderline,2904030,2,50,3.669988,0,1,0.072601,0.485489,1
BD_borderline,2904030,3,10,3.67042,0,1,0.039491,0.51832,1
BD_borderline,2904030,3,15,4.130639,1,0,0.046379,0.261676,0
BD_borderline,2904030,3,51,3.791029,1,0,0.04203,0.489449,1
BD_borderline,2904030,4,24,3.926065,0,1,0.019848,0.338684,0
BD_borderline,2904030,4,55,3.229301,1,0,0.045136,1.350716,1
BD_borderline,2904030,5,27,4.100993,0,1,0.056459,0.229017,0
BD_borderline,2904030,6,41,3.652845,0,1,0.037283,0.537518,1
BD_borderline,2904030,6,53,3.633882,0,1,0.057091,0.534764,1
BD_borderline,2904030,7,13,3.910702,0,1,0.047843,0.329315,0
BD_borderline,2904030,7,42,2.969435,0,1,0.039675,1.853335,1
BD_borderline,2904030,7,55,3.895067,0,1,0.068468,0.325119,0
BD_borderline,2904030,8,32,3.694152,1,0,0.042831,0.582785,1
BD_borderline,2904030,9,24,4.112378,0,1,0.035924,0.23373,0
BD_borderline,2904030,10,38,4.017265,0,1,0.043655,0.273592,0
BD_borderline,2904030,10,61,4.055754,1,0,0.033156,0.30788,0
BD_borderline,2904030,11,22,3.164063,0,1,0.025175,1.339262,1
BD_borderline,2904030,11,28,3.097582,0,1,0.030025,1.496744,1
BD_borderline,2904030,12,19,2.86323,1,0,0.024014,2.741383,1
BD_borderline,2904030,12,60,3.97022,1,0,0.03106,0.361195,1
BD_borderline,2904030,13,34,2.727397,0,1,0.040035,2.875815,1
BD_borderline,2904030,13,47,3.978559,1,0,0.032932,0.354431,1
BD_borderline,2904030,14,16,4.04079,1,0,0.025334,0.32136,0
BD_borderline,2904030,15,62,2.757533,1,0,0.048745,3.161918,1
BD_borderline,2904030,16,20,3.935084,0,1,0.04745,0.315282,0
BD_borderline,2904030,16,29,3.475585,0,1,0.039091,0.739251,1
BD_borderline,2904030,17,34,2.849096,1,0,0.049923,2.670706,1
BD_borderline,2904030,17,36,3.376275,0,1,0.023515,0.913564,1
BD_borderline,2904030,17,52,4.057824,0,1,0.024951,0.263829,0
BD_borderline,2904030,19,63,3.123225,1,0,0.015843,1.736872,1
BD_borderline,2904030,20,29,4.046857,0,1,0.046835,0.257617,0
BD_borderline,2904030,21,38,3.148238,1,0,0.029318,1.615525,1
BD_borderline,2904030,21,42,4.167259,1,0,0.017183,0.259542,0
BD_borderline,2904030,21,45,3.591831,0,1,0.004799,0.640895,1
BD_borderline,2904030,22,40,3.355108,0,1,0.065291,0.873307,1
BD_borderline,2904030,23,44,3.838494,0,1,0.0542,0.370771,1
BD_borderline,2904030,23,59,3.159759,0,1,0.032129,1.331139,1
BD_borderline,2904030,24,25,3.11206,0,1,0.044797,1.415418,1
BD_borderline,2904030,28,59,3.090352,1,0,0.056105,1.701196,1
BD_borderline,2904030,30,49,3.019705,0,1,0.050858,1.654039,1
BD_borderline,2904030,32,57,3.413534,1,0,0.051507,0.954015,1
BD_borderline,2904030,34,36,3.274463,0,1,0.049972,1.042682,1
BD_borderline,2904030,34,52,3.402376,0,1,0.057137,0.814565,1
BD_borderline,2904030,34,53,3.151317,1,0,0.033965,1.591643,1
BD_borderline,2904030,35,56,3.097458,0,1,0.04329,1.457888,1
BD_borderline,2904030,37,42,2.686386,0,1,0.048055,3.049149,1
BD_borderline,2904030,38,61,3.843578,0,1,0.054304,0.367284,1
BD_borderline,2904030,39,54,3.785377,0,1,0.047835,0.413597,1
BD_borderline,2904030,41,58,3.151944,0,1,0.04184,1.32422,1
BD_borderline,2904030,45,46,3.911163,0,1,0.049848,0.327722,0
BD_borderline,2904030,47,48,2.909263,0,1,0.061829,1.977992,1
BD_borderline,2904030,47,61,3.578254,0,1,0.029386,0.625391,1
BD_borderline,2904030,48,50,4.143492,1,0,0.016552,0.271346,0
BD_borderline,2904030,48,61,3.033061,0,1,0.036629,1.660959,1
BD_borderline,2904030,49,51,2.944479,1,0,0.028431,2.344104,1
BD_borderline,2904030,52,57,2.758109,0,1,0.022669,2.815748,1
BD_borderline,2904030,52,61,3.820467,0,1,0.039835,0.394292,1
BD_borderline,2904030,54,62,3.171949,0,1,0.035482,1.29326,1
BD_borderline,2904031,0,54,3.307974,1,0,0.059191,1.138242,1
BD_borderline,2904031,1,21,3.813826,0,1,0.058578,0.384399,1
BD_borderline,2904031,1,40,3.334931,0,1,0.039737,0.953445,1
BD_borderline,2904031,2,10,3.804002,0,1,0.034236,0.41085,1
BD_borderline,2904031,2,42,3.692082,0,1,0.054634,0.483437,1
BD_borderline,2904031,2,49,3.648069,0,1,0.040836,0.538367,1
BD_borderline,2904031,2,56,4.101613,0,1,0.049763,0.231844,0
BD_borderline,2904031,3,6,3.172201,0,1,0.040151,1.280653,1
BD_borderline,2904031,3,29,3.799233,0,1,0.066153,0.388799,1
BD_borderline,2904031,3,32,2.680503,0,1,0.053761,3.046969,1
BD_borderline,2904031,4,33,3.38981,0,1,0.052576,0.841026,1
BD_borderline,2904031,5,24,3.150381,0,1,0.026045,1.370608,1
BD_borderline,2904031,5,32,3.318713,1,0,0.077243,1.076651,1
BD_borderline,2904031,5,48,4.118483,0,1,0.043697,0.227584,0
BD_borderline,2904031,6,49,3.149905,0,1,0.049058,1.310089,1
BD_borderline,2904031,7,43,3.149033,0,1,0.029124,1.365537,1
BD_borderline,2904031,8,24,3.710079,1,0,0.042824,0.566157,1
BD_borderline,2904031,8,46,3.890799,1,0,0.056879,0.396304,1
BD_borderline,2904031,9,22,3.13756,0,1,0.062603,1.304017,1
BD_borderline,2904031,9,26,3.372552,0,1,0.037487,0.894424,1
BD_borderline,2904031,11,51,3.707571,0,1,0.080346,0.446454,1
BD_borderline,2904031,12,16,3.983359,0,1,0.022005,0.303865,0
BD_borderline,2904031,12,59,3.651222,0,1,0.037604,0.538761,1
BD_borderline,2904031,12,62,3.389224,1,0,0.037303,1.025861,1
BD_borderline,2904031,13,14,4.175425,0,1,0.038949,0.207159,0
BD_borderline,2904031,13,19,3.713943,0,1,0.026084,0.4919,1
BD_borderline,2904031,14,35,4.154682,0,1,0.041988,0.213818,0
BD_borderline,2904031,14,62,3.241677,1,0,0.042088,1.328739,1
BD_borderline,2904031,15,28,3.128522,1,0,0.044722,1.623685,1
BD_borderline,2904031,15,44,3.046467,1,0,0.040257,1.901835,1
BD_borderline,2904031,17,25,3.852534,0,1,0.042462,0.370011,1
BD_borderline,2904031,17,26,3.920082,0,1,0.029104,0.336109,0
BD_borderline,2904031,17,47,4.077341,1,0,0.022149,0.302618,0
BD_borderline,2904031,17,52,2.700561,0,1,0.046987,2.977923,1
BD_borderline,2904031,18,51,3.672015,0,1,0.035943,0.520499,1
BD_borderline,2904031,18,55,3.55761,1,0,0.033342,0.761319,1
BD_borderline,2904031,19,57,3.685016,1,0,0.027584,0.610893,1
BD_borderline,2904031,20,33,3.970105,1,0,0.031281,0.361111,1
BD_borderline,2904031,20,42,2.954071,0,1,0.032844,1.932057,1
BD_borderline,2904031,21,34,4.196828,0,1,0.031258,0.202341,0
BD_borderline,2904031,21,43,4.056857,0,1,0.068345,0.242323,0
BD_borderline,2904031,22,26,3.863601,0,1,0.03622,0.367196,1
BD_borderline,2904031,22,47,3.902857,1,0,0.037412,0.403103,1
BD_borderline,2904031,23,50,2.699592,0,1,0.052884,2.948197,1
BD_borderline,2904031,24,48,3.020384,0,1,0.057661,1.629674,1
BD_borderline,2904031,26,27,4.155694,1,0,0.054269,0.246109,0
BD_borderline,2904031,26,44,3.638834,0,1,0.030883,0.55849,1
BD_borderline,2904031,27,51,3.839787,1,0,0.027863,0.4608,1
BD_borderline,2904031,28,48,3.882948,0,1,0.070345,0.331116,0
BD_borderline,2904031,29,32,3.627742,1,0,0.047215,0.651838,1
BD_borderline,2904031,29,60,3.323519,0,1,0.067738,0.920418,1
BD_borderline,2904031,30,54,3.737079,0,1,0.053592,0.446389,1
BD_borderline,2904031,31,56,2.981913,1,0,0.022728,2.21499,1
BD_borderline,2904031,33,37,3.496239,0,1,0.016932,0.744271,1
BD_borderline,2904031,33,38,3.431365,0,1,0.047812,0.787288,1
BD_borderline,2904031,34,37,3.863542,1,0,0.01608,0.451844,1
BD_borderline,2904031,35,39,3.036476,0,1,0.022229,1.698912,1
BD_borderline,2904031,35,58,3.138225,1,0,0.037032,1.620017,1
BD_borderline,2904031,36,46,3.270468,1,0,0.044075,1.255971,1
BD_borderline,2904031,37,38,3.973741,0,1,0.03318,0.302392,0
BD_borderline,2904031,39,49,3.389116,1,0,0.046928,1.0065,1
BD_borderline,2904031,41,45,3.000522,0,1,0.044638,1.734189,1
BD_borderline,2904031,41,52,4.035966,0,1,0.055174,0.258423,0
BD_borderline,2904031,45,47,3.534193,0,1,0.064134,0.632065,1
BD_borderline,2904031,47,52,3.646004,0,1,0.080272,0.499408,1
BD_borderline,2904031,51,61,3.827435,0,1,0.035216,0.392942,1
BD_borderline,2904031,53,58,3.395409,0,1,0.054909,0.828632,1
BD_borderline,2904031,53,61,3.675712,0,1,0.044505,0.508234,1
BA_bad,2905000,0,21,3.749349,0,1,0.062717,0.428646,1
BA_bad,2905000,1,51,3.267099,0,1,0.097032,0.961814,1
BA_bad,2905000,2,60,4.14354,0,1,0.111238,0.189973,0
BA_bad,2905000,3,51,3.93332,1,0,0.111774,0.328678,0
BA_bad,2905000,5,11,3.829924,0,1,0.092193,0.349038,0
BA_bad,2905000,6,20,2.607513,0,1,0.095139,3.203037,1
BA_bad,2905000,6,24,3.409118,0,1,0.111544,0.721678,1
BA_bad,2905000,6,59,2.834491,0,1,0.11736,2.027838,1
BA_bad,2905000,7,14,3.823417,0,1,0.096981,0.349826,0
BA_bad,2905000,8,9,3.696934,0,1,0.111864,0.427365,1
BA_bad,2905000,8,28,3.650695,0,1,0.094397,0.481374,1
BA_bad,2905000,8,39,3.326317,1,0,0.080282,1.055433,1
BA_bad,2905000,8,55,4.120257,0,1,0.085307,0.208737,0
BA_bad,2905000,11,13,3.718599,0,1,0.137426,0.390382,1
BA_bad,2905000,11,44,3.717326,1,0,0.072449,0.526602,1
BA_bad,2905000,11,49,2.759743,0,1,0.114111,2.338183,1
BA_bad,2905000,12,37,2.676604,0,1,0.116461,2.706984,1
BA_bad,2905000,12,53,4.06996,0,1,0.101669,0.221362,0
BA_bad,2905000,13,23,2.549508,0,1,0.062788,3.797205,1
BA_bad,2905000,14,50,2.985994,0,1,0.097199,1.602927,1
BA_bad,2905000,14,61,3.924565,0,1,0.094359,0.292591,0
BA_bad,2905000,16,17,2.918991,0,1,0.086365,1.850256,1
BA_bad,2905000,17,27,3.070223,0,1,0.097716,1.373902,1
BA_bad,2905000,17,44,3.953136,1,0,0.125602,0.3084,0
BA_bad,2905000,18,24,3.362898,0,1,0.094198,0.812657,1
BA_bad,2905000,18,31,3.416567,0,1,0.105448,0.720704,1
BA_bad,2905000,20,52,3.041745,0,1,0.106225,1.422498,1
BA_bad,2905000,23,37,3.99225,1,0,0.121609,0.289532,0
BA_bad,2905000,23,47,3.621744,0,1,0.140122,0.463048,1
BA_bad,2905000,24,45,2.92399,1,0,0.087874,2.160351,1
BA_bad,2905000,25,35,3.087426,0,1,0.085378,1.364861,1
BA_bad,2905000,26,56,3.945496,0,1,0.084522,0.287261,0
BA_bad,2905000,29,42,3.706576,0,1,0.105035,0.425713,1
BA_bad,2905000,31,33,3.338247,0,1,0.109113,0.82493,1
BA_bad,2905000,36,56,3.087717,0,1,0.12847,1.251495,1
BA_bad,2905000,37,57,3.195881,0,1,0.120726,1.04411,1
BA_bad,2905000,38,45,4.050561,1,0,0.118282,0.262146,0
BA_bad,2905000,40,60,3.30418,0,1,0.093899,0.904759,1
BA_bad,2905000,41,54,3.900467,1,0,0.08634,0.367117,1
BA_bad,2905000,42,48,3.678825,0,1,0.118797,0.435589,1
BA_bad,2905000,42,62,4.112729,0,1,0.115434,0.19924,0
BA_bad,2905000,43,46,3.919179,0,1,0.101083,0.291523,0
BA_bad,2905000,44,58,3.912351,0,1,0.08789,0.303056,0
BA_bad,2905000,47,55,3.214367,0,1,0.110826,1.029788,1
BA_bad,2905001,0,2,2.706203,1,0,0.122896,2.992784,1
BA_bad,2905001,0,9,3.113711,0,1,0.109063,1.240967,1
BA_bad,2905001,0,25,3.796666,0,1,0.096226,0.367817,1
BA_bad,2905001,1,56,2.767466,0,1,0.079861,2.469047,1
BA_bad,2905001,2,25,3.734719,0,1,0.086017,0.420158,1
BA_bad,2905001,3,28,3.388732,0,1,0.082484,0.793749,1
BA_bad,2905001,4,34,3.774824,0,1,0.090654,0.387006,1
BA_bad,2905001,4,52,2.815752,1,0,0.102125,2.556309,1
BA_bad,2905001,5,19,3.861471,0,1,0.076307,0.340221,0
BA_bad,2905001,6,23,2.537391,0,1,0.097181,3.623753,1
BA_bad,2905001,6,37,4.160897,0,1,0.105149,0.186327,0
BA_bad,2905001,7,36,3.651477,0,1,0.115255,0.46105,1
BA_bad,2905001,8,46,3.038433,0,1,0.084568,1.49444,1
BA_bad,2905001,9,41,3.451493,0,1,0.100421,0.683195,1
BA_bad,2905001,10,30,3.581525,0,1,0.111503,0.527525,1
BA_bad,2905001,12,32,2.933272,0,1,0.10692,1.730218,1
BA_bad,2905001,13,17,3.90908,0,1,0.107567,0.2931,0
BA_bad,2905001,13,50,3.784905,1,0,0.108551,0.433275,1
BA_bad,2905001,15,33,3.993597,0,1,0.099022,0.255682,0
BA_bad,2905001,15,47,4.195326,0,1,0.105832,0.174782,0
BA_bad,2905001,17,50,3.017666,0,1,0.092704,1.526896,1
BA_bad,2905001,17,51,2.521181,0,1,0.097671,3.728483,1
BA_bad,2905001,18,40,3.122959,0,1,0.074621,1.307295,1
BA_bad,2905001,18,63,3.782976,0,1,0.091968,0.380312,1
BA_bad,2905001,20,23,3.267015,0,1,0.109314,0.938618,1
BA_bad,2905001,23,39,3.584262,0,1,0.112043,0.52434,1
BA_bad,2905001,24,25,3.972533,0,1,0.102058,0.264056,0
BA_bad,2905001,24,32,3.435008,0,1,0.110188,0.690366,1
BA_bad,2905001,25,32,3.540645,0,1,0.08241,0.602272,1
BA_bad,2905001,25,52,2.661645,0,1,0.111655,2.808485,1
BA_bad,2905001,25,58,4.007089,0,1,0.122167,0.238201,0
BA_bad,2905001,26,58,2.638686,0,1,0.088526,3.066838,1
BA_bad,2905001,27,62,3.112464,0,1,0.091156,1.289137,1
BA_bad,2905001,28,41,3.158825,0,1,0.096262,1.172888,1
BA_bad,2905001,29,49,2.519174,0,1,0.108315,3.663299,1
BA_bad,2905001,30,35,3.875997,0,1,0.11981,0.303742,0
BA_bad,2905001,30,60,2.511634,0,1,0.126522,3.581062,1
BA_bad,2905001,31,52,3.788721,0,1,0.0837,0.382635,1
BA_bad,2905001,36,50,3.991405,0,1,0.117631,0.247325,0
BA_bad,2905001,37,55,4.145976,1,0,0.105486,0.226107,0
BA_bad,2905001,37,56,3.009527,0,1,0.070793,1.61908,1
BA_bad,2905001,38,39,3.894625,1,0,0.116535,0.349294,0
BA_bad,2905001,38,55,3.659504,0,1,0.07218,0.495249,1
BA_bad,2905001,40,61,3.297983,0,1,0.101805,0.900655,1
BA_bad,2905001,44,53,2.594479,0,1,0.102906,3.229295,1
BA_bad,2905001,47,63,4.16554,0,1,0.09013,0.190394,0
BA_bad,2905002,0,13,3.239221,0,1,0.109858,0.986198,1
BA_bad,2905002,0,20,3.346394,0,1,0.078525,0.864077,1
BA_bad,2905002,0,22,3.407127,1,0,0.094502,0.885666,1
BA_bad,2905002,0,32,3.464338,0,1,0.096216,0.673062,1
BA_bad,2905002,0,43,3.231401,1,0,0.097323,1.21221,1
BA_bad,2905002,4,41,2.674776,0,1,0.106062,2.773075,1
BA_bad,2905002,4,57,2.9567,0,1,0.071474,1.779876,1
BA_bad,2905002,7,11,4.016617,0,1,0.098745,0.245337,0
BA_bad,2905002,7,57,3.983155,1,0,0.113251,0.299321,0
BA_bad,2905002,7,58,3.41126,0,1,0.101851,0.732946,1
BA_bad,2905002,8,11,2.718096,1,0,0.082445,3.175556,1
BA_bad,2905002,9,39,3.300798,0,1,0.095741,0.906991,1
BA_bad,2905002,9,48,2.716254,0,1,0.108605,2.55859,1
BA_bad,2905002,10,32,2.858683,0,1,0.122105,1.922244,1
BA_bad,2905002,11,13,4.052376,0,1,0.094045,0.232065,0
BA_bad,2905002,11,59,4.027525,0,1,0.097894,0.240929,0
BA_bad,2905002,11,63,3.438453,0,1,0.085567,0.720682,1
BA_bad,2905002,12,14,2.992766,0,1,0.112991,1.534088,1
BA_bad,2905002,14,18,3.545939,1,0,0.078659,0.710267,1
BA_bad,2905002,15,56,3.313807,0,1,0.087167,0.90111,1
BA_bad,2905002,15,57,4.136126,0,1,0.08921,0.201223,0
BA_bad,2905002,16,60,3.864232,0,1,0.121319,0.309374,0
BA_bad,2905002,17,36,3.050534,0,1,0.094486,1.433202,1
BA_bad,2905002,17,46,4.058945,1,0,0.101346,0.267075,0
BA_bad,2905002,18,48,3.147046,0,1,0.062302,1.282491,1
BA_bad,2905002,19,27,3.248715,1,0,0.125669,1.109902,1
BA_bad,2905002,19,47,3.058379,0,1,0.109877,1.370077,1
BA_bad,2905002,20,22,3.080955,0,1,0.113519,1.305434,1
BA_bad,2905002,20,31,3.023288,0,1,0.100517,1.487935,1
BA_bad,2905002,22,31,3.62143,0,1,0.103287,0.498735,1
BA_bad,2905002,22,50,3.505238,0,1,0.098638,0.621808,1
BA_bad,2905002,24,62,3.719104,0,1,0.089858,0.428951,1
BA_bad,2905002,25,26,3.035135,1,0,0.110247,1.68783,1
BA_bad,2905002,25,39,4.175722,0,1,0.097431,0.184193,0
BA_bad,2905002,25,52,3.001539,0,1,0.103777,1.537893,1
BA_bad,2905002,26,48,3.810451,0,1,0.125203,0.338514,0
BA_bad,2905002,29,31,3.649001,0,1,0.06485,0.512252,1
BA_bad,2905002,29,61,4.00014,0,1,0.102355,0.25098,0
BA_bad,2905002,32,33,3.422701,0,1,0.099973,0.720558,1
BA_bad,2905002,33,34,4.179664,0,1,0.117417,0.175712,0
BA_bad,2905002,35,62,3.208615,0,1,0.088827,1.087423,1
BA_bad,2905002,36,48,4.197757,0,1,0.113433,0.171385,0
BA_bad,2905002,36,54,3.082484,1,0,0.123813,1.507152,1
BA_bad,2905002,37,43,4.196635,0,1,0.112428,0.172081,0
BA_bad,2905002,37,48,3.779802,0,1,0.117374,0.363562,1
BA_bad,2905002,37,54,4.100603,0,1,0.107655,0.206875,0
BA_bad,2905002,41,57,3.973727,0,1,0.067159,0.282531,0
BA_bad,2905002,42,61,3.832277,0,1,0.104117,0.339358,0
BA_bad,2905002,44,60,2.802043,0,1,0.088175,2.280368,1
BA_bad,2905002,51,56,2.655418,1,0,0.086907,3.527246,1
BA_bad,2905002,57,63,2.594459,0,1,0.089931,3.314309,1
BA_bad,2905003,0,23,4.046449,0,1,0.102413,0.230687,0
BA_bad,2905003,0,52,3.906349,0,1,0.091901,0.303934,0
BA_bad,2905003,0,56,3.02521,0,1,0.129087,1.400393,1
BA_bad,2905003,1,26,3.74451,0,1,0.078741,0.418796,1
BA_bad,2905003,3,36,3.556752,0,1,0.111836,0.551461,1
BA_bad,2905003,5,32,3.357706,1,0,0.092439,0.97294,1
BA_bad,2905003,6,30,3.895153,0,1,0.080764,0.317171,0
BA_bad,2905003,8,13,4.073611,0,1,0.103086,0.219275,0
BA_bad,2905003,8,63,2.684527,1,0,0.093948,3.29864,1
BA_bad,2905003,10,32,4.092942,0,1,0.1106,0.208545,0
BA_bad,2905003,12,53,3.324476,0,1,0.097988,0.864878,1
BA_bad,2905003,14,15,3.73696,0,1,0.099634,0.407208,1
BA_bad,2905003,15,57,2.537738,0,1,0.085974,3.703555,1
BA_bad,2905003,16,26,4.030187,0,1,0.114207,0.23207,0
BA_bad,2905003,16,54,3.594302,0,1,0.109552,0.517426,1
BA_bad,2905003,17,26,3.936772,0,1,0.083838,0.292254,0
BA_bad,2905003,19,26,4.081095,0,1,0.089646,0.222205,0
BA_bad,2905003,19,27,3.528743,0,1,0.130289,0.559248,1
BA_bad,2905003,19,58,3.879649,0,1,0.114023,0.305244,0
BA_bad,2905003,20,33,3.375239,0,1,0.098254,0.788205,1
BA_bad,2905003,20,59,3.934643,0,1,0.076584,0.297675,0
BA_bad,2905003,22,26,3.597149,1,0,0.096133,0.624894,1
BA_bad,2905003,24,25,2.989036,0,1,0.101205,1.581365,1
BA_bad,2905003,24,26,2.664752,0,1,0.114724,2.775575,1
BA_bad,2905003,24,47,3.524594,0,1,0.094558,0.605223,1
BA_bad,2905003,25,53,4.030744,0,1,0.104199,0.236522,0
BA_bad,2905003,27,43,2.684609,0,1,0.115756,2.671633,1
BA_bad,2905003,28,62,3.219341,0,1,0.130068,0.98199,1
BA_bad,2905003,29,40,3.182314,0,1,0.082183,1.155946,1
BA_bad,2905003,29,57,4.187909,0,1,0.115857,0.173638,0
BA_bad,2905003,31,36,3.164802,0,1,0.09744,1.157479,1
BA_bad,2905003,32,62,2.815645,0,1,0.12503,2.066583,1
BA_bad,2905003,34,36,3.668196,0,1,0.083459,0.476611,1
BA_bad,2905003,35,56,3.179691,0,1,0.079111,1.16863,1
BA_bad,2905003,37,46,2.78409,0,1,0.113896,2.237899,1
BA_bad,2905003,37,55,3.022741,0,1,0.074157,1.570043,1
BA_bad,2905003,38,43,3.322653,0,1,0.101249,0.862107,1
BA_bad,2905003,38,61,3.867445,0,1,0.10112,0.320252,0
BA_bad,2905003,41,48,3.35903,0,1,0.083063,0.836822,1
BA_bad,2905003,42,61,3.01278,0,1,0.114451,1.474956,1
BA_bad,2905003,43,61,3.201977,0,1,0.074724,1.132113,1
BA_bad,2905003,45,57,2.94176,0,1,0.110379,1.691977,1
BA_bad,2905003,47,51,3.758844,0,1,0.09457,0.395307,1
BA_bad,2905003,47,54,3.958542,0,1,0.072239,0.287505,0
BA_bad,2905003,54,58,3.760983,0,1,0.078386,0.406727,1
BA_bad,2905004,0,60,3.468458,0,1,0.098732,0.664685,1
BA_bad,2905004,3,9,3.770826,0,1,0.101765,0.381263,1
BA_bad,2905004,3,37,2.760142,0,1,0.120407,2.30725,1
BA_bad,2905004,3,55,2.857247,0,1,0.134272,1.880939,1
BA_bad,2905004,4,28,3.815517,0,1,0.091005,0.359154,1
BA_bad,2905004,5,19,3.742245,0,1,0.112139,0.393352,1
BA_bad,2905004,5,21,3.929011,1,0,0.104054,0.336418,0
BA_bad,2905004,6,39,3.592688,0,1,0.119701,0.50852,1
BA_bad,2905004,7,24,2.533919,0,1,0.094896,3.6634,1
BA_bad,2905004,7,31,3.692137,0,1,0.086268,0.453752,1
BA_bad,2905004,8,28,4.134325,0,1,0.09748,0.198572,0
BA_bad,2905004,8,39,3.292554,0,1,0.088821,0.933518,1
BA_bad,2905004,9,48,3.893305,0,1,0.083817,0.316301,0
BA_bad,2905004,10,45,2.839142,0,1,0.084172,2.148759,1
BA_bad,2905004,11,17,3.918841,0,1,0.094207,0.295742,0
BA_bad,2905004,11,42,2.773687,1,0,0.092365,2.813888,1
BA_bad,2905004,14,35,2.54968,0,1,0.107337,3.472432,1
BA_bad,2905004,17,60,3.747304,0,1,0.076895,0.418215,1
BA_bad,2905004,17,61,3.881519,1,0,0.138591,0.34228,0
BA_bad,2905004,18,20,3.599465,0,1,0.071961,0.552615,1
BA_bad,2905004,19,40,3.656908,0,1,0.105424,0.465585,1
BA_bad,2905004,22,57,3.937408,0,1,0.114703,0.274441,0
BA_bad,2905004,22,58,4.199861,0,1,0.119848,0.168554,0
BA_bad,2905004,23,30,3.612573,0,1,0.108251,0.501824,1
BA_bad,2905004,24,34,2.578965,1,0,0.088067,4.043877,1
BA_bad,2905004,24,57,3.546936,0,1,0.101668,0.572925,1
BA_bad,2905004,25,29,3.207995,1,0,0.106057,1.243006,1
BA_bad,2905004,26,39,3.63507,1,0,0.113186,0.563703,1
BA_bad,2905004,28,53,3.979319,0,1,0.112085,0.25564,0
BA_bad,2905004,32,54,3.205171,0,1,0.089775,1.092182,1
BA_bad,2905004,32,56,3.81352,1,0,0.084754,0.431358,1
BA_bad,2905004,34,48,3.624849,0,1,0.09606,0.502859,1
BA_bad,2905004,36,52,3.481621,0,1,0.097048,0.651156,1
BA_bad,2905004,39,58,3.438907,0,1,0.095956,0.70528,1
BA_bad,2905004,40,52,3.61369,0,1,0.089603,0.519836,1
BA_bad,2905004,42,50,3.806301,0,1,0.11797,0.346049,0
BA_bad,2905004,42,58,4.092254,0,1,0.102946,0.212026,0
BA_bad,2905004,57,58,3.463361,0,1,0.117509,0.646148,1
BA_bad,2905005,0,23,2.79754,0,1,0.080611,2.334159,1
BA_bad,2905005,0,49,3.807491,0,1,0.098144,0.359267,1
BA_bad,2905005,0,55,3.030733,0,1,0.098558,1.473691,1
BA_bad,2905005,2,38,4.08216,0,1,0.105174,0.214994,0
BA_bad,2905005,4,22,3.622249,0,1,0.112228,0.489166,1
BA_bad,2905005,4,28,3.589268,0,1,0.107001,0.524855,1
BA_bad,2905005,4,52,3.096107,0,1,0.120735,1.251764,1
BA_bad,2905005,5,40,3.191182,0,1,0.102664,1.091804,1
BA_bad,2905005,5,54,3.847045,0,1,0.101197,0.332302,0
BA_bad,2905005,7,49,3.084279,0,1,0.117265,1.287882,1
BA_bad,2905005,8,13,2.516958,0,1,0.095651,3.772432,1
BA_bad,2905005,9,22,2.95412,0,1,0.091005,1.719738,1
BA_bad,2905005,11,23,3.341476,0,1,0.084472,0.861531,1
BA_bad,2905005,11,41,3.73539,0,1,0.085103,0.420415,1
BA_bad,2905005,14,15,3.112093,1,0,0.123838,1.428091,1
BA_bad,2905005,15,57,3.709904,0,1,0.115571,0.414322,1
BA_bad,2905005,17,33,3.310611,0,1,0.108279,0.868887,1
BA_bad,2905005,18,48,3.45052,0,1,0.092791,0.694931,1
BA_bad,2905005,19,27,3.919772,0,1,0.107711,0.287374,0
BA_bad,2905005,20,25,3.707059,0,1,0.093626,0.435157,1
BA_bad,2905005,20,32,2.918054,0,1,0.109092,1.771049,1
BA_bad,2905005,20,35,3.796924,0,1,0.112776,0.355675,1
BA_bad,2905005,20,61,3.909251,0,1,0.090989,0.302887,0
BA_bad,2905005,21,35,3.718257,0,1,0.107404,0.414798,1
BA_bad,2905005,21,63,3.086851,0,1,0.100769,1.324872,1
BA_bad,2905005,22,30,3.291987,0,1,0.088961,0.93422,1
BA_bad,2905005,23,41,3.885632,0,1,0.120541,0.298031,0
BA_bad,2905005,23,58,4.193925,0,1,0.100241,0.177198,0
BA_bad,2905005,24,36,4.174233,0,1,0.078963,0.191641,0
BA_bad,2905005,25,35,2.558938,0,1,0.106465,3.420432,1
BA_bad,2905005,27,43,4.171961,0,1,0.086084,0.189713,0
BA_bad,2905005,27,59,3.273747,0,1,0.110917,0.924233,1
BA_bad,2905005,31,39,3.852816,0,1,0.080485,0.342741,0
BA_bad,2905005,31,45,3.161151,0,1,0.112258,1.131166,1
BA_bad,2905005,35,38,3.999223,0,1,0.093607,0.255836,0
BA_bad,2905005,36,52,3.48612,1,0,0.0984,0.761218,1
BA_bad,2905005,37,60,3.526635,0,1,0.093565,0.60418,1
BA_bad,2905005,39,44,3.077177,0,1,0.088969,1.380581,1
BA_bad,2905005,40,54,2.551306,0,1,0.105919,3.472012,1
BA_bad,2905005,42,45,2.548991,0,1,0.128152,3.335016,1
BA_bad,2905005,43,59,2.875953,0,1,0.070984,2.063359,1
BA_bad,2905005,43,62,3.549253,0,1,0.085735,0.588989,1
BA_bad,2905005,46,47,3.026369,0,1,0.107884,1.457982,1
BA_bad,2905005,48,54,2.648197,1,0,0.101745,3.46936,1
BA_bad,2905005,49,63,4.011859,0,1,0.082857,0.255459,0
BA_bad,2905005,55,58,2.751606,0,1,0.105166,2.415865,1
BA_bad,2905005,59,62,2.990113,0,1,0.102279,1.574886,1
BA_bad,2905006,0,1,2.758597,1,0,0.094371,2.880576,1
BA_bad,2905006,1,30,3.240722,0,1,0.107809,0.98755,1
BA_bad,2905006,2,9,3.648399,1,0,0.0975,0.567742,1
BA_bad,2905006,2,27,3.305267,0,1,0.101207,0.88987,1
BA_bad,2905006,2,44,4.001698,0,1,0.092505,0.255249,0
BA_bad,2905006,3,4,3.968778,0,1,0.08724,0.273862,0
BA_bad,2905006,3,40,3.240949,0,1,0.067404,1.070224,1
BA_bad,2905006,4,15,3.892339,0,1,0.092286,0.311536,0
BA_bad,2905006,4,61,3.761917,1,0,0.108053,0.452218,1
BA_bad,2905006,5,22,3.799865,0,1,0.08843,0.37143,1
BA_bad,2905006,5,59,3.738869,1,0,0.108324,0.471315,1
BA_bad,2905006,7,13,3.280942,0,1,0.127611,0.882268,1
BA_bad,2905006,8,29,4.130166,0,1,0.093551,0.201658,0
BA_bad,2905006,8,35,4.193736,0,1,0.104452,0.175772,0
BA_bad,2905006,8,47,4.047197,0,1,0.096507,0.23311,0
BA_bad,2905006,9,27,3.733889,0,1,0.087943,0.419176,1
BA_bad,2905006,10,63,4.017946,0,1,0.082754,0.252699,0
BA_bad,2905006,11,61,3.272792,1,0,0.117467,1.079933,1
BA_bad,2905006,12,28,3.874354,0,1,0.09764,0.318462,0
BA_bad,2905006,13,55,3.721074,0,1,0.10806,0.412138,1
BA_bad,2905006,14,50,3.608166,0,1,0.086133,0.52874,1
BA_bad,2905006,14,51,3.5633,1,0,0.093202,0.668467,1
BA_bad,2905006,15,40,2.622884,0,1,0.117068,2.981104,1
BA_bad,2905006,16,25,3.556436,0,1,0.115021,0.548274,1
BA_bad,2905006,16,43,3.634726,0,1,0.10088,0.489171,1
BA_bad,2905006,18,44,3.911298,0,1,0.105857,0.29292,0
BA_bad,2905006,18,52,2.842218,0,1,0.098811,2.075121,1
BA_bad,2905006,18,56,3.068692,0,1,0.076882,1.43635,1
BA_bad,2905006,19,35,3.972916,0,1,0.084643,0.273225,0
BA_bad,2905006,19,39,3.225354,0,1,0.097414,1.036866,1
BA_bad,2905006,20,27,4.054236,0,1,0.06986,0.242744,0
BA_bad,2905006,21,57,3.807367,0,1,0.105635,0.354004,1
BA_bad,2905006,22,29,4.084454,0,1,0.095686,0.2182,0
BA_bad,2905006,23,39,3.503525,0,1,0.104242,0.616794,1
BA_bad,2905006,24,35,3.508426,1,0,0.115442,0.706469,1
BA_bad,2905006,24,54,3.143425,0,1,0.109298,1.175148,1
BA_bad,2905006,25,27,3.775546,0,1,0.114765,0.368303,1
BA_bad,2905006,25,43,3.2608,0,1,0.072941,1.020917,1
BA_bad,2905006,25,60,3.978555,0,1,0.102564,0.260917,0
BA_bad,2905006,26,60,3.738858,0,1,0.108795,0.398439,1
BA_bad,2905006,26,62,4.159066,1,0,0.083454,0.230736,0
BA_bad,2905006,28,49,4.133613,0,1,0.105851,0.195528,0
BA_bad,2905006,29,30,2.654163,0,1,0.10345,2.894053,1
BA_bad,2905006,29,58,4.070878,0,1,0.104459,0.219763,0
BA_bad,2905006,31,42,3.972393,0,1,0.113926,0.257928,0
BA_bad,2905006,33,53,2.887954,0,1,0.095637,1.921698,1
BA_bad,2905006,33,54,3.370583,1,0,0.117085,0.904713,1
BA_bad,2905006,35,45,2.711644,0,1,0.086247,2.698122,1
BA_bad,2905006,35,53,4.120298,0,1,0.095768,0.2044,0
BA_bad,2905006,37,50,2.632682,0,1,0.089603,3.093828,1
BA_bad,2905006,38,44,3.0078,0,1,0.091053,1.559674,1
BA_bad,2905006,47,48,3.352878,0,1,0.084013,0.844629,1
BA_bad,2905006,52,56,3.73052,0,1,0.087656,0.421993,1
BA_bad,2905007,0,28,3.052977,0,1,0.107274,1.390821,1
BA_bad,2905007,0,36,3.653101,0,1,0.117302,0.457813,1
BA_bad,2905007,2,18,3.277564,0,1,0.094732,0.948038,1
BA_bad,2905007,2,21,3.800956,0,1,0.105254,0.358428,1
BA_bad,2905007,3,42,2.960142,0,1,0.092354,1.696429,1
BA_bad,2905007,5,25,2.799423,0,1,0.106778,2.207574,1
BA_bad,2905007,5,27,3.528574,0,1,0.078084,0.620986,1
BA_bad,2905007,5,35,2.830057,0,1,0.097093,2.128818,1
BA_bad,2905007,6,33,3.162423,1,0,0.106977,1.347902,1
BA_bad,2905007,7,42,3.507967,0,1,0.085462,0.635251,1
BA_bad,2905007,7,48,3.387494,0,1,0.137463,0.7127,1
BA_bad,2905007,8,59,2.564221,0,1,0.084195,3.542031,1
BA_bad,2905007,9,59,3.599804,0,1,0.092629,0.529912,1
BA_bad,2905007,10,18,2.598264,0,1,0.103831,3.201218,1
BA_bad,2905007,10,54,3.756733,0,1,0.104224,0.389239,1
BA_bad,2905007,11,63,3.595875,0,1,0.098882,0.527077,1
BA_bad,2905007,13,41,3.834015,0,1,0.095109,0.344437,0
BA_bad,2905007,14,40,2.552927,0,1,0.067086,3.741371,1
BA_bad,2905007,15,50,3.318303,0,1,0.087249,0.893629,1
BA_bad,2905007,16,19,3.842207,0,1,0.080445,0.349445,0
BA_bad,2905007,17,61,3.492175,0,1,0.090503,0.647197,1
BA_bad,2905007,18,21,3.740296,0,1,0.081498,0.419697,1
BA_bad,2905007,19,56,3.557423,0,1,0.119149,0.542792,1
BA_bad,2905007,20,61,4.073817,0,1,0.100566,0.220301,0
BA_bad,2905007,21,46,3.984124,1,0,0.086594,0.315157,0
BA_bad,2905007,23,27,3.906224,0,1,0.087625,0.306614,0
BA_bad,2905007,24,54,3.197939,0,1,0.097858,1.088891,1
BA_bad,2905007,26,29,3.751641,0,1,0.111046,0.387536,1
BA_bad,2905007,27,43,3.745718,0,1,0.125643,0.380461,1
BA_bad,2905007,29,62,2.511632,0,1,0.096045,3.806145,1
BA_bad,2905007,30,37,3.677778,0,1,0.091484,0.460922,1
BA_bad,2905007,31,52,2.543511,0,1,0.095706,3.594244,1
BA_bad,2905007,31,62,4.117845,0,1,0.073788,0.214541,0
BA_bad,2905007,32,34,2.99522,0,1,0.104597,1.553115,1
BA_bad,2905007,33,53,3.276475,0,1,0.104842,0.930902,1
BA_bad,2905007,34,45,4.166697,1,0,0.108376,0.216492,0
BA_bad,2905007,34,53,4.097665,0,1,0.061282,0.228195,0
BA_bad,2905007,35,61,3.610755,0,1,0.086698,0.525663,1
BA_bad,2905007,37,46,3.639408,0,1,0.115437,0.471107,1
BA_bad,2905007,38,63,3.817522,0,1,0.098115,0.352794,1
BA_bad,2905007,43,50,4.16871,0,1,0.105674,0.183506,0
BA_bad,2905007,44,48,3.42995,0,1,0.088299,0.727921,1
BA_bad,2905007,44,60,2.82045,1,0,0.104315,2.523491,1
BA_bad,2905007,47,52,3.566234,0,1,0.093119,0.56271,1
BA_bad,2905007,47,57,2.963015,0,1,0.083931,1.716261,1
BA_bad,2905007,48,62,2.881655,0,1,0.100981,1.923169,1
BA_bad,2905007,53,63,3.110045,0,1,0.081362,1.320434,1
BA_bad,2905007,57,59,4.171329,0,1,0.096878,0.185875,0
BA_bad,2905007,60,63,3.13036,1,0,0.109218,1.422425,1
BA_bad,2905008,0,38,2.573293,0,1,0.09006,3.44346,1
BA_bad,2905008,0,41,3.833961,0,1,0.090622,0.347576,0
BA_bad,2905008,1,9,3.587784,0,1,0.096489,0.537454,1
BA_bad,2905008,1,15,3.29155,0,1,0.095871,0.92213,1
BA_bad,2905008,2,46,3.964381,0,1,0.142216,0.247316,0
BA_bad,2905008,4,30,3.457092,0,1,0.105788,0.669057,1
BA_bad,2905008,5,13,3.928361,0,1,0.116265,0.278122,0
BA_bad,2905008,5,46,3.95711,1,0,0.071236,0.341348,0
BA_bad,2905008,7,9,3.952709,0,1,0.107966,0.270532,0
BA_bad,2905008,8,31,3.386774,0,1,0.091414,0.78248,1
BA_bad,2905008,10,14,4.117361,0,1,0.121168,0.195316,0
BA_bad,2905008,11,27,2.877337,0,1,0.111981,1.896151,1
BA_bad,2905008,11,56,3.871271,0,1,0.088539,0.326136,0
BA_bad,2905008,12,31,3.340497,0,1,0.103436,0.830944,1
BA_bad,2905008,13,47,3.358282,0,1,0.106314,0.799886,1
BA_bad,2905008,16,35,3.214982,1,0,0.104863,1.230249,1
BA_bad,2905008,16,60,3.946943,1,0,0.112618,0.320097,0
BA_bad,2905008,17,31,3.822918,0,1,0.118969,0.335079,0
BA_bad,2905008,18,22,3.758918,0,1,0.12524,0.371738,1
BA_bad,2905008,18,52,3.440068,0,1,0.106727,0.688794,1
BA_bad,2905008,19,61,3.837856,0,1,0.093293,0.343284,0
BA_bad,2905008,20,53,3.288242,0,1,0.081044,0.955616,1
BA_bad,2905008,20,54,3.183024,0,1,0.113811,1.083691,1
BA_bad,2905008,21,51,2.787792,0,1,0.09854,2.292214,1
BA_bad,2905008,22,26,3.65241,1,0,0.100349,0.560414,1
BA_bad,2905008,23,32,2.882198,0,1,0.074157,2.027163,1
BA_bad,2905008,23,35,3.596955,0,1,0.125672,0.4986,1
BA_bad,2905008,24,37,2.976476,0,1,0.102096,1.615014,1
BA_bad,2905008,24,45,3.022161,0,1,0.09926,1.494739,1
BA_bad,2905008,25,34,3.332209,0,1,0.076936,0.889474,1
BA_bad,2905008,26,28,2.77025,1,0,0.100676,2.784851,1
BA_bad,2905008,31,32,3.708708,0,1,0.109316,0.420451,1
BA_bad,2905008,34,35,3.814858,0,1,0.099081,0.353824,1
BA_bad,2905008,34,40,4.004999,0,1,0.067796,0.266575,0
BA_bad,2905008,36,56,3.795964,0,1,0.124186,0.348257,0
BA_bad,2905008,38,53,3.283804,0,1,0.111975,0.905569,1
BA_bad,2905008,39,40,3.666396,0,1,0.095291,0.466991,1
BA_bad,2905008,40,50,3.625187,0,1,0.108814,0.489893,1
BA_bad,2905008,42,57,3.031101,0,1,0.104876,1.454213,1
BA_bad,2905008,44,63,3.133764,0,1,0.08096,1.265716,1
BA_bad,2905008,47,57,3.695675,0,1,0.102433,0.436501,1
BA_bad,2905008,47,61,2.577677,0,1,0.058857,3.636101,1
BA_bad,2905008,56,61,2.708701,0,1,0.06915,2.806948,1
BA_bad,2905009,0,41,2.832122,1,0,0.1192,2.398039,1
BA_bad,2905009,0,50,2.749384,0,1,0.092266,2.489042,1
BA_bad,2905009,1,35,3.376044,0,1,0.111633,0.766273,1
BA_bad,2905009,1,52,2.739986,0,1,0.092487,2.53082,1
BA_bad,2905009,2,47,2.680222,0,1,0.077619,2.906479,1
BA_bad,2905009,3,11,4.164979,1,0,0.106013,0.218198,0
BA_bad,2905009,4,25,3.191269,1,0,0.099417,1.298517,1
BA_bad,2905009,5,55,3.82899,0,1,0.065282,0.368965,1
BA_bad,2905009,7,11,3.529027,1,0,0.13904,0.649126,1
BA_bad,2905009,7,60,2.546003,0,1,0.100331,3.545045,1
BA_bad,2905009,8,13,4.049944,0,1,0.081646,0.238946,0
BA_bad,2905009,8,30,3.667164,0,1,0.129236,0.43573,1
BA_bad,2905009,9,20,3.810937,0,1,0.100911,0.355053,1
BA_bad,2905009,10,46,3.483073,0,1,0.099292,0.646531,1
BA_bad,2905009,11,17,2.552222,0,1,0.087288,3.597828,1
BA_bad,2905009,11,27,3.0891,0,1,0.110372,1.294365,1
BA_bad,2905009,12,42,4.077947,1,0,0.111636,0.252749,0
BA_bad,2905009,14,20,3.165534,0,1,0.090886,1.17119,1
BA_bad,2905009,14,24,2.968646,1,0,0.112265,1.897044,1
BA_bad,2905009,14,44,4.141128,1,0,0.091856,0.234413,0
BA_bad,2905009,15,37,2.720984,0,1,0.110214,2.528532,1
BA_bad,2905009,15,49,4.078387,0,1,0.095479,0.220712,0
BA_bad,2905009,16,34,3.692792,0,1,0.11089,0.431435,1
BA_bad,2905009,16,57,3.391527,1,0,0.122495,0.861536,1
BA_bad,2905009,17,27,3.446865,0,1,0.129533,0.650001,1
BA_bad,2905009,17,60,3.957346,0,1,0.072103,0.288209,0
BA_bad,2905009,18,33,4.176907,1,0,0.096917,0.217437,0
BA_bad,2905009,19,26,3.182228,0,1,0.093454,1.130356,1
BA_bad,2905009,19,57,4.197439,0,1,0.089889,0.179752,0
BA_bad,2905009,21,44,3.511464,0,1,0.112643,0.597825,1
BA_bad,2905009,23,30,2.557599,0,1,0.116459,3.360912,1
BA_bad,2905009,23,61,3.983504,0,1,0.08522,0.267706,0
BA_bad,2905009,24,29,4.108306,0,1,0.088229,0.21208,0
BA_bad,2905009,28,63,3.252411,1,0,0.085542,1.194594,1
BA_bad,2905009,29,49,3.404298,0,1,0.099393,0.745941,1
BA_bad,2905009,30,39,4.009043,0,1,0.088837,0.253718,0
BA_bad,2905009,31,37,3.701275,0,1,0.10806,0.427244,1
BA_bad,2905009,31,42,2.680039,0,1,0.12624,2.638026,1
BA_bad,2905009,33,45,3.645383,0,1,0.10119,0.479487,1
BA_bad,2905009,33,62,4.179081,0,1,0.08385,0.188112,0
BA_bad,2905009,34,59,2.96773,0,1,0.067617,1.758048,1
BA_bad,2905009,40,56,4.119073,0,1,0.087689,0.208193,0
BA_bad,2905009,41,42,4.065435,0,1,0.116909,0.216491,0
BA_bad,2905009,48,54,3.645031,1,0,0.126649,0.53888,1
BA_bad,2905009,48,55,3.252258,0,1,0.092804,0.996511,1
BA_bad,2905009,49,63,3.741424,0,1,0.130199,0.379964,1
BA_bad,2905009,54,57,3.907596,1,0,0.122025,0.337427,0
BA_bad,2905010,1,16,3.956437,0,1,0.096827,0.274758,0
BA_bad,2905010,1,23,3.950901,0,1,0.082089,0.28584,0
BA_bad,2905010,2,61,3.427581,0,1,0.107923,0.702928,1
BA_bad,2905010,5,24,3.588832,0,1,0.086377,0.547391,1
BA_bad,2905010,5,44,4.079059,0,1,0.121542,0.209246,0
BA_bad,2905010,6,34,3.485488,0,1,0.104576,0.636933,1
BA_bad,2905010,9,12,3.167601,1,0,0.112191,1.321421,1
BA_bad,2905010,9,28,3.472527,0,1,0.101113,0.656652,1
BA_bad,2905010,12,29,3.271077,0,1,0.10256,0.944385,1
BA_bad,2905010,12,37,3.450526,0,1,0.129318,0.645965,1
BA_bad,2905010,13,19,3.840641,0,1,0.109341,0.330763,0
BA_bad,2905010,13,38,3.296173,0,1,0.112059,0.885282,1
BA_bad,2905010,15,29,3.295558,0,1,0.086192,0.933328,1
BA_bad,2905010,15,37,3.125033,0,1,0.1135,1.204941,1
BA_bad,2905010,17,25,3.669032,0,1,0.097785,0.462445,1
BA_bad,2905010,18,51,2.749213,0,1,0.099256,2.45525,1
BA_bad,2905010,20,22,3.024054,0,1,0.117854,1.435226,1
BA_bad,2905010,20,62,3.376683,0,1,0.076745,0.820695,1
BA_bad,2905010,21,54,2.698718,0,1,0.104737,2.661994,1
BA_bad,2905010,22,33,3.257745,0,1,0.111951,0.949552,1
BA_bad,2905010,22,63,3.614494,0,1,0.104238,0.504104,1
BA_bad,2905010,23,28,3.565913,0,1,0.085127,0.572111,1
BA_bad,2905010,23,34,2.73598,0,1,0.108324,2.469839,1
BA_bad,2905010,23,35,3.387071,1,0,0.121631,0.870046,1
BA_bad,2905010,24,44,3.833399,0,1,0.079893,0.355478,1
BA_bad,2905010,25,40,3.898845,0,1,0.092542,0.307715,0
BA_bad,2905010,26,35,3.026619,0,1,0.10338,1.470506,1
BA_bad,2905010,27,57,3.3624,0,1,0.105483,0.795241,1
BA_bad,2905010,28,34,2.860531,0,1,0.105302,1.981275,1
BA_bad,2905010,29,37,3.702631,0,1,0.09822,0.434663,1
BA_bad,2905010,30,44,3.463988,0,1,0.113107,0.651118,1
BA_bad,2905010,31,51,2.808749,0,1,0.089538,2.246599,1
BA_bad,2905010,31,58,3.267508,0,1,0.091207,0.972362,1
BA_bad,2905010,32,61,4.05503,0,1,0.107131,0.224982,0
BA_bad,2905010,35,54,3.725202,0,1,0.091816,0.422563,1
BA_bad,2905010,37,62,3.929082,0,1,0.116792,0.277465,0
BA_bad,2905010,38,54,3.69852,0,1,0.111152,0.426742,1
BA_bad,2905010,43,47,3.257479,0,1,0.115271,0.943726,1
BA_bad,2905010,45,55,3.437391,0,1,0.106549,0.692401,1
BA_bad,2905010,47,55,4.018971,0,1,0.095019,0.246117,0
BA_bad,2905010,48,60,4.09812,0,1,0.084811,0.217525,0
BA_bad,2905010,50,58,3.984231,0,1,0.11228,0.253268,0
BA_bad,2905010,51,58,3.377295,0,1,0.056648,0.853404,1
BA_bad,2905010,52,60,2.736547,0,1,0.102669,2.495358,1
BA_bad,2905010,53,57,3.590412,0,1,0.094002,0.53756,1
BA_bad,2905010,55,63,3.117568,0,1,0.09241,1.274029,1
BA_bad,2905010,56,58,3.728082,1,0,0.123195,0.466566,1
BA_bad,2905011,0,2,3.705315,0,1,0.089882,0.43982,1
BA_bad,2905011,0,54,3.784114,0,1,0.088575,0.38211,1
BA_bad,2905011,2,21,3.710373,0,1,0.104338,0.423374,1
BA_bad,2905011,3,62,3.172749,0,1,0.124957,1.079785,1
BA_bad,2905011,4,43,2.767621,0,1,0.103509,2.354325,1
BA_bad,2905011,4,50,3.391164,0,1,0.086629,0.783721,1
BA_bad,2905011,5,17,3.00731,0,1,0.058244,1.666932,1
BA_bad,2905011,5,28,3.357355,0,1,0.080668,0.843405,1
BA_bad,2905011,6,39,3.109337,0,1,0.087846,1.3051,1
BA_bad,2905011,6,63,2.613131,0,1,0.100599,3.136056,1
BA_bad,2905011,7,10,4.033693,0,1,0.098965,0.237733,0
BA_bad,2905011,7,42,2.788709,0,1,0.100051,2.28149,1
BA_bad,2905011,8,25,3.707924,0,1,0.093564,0.434527,1
BA_bad,2905011,8,36,3.315621,0,1,0.099472,0.87631,1
BA_bad,2905011,9,30,3.874659,0,1,0.10976,0.310664,0
BA_bad,2905011,9,52,3.414632,0,1,0.119666,0.702969,1
BA_bad,2905011,10,31,3.647113,0,1,0.119808,0.46051,1
BA_bad,2905011,10,49,3.590563,0,1,0.116444,0.513823,1
BA_bad,2905011,11,55,2.51788,0,1,0.093483,3.782482,1
BA_bad,2905011,11,59,2.883257,1,0,0.102519,2.259268,1
BA_bad,2905011,12,24,3.74479,0,1,0.104408,0.397637,1
BA_bad,2905011,12,35,3.395648,0,1,0.11961,0.727737,1
BA_bad,2905011,14,63,2.746047,0,1,0.09254,2.502816,1
BA_bad,2905011,15,16,2.918213,0,1,0.087097,1.850163,1
BA_bad,2905011,17,36,3.824189,0,1,0.093637,0.35168,1
BA_bad,2905011,18,32,3.44087,0,1,0.107687,0.686471,1
BA_bad,2905011,18,63,3.504299,1,0,0.079506,0.76483,1
BA_bad,2905011,21,40,3.848076,0,1,0.094367,0.336241,0
BA_bad,2905011,22,40,4.135929,1,0,0.100957,0.232371,0
BA_bad,2905011,26,33,2.617576,0,1,0.088705,3.185697,1
BA_bad,2905011,30,47,3.799756,0,1,0.100937,0.362326,1
BA_bad,2905011,30,52,4.128786,0,1,0.100961,0.19919,0
BA_bad,2905011,31,42,3.695002,0,1,0.08612,0.451529,1
BA_bad,2905011,35,37,3.763227,1,0,0.09495,0.463122,1
BA_bad,2905011,35,57,3.437532,0,1,0.111883,0.684879,1
BA_bad,2905011,42,48,3.512553,0,1,0.107506,0.602806,1
BA_bad,2905011,47,53,3.286309,0,1,0.09955,0.924135,1
BA_bad,2905011,53,60,3.416312,1,0,0.104765,0.853303,1
BA_bad,2905012,1,51,3.36235,0,1,0.103345,0.798721,1
BA_bad,2905012,2,19,2.521453,1,0,0.122475,4.191057,1
BA_bad,2905012,2,39,4.071997,0,1,0.102114,0.220348,0
BA_bad,2905012,2,53,3.129424,0,1,0.120547,1.178631,1
BA_bad,2905012,5,57,3.641604,1,0,0.111071,0.559408,1
BA_bad,2905012,6,9,3.235904,0,1,0.099206,1.013526,1
BA_bad,2905012,7,41,3.565231,1,0,0.104992,0.650601,1
BA_bad,2905012,8,21,3.561203,0,1,0.106958,0.552379,1
BA_bad,2905012,10,19,3.958009,0,1,0.104605,0.269745,0
BA_bad,2905012,10,34,3.536139,0,1,0.114519,0.569458,1
BA_bad,2905012,11,17,3.270348,1,0,0.093753,1.13743,1
BA_bad,2905012,11,46,3.645777,0,1,0.081907,0.497983,1
BA_bad,2905012,12,19,3.154951,0,1,0.084929,1.208254,1
BA_bad,2905012,13,46,3.365662,1,0,0.124812,0.898844,1
BA_bad,2905012,14,34,3.599003,0,1,0.074465,0.550316,1
BA_bad,2905012,14,53,4.108203,0,1,0.082263,0.214665,0
BA_bad,2905012,15,38,3.913506,0,1,0.109473,0.289645,0
BA_bad,2905012,17,31,3.821689,1,0,0.070841,0.43699,1
BA_bad,2905012,17,38,3.593381,0,1,0.117902,0.50971,1
BA_bad,2905012,17,50,3.643274,1,0,0.109412,0.559566,1
BA_bad,2905012,18,23,2.605259,0,1,0.113961,3.097368,1
BA_bad,2905012,19,24,4.188734,0,1,0.0943,0.181016,0
BA_bad,2905012,19,34,3.568348,0,1,0.115616,0.53589,1
BA_bad,2905012,23,55,3.95931,0,1,0.105402,0.268679,0
BA_bad,2905012,24,52,3.721873,0,1,0.121509,0.400617,1
BA_bad,2905012,24,57,3.997505,0,1,0.08909,0.258966,0
BA_bad,2905012,25,45,2.716156,0,1,0.094212,2.633781,1
BA_bad,2905012,26,40,2.607569,0,1,0.082585,3.284146,1
BA_bad,2905012,28,50,4.161109,0,1,0.086022,0.193518,0
BA_bad,2905012,29,32,2.632256,1,0,0.083227,3.70614,1
BA_bad,2905012,32,54,3.642147,0,1,0.110639,0.473287,1
BA_bad,2905012,37,60,2.901254,0,1,0.085253,1.91515,1
BA_bad,2905012,38,50,2.881012,0,1,0.095667,1.945992,1
BA_bad,2905012,39,56,3.977302,0,1,0.079748,0.273722,0
BA_bad,2905012,42,53,4.032151,1,0,0.108713,0.276306,0
BA_bad,2905012,47,63,2.65703,0,1,0.117895,2.797022,1
BA_bad,2905012,55,62,2.970718,0,1,0.091229,1.667867,1
BA_bad,2905013,0,9,3.621719,0,1,0.093245,0.508585,1
BA_bad,2905013,0,19,3.147408,0,1,0.134324,1.109713,1
BA_bad,2905013,0,42,3.490565,0,1,0.109757,0.624575,1
BA_bad,2905013,1,39,4.196938,0,1,0.081042,0.183128,0
BA_bad,2905013,1,43,3.557819,0,1,0.105425,0.557494,1
BA_bad,2905013,4,7,3.819608,0,1,0.089934,0.357257,1
BA_bad,2905013,5,56,2.732488,0,1,0.066754,2.701055,1
BA_bad,2905013,7,40,3.803839,0,1,0.111452,0.352162,1
BA_bad,2905013,8,41,2.740429,0,1,0.099713,2.492495,1
BA_bad,2905013,8,55,3.584137,1,0,0.101435,0.633105,1
BA_bad,2905013,8,57,3.050096,0,1,0.094128,1.435374,1
BA_bad,2905013,10,13,3.198927,0,1,0.082392,1.121083,1
BA_bad,2905013,10,22,3.975994,0,1,0.117575,0.254382,0
BA_bad,2905013,10,36,3.342987,0,1,0.108133,0.819456,1
BA_bad,2905013,12,14,2.994449,0,1,0.081159,1.629935,1
BA_bad,2905013,14,45,3.987743,0,1,0.08673,0.26485,0
BA_bad,2905013,15,20,3.963351,0,1,0.092951,0.273437,0
BA_bad,2905013,15,28,3.792185,0,1,0.09206,0.373928,1
BA_bad,2905013,16,31,4.071916,1,0,0.074561,0.275204,0
BA_bad,2905013,16,57,3.072959,0,1,0.101982,1.355471,1
BA_bad,2905013,17,22,3.042225,0,1,0.09686,1.448129,1
BA_bad,2905013,17,50,3.040316,0,1,0.083653,1.49206,1
BA_bad,2905013,19,33,3.012712,1,0,0.077563,1.876824,1
BA_bad,2905013,20,37,2.96325,0,1,0.103893,1.648386,1
BA_bad,2905013,21,32,3.924561,0,1,0.090551,0.29483,0
BA_bad,2905013,22,46,3.818096,0,1,0.091607,0.357044,1
BA_bad,2905013,22,50,3.640861,0,1,0.101342,0.483298,1
BA_bad,2905013,23,48,2.704943,0,1,0.080869,2.760727,1
BA_bad,2905013,23,52,2.779666,0,1,0.112415,2.262662,1
BA_bad,2905013,23,61,3.384558,0,1,0.091202,0.78597,1
BA_bad,2905013,24,44,4.038414,0,1,0.110874,0.230154,0
BA_bad,2905013,24,56,3.235841,0,1,0.144084,0.926626,1
BA_bad,2905013,25,58,2.954646,0,1,0.116817,1.631649,1
BA_bad,2905013,26,61,3.673612,0,1,0.091399,0.464506,1
BA_bad,2905013,27,47,3.576281,0,1,0.096628,0.54866,1
BA_bad,2905013,29,33,3.752926,0,1,0.093712,0.400271,1
BA_bad,2905013,31,58,4.12515,0,1,0.089188,0.205289,0
BA_bad,2905013,33,51,3.489105,0,1,0.087326,0.654968,1
BA_bad,2905013,34,42,3.939699,0,1,0.099892,0.281517,0
BA_bad,2905013,35,45,4.170164,0,1,0.101346,0.184612,0
BA_bad,2905013,36,43,3.570651,1,0,0.094666,0.657665,1
BA_bad,2905013,37,47,4.040806,0,1,0.122604,0.223842,0
BA_bad,2905013,38,40,2.570349,0,1,0.106554,3.349599,1
BA_bad,2905013,38,62,3.023746,0,1,0.114214,1.446523,1
BA_bad,2905013,40,59,3.811642,0,1,0.101177,0.35441,1
BA_bad,2905013,41,55,4.178472,0,1,0.090172,0.185954,0
BA_bad,2905013,44,55,4.048091,0,1,0.103752,0.229384,0
BA_bad,2905013,46,63,3.866552,0,1,0.122572,0.307301,0
BA_bad,2905013,51,54,3.925912,0,1,0.094044,0.292059,0
BA_bad,2905014,1,26,3.752029,0,1,0.075994,0.415385,1
BA_bad,2905014,1,48,3.773322,0,1,0.119037,0.366649,1
BA_bad,2905014,2,46,3.122861,0,1,0.118058,1.198734,1
BA_bad,2905014,2,50,4.00331,0,1,0.112948,0.244307,0
BA_bad,2905014,2,55,4.122414,1,0,0.098751,0.239205,0
BA_bad,2905014,2,59,2.776892,0,1,0.106169,2.302691,1
BA_bad,2905014,3,12,4.112272,0,1,0.075562,0.215958,0
BA_bad,2905014,4,6,2.801974,0,1,0.138372,2.062807,1
BA_bad,2905014,5,25,3.986785,1,0,0.107394,0.300856,0
BA_bad,2905014,5,55,3.84656,1,0,0.118529,0.379676,1
BA_bad,2905014,6,26,4.102185,0,1,0.105822,0.207038,0
BA_bad,2905014,6,27,3.229811,0,1,0.075707,1.074132,1
BA_bad,2905014,7,50,3.646615,1,0,0.103556,0.562729,1
BA_bad,2905014,8,28,4.063909,0,1,0.070041,0.238426,0
BA_bad,2905014,10,25,3.8186,0,1,0.097315,0.352668,1
BA_bad,2905014,12,30,4.004911,0,1,0.109002,0.245527,0
BA_bad,2905014,14,53,2.871039,0,1,0.083997,2.028396,1
BA_bad,2905014,15,31,3.862222,0,1,0.093847,0.328045,0
BA_bad,2905014,15,38,2.918477,0,1,0.085536,1.855058,1
BA_bad,2905014,15,49,2.57168,0,1,0.128735,3.196504,1
BA_bad,2905014,16,17,2.611741,0,1,0.066571,3.365405,1
BA_bad,2905014,18,23,3.333831,0,1,0.096637,0.852592,1
BA_bad,2905014,18,24,3.894072,0,1,0.080474,0.31798,0
BA_bad,2905014,18,51,3.78345,1,0,0.112212,0.431253,1
BA_bad,2905014,19,44,3.75728,1,0,0.088979,0.47378,1
BA_bad,2905014,20,39,3.893251,0,1,0.082434,0.317208,0
BA_bad,2905014,20,42,4.143915,0,1,0.079276,0.202375,0
BA_bad,2905014,20,55,3.443863,0,1,0.11415,0.673976,1
BA_bad,2905014,21,35,2.866835,0,1,0.076074,2.076605,1
BA_bad,2905014,22,35,3.419234,1,0,0.112588,0.835604,1
BA_bad,2905014,22,42,3.20605,0,1,0.077177,1.118259,1
BA_bad,2905014,23,24,2.883157,0,1,0.111722,1.877165,1
BA_bad,2905014,23,59,3.262223,0,1,0.111692,0.94234,1
BA_bad,2905014,24,28,3.48293,0,1,0.097453,0.649083,1
BA_bad,2905014,24,51,2.924853,0,1,0.104959,1.763811,1
BA_bad,2905014,26,27,3.818221,1,0,0.121585,0.397315,1
BA_bad,2905014,26,40,3.074807,0,1,0.101775,1.351483,1
BA_bad,2905014,26,48,3.472426,0,1,0.103685,0.653403,1
BA_bad,2905014,27,31,3.734568,0,1,0.090599,0.41644,1
BA_bad,2905014,28,33,4.047412,0,1,0.093575,0.23439,0
BA_bad,2905014,29,32,3.456891,0,1,0.103408,0.672493,1
BA_bad,2905014,38,49,3.678236,0,1,0.066644,0.483996,1
BA_bad,2905014,39,56,2.85131,0,1,0.109723,1.997036,1
BA_bad,2905014,40,41,3.658779,0,1,0.075739,0.492385,1
BA_bad,2905014,42,61,2.869675,0,1,0.097554,1.979036,1
BA_bad,2905014,46,50,3.952379,0,1,0.08193,0.285163,0
BA_bad,2905014,46,54,2.879072,1,0,0.099714,2.289332,1
BA_bad,2905014,50,62,3.439799,0,1,0.112094,0.681774,1
BA_bad,2905014,51,52,2.635349,0,1,0.110079,2.955324,1
BA_bad,2905015,0,36,3.769788,0,1,0.100473,0.382971,1
BA_bad,2905015,1,7,2.714111,0,1,0.114843,2.536733,1
BA_bad,2905015,2,12,3.719328,0,1,0.112216,0.410025,1
BA_bad,2905015,2,29,2.633896,1,0,0.148795,3.240964,1
BA_bad,2905015,4,10,3.988078,0,1,0.09657,0.259531,0
BA_bad,2905015,4,38,3.758733,0,1,0.080449,0.406712,1
BA_bad,2905015,5,20,4.099085,0,1,0.09003,0.214889,0
BA_bad,2905015,5,24,4.134297,0,1,0.112631,0.192655,0
BA_bad,2905015,5,58,3.981273,0,1,0.123906,0.248782,0
BA_bad,2905015,5,59,3.441698,0,1,0.088989,0.711556,1
BA_bad,2905015,6,21,3.479646,0,1,0.087514,0.666079,1
BA_bad,2905015,7,17,2.667126,0,1,0.106749,2.808056,1
BA_bad,2905015,8,45,3.232414,1,0,0.095561,1.214249,1
BA_bad,2905015,9,19,3.318354,0,1,0.084632,0.898233,1
BA_bad,2905015,11,50,3.322534,0,1,0.098771,0.866579,1
BA_bad,2905015,12,29,3.34538,0,1,0.104902,0.821187,1
BA_bad,2905015,12,35,2.67712,0,1,0.082504,2.894497,1
BA_bad,2905015,14,59,3.297752,0,1,0.068433,0.963226,1
BA_bad,2905015,17,31,3.503653,0,1,0.116025,0.602288,1
BA_bad,2905015,18,23,3.772188,0,1,0.112018,0.3726,1
BA_bad,2905015,20,40,4.041042,0,1,0.123143,0.223504,0
BA_bad,2905015,23,37,3.681608,0,1,0.108656,0.442271,1
BA_bad,2905015,24,26,3.051677,0,1,0.095188,1.428222,1
BA_bad,2905015,24,58,3.29404,1,0,0.09474,1.087326,1
BA_bad,2905015,26,43,3.720535,0,1,0.110846,0.410248,1
BA_bad,2905015,27,37,3.222089,0,1,0.088469,1.061868,1
BA_bad,2905015,29,33,3.848256,0,1,0.100323,0.332151,0
BA_bad,2905015,29,63,3.944379,0,1,0.10482,0.276394,0
BA_bad,2905015,32,34,4.011067,0,1,0.092984,0.250698,0
BA_bad,2905015,32,42,3.433119,0,1,0.099584,0.707589,1
BA_bad,2905015,33,52,3.502214,0,1,0.108766,0.612697,1
BA_bad,2905015,33,60,3.233016,0,1,0.105441,1.006236,1
BA_bad,2905015,33,61,3.774771,0,1,0.09496,0.383725,1
BA_bad,2905015,34,63,3.427028,0,1,0.108215,0.703224,1
BA_bad,2905015,37,46,2.683979,0,1,0.101116,2.75417,1
BA_bad,2905015,38,40,3.415718,0,1,0.100576,0.728886,1
BA_bad,2905015,39,48,2.812571,1,0,0.072321,2.729059,1
BA_bad,2905015,40,49,2.911128,0,1,0.111525,1.784792,1
BA_bad,2905015,43,56,4.123815,0,1,0.102573,0.200351,0
BA_bad,2905015,44,59,3.186494,0,1,0.104967,1.096092,1
BA_bad,2905015,48,53,4.032018,0,1,0.106884,0.234711,0
BA_bad,2905015,48,54,3.224217,0,1,0.081289,1.073065,1
BA_bad,2905015,52,53,3.582754,0,1,0.089943,0.54954,1
BA_bad,2905015,52,61,3.457405,0,1,0.089788,0.690419,1
BA_bad,2905016,0,42,3.055688,0,1,0.105673,1.388421,1
BA_bad,2905016,0,56,4.165308,1,0,0.072358,0.233251,0
BA_bad,2905016,0,57,3.819904,0,1,0.107395,0.34481,0
BA_bad,2905016,1,10,3.487717,0,1,0.107482,0.630679,1
BA_bad,2905016,1,59,3.532211,0,1,0.111598,0.5769,1
BA_bad,2905016,2,54,2.775984,0,1,0.06949,2.482054,1
BA_bad,2905016,2,63,3.045999,0,1,0.123392,1.363896,1
BA_bad,2905016,3,51,2.791678,0,1,0.070731,2.406248,1
BA_bad,2905016,3,54,4.150956,1,0,0.077838,0.236808,0
BA_bad,2905016,3,63,3.008202,0,1,0.134048,1.430116,1
BA_bad,2905016,8,12,3.422621,0,1,0.124632,0.685984,1
BA_bad,2905016,8,18,3.641785,0,1,0.085712,0.497808,1
BA_bad,2905016,10,22,2.671321,0,1,0.106861,2.786096,1
BA_bad,2905016,10,59,4.108962,0,1,0.090004,0.211076,0
BA_bad,2905016,12,26,2.786858,0,1,0.110711,2.240892,1
BA_bad,2905016,12,48,2.923847,1,0,0.085832,2.169758,1
BA_bad,2905016,12,61,4.126788,0,1,0.116166,0.193927,0
BA_bad,2905016,15,16,3.987257,0,1,0.11652,0.249752,0
BA_bad,2905016,16,42,3.569958,0,1,0.090234,0.562148,1
BA_bad,2905016,17,52,3.429624,0,1,0.098715,0.713338,1
BA_bad,2905016,19,31,2.83781,0,1,0.111376,2.039905,1
BA_bad,2905016,21,44,3.366556,0,1,0.110285,0.78171,1
BA_bad,2905016,21,47,2.678128,0,1,0.084492,2.877727,1
BA_bad,2905016,23,33,4.166569,0,1,0.087265,0.191131,0
BA_bad,2905016,26,33,3.851219,0,1,0.106015,0.326627,0
BA_bad,2905016,27,47,3.616636,0,1,0.093041,0.513516,1
BA_bad,2905016,30,37,2.738808,0,1,0.093253,2.532363,1
BA_bad,2905016,30,56,3.065372,0,1,0.103644,1.369737,1
BA_bad,2905016,31,33,3.398351,0,1,0.123169,0.719034,1
BA_bad,2905016,32,43,2.933145,0,1,0.088513,1.795517,1
BA_bad,2905016,32,60,3.674993,0,1,0.090786,0.463909,1
BA_bad,2905016,34,49,3.429804,0,1,0.101019,0.709827,1
BA_bad,2905016,34,63,3.521768,0,1,0.079049,0.627506,1
BA_bad,2905016,35,38,3.736477,0,1,0.091533,0.414224,1
BA_bad,2905016,35,44,2.85879,0,1,0.138062,1.861505,1
BA_bad,2905016,37,38,2.864223,0,1,0.060968,2.15049,1
BA_bad,2905016,37,56,3.345425,0,1,0.075627,0.870633,1
BA_bad,2905016,37,57,3.672926,0,1,0.095629,0.461167,1
BA_bad,2905016,40,53,3.643699,0,1,0.090513,0.491338,1
BA_bad,2905016,40,60,4.062306,1,0,0.103875,0.264108,0
BA_bad,2905016,46,50,3.815472,1,0,0.095689,0.420532,1
BA_bad,2905016,48,61,2.646787,1,0,0.107245,3.44022,1
BA_bad,2905016,54,63,2.629521,0,1,0.097665,3.061892,1
BA_bad,2905016,56,59,3.071928,0,1,0.100618,1.361722,1
BA_bad,2905016,57,58,2.831185,0,1,0.083939,2.181085,1
BA_bad,2905017,1,62,3.393781,0,1,0.115583,0.736117,1
BA_bad,2905017,2,43,2.553926,0,1,0.106928,3.448548,1
BA_bad,2905017,4,45,3.926695,0,1,0.095065,0.291049,0
BA_bad,2905017,5,11,3.008208,0,1,0.104308,1.517744,1
BA_bad,2905017,6,59,2.967193,1,0,0.094698,1.970076,1
BA_bad,2905017,8,39,3.991836,0,1,0.084103,0.264271,0
BA_bad,2905017,8,48,3.08712,0,1,0.086811,1.361713,1
BA_bad,2905017,9,42,4.135849,0,1,0.09034,0.20087,0
BA_bad,2905017,9,46,3.657054,0,1,0.113908,0.457629,1
BA_bad,2905017,10,18,3.411565,0,1,0.109151,0.721923,1
BA_bad,2905017,10,39,3.029537,0,1,0.087753,1.509164,1
BA_bad,2905017,11,13,2.939549,0,1,0.106628,1.711584,1
BA_bad,2905017,11,28,4.107985,0,1,0.111078,0.202724,0
BA_bad,2905017,11,51,3.440965,1,0,0.079165,0.85876,1
BA_bad,2905017,13,28,3.008039,0,1,0.086906,1.571982,1
BA_bad,2905017,13,36,3.065225,0,1,0.114309,1.341189,1
BA_bad,2905017,14,53,3.936307,0,1,0.093321,0.287006,0
BA_bad,2905017,16,21,3.426847,1,0,0.082742,0.874808,1
BA_bad,2905017,17,61,4.111541,0,1,0.116126,0.199394,0
BA_bad,2905017,18,55,3.9702,1,0,0.107499,0.310001,0
BA_bad,2905017,27,43,3.886723,0,1,0.09116,0.315442,0
BA_bad,2905017,29,36,3.898561,0,1,0.129512,0.28593,0
BA_bad,2905017,29,52,3.79948,0,1,0.121824,0.347676,0
BA_bad,2905017,29,54,4.147007,0,1,0.097349,0.194096,0
BA_bad,2905017,30,42,2.699441,0,1,0.096089,2.704883,1
BA_bad,2905017,31,52,4.072708,0,1,0.095243,0.223108,0
BA_bad,2905017,34,58,3.6393,1,0,0.08671,0.589804,1
BA_bad,2905017,36,56,4.08652,0,1,0.102351,0.214504,0
BA_bad,2905017,38,46,3.686734,0,1,0.083647,0.460641,1
BA_bad,2905017,38,49,2.653768,0,1,0.100467,2.913466,1
BA_bad,2905017,39,55,3.634563,1,0,0.108288,0.569778,1
BA_bad,2905017,40,43,3.276829,0,1,0.10005,0.939261,1
BA_bad,2905017,40,48,3.350866,0,1,0.094796,0.829638,1
BA_bad,2905017,43,47,3.707478,0,1,0.082747,0.44439,1
BA_bad,2905017,44,49,3.798172,0,1,0.124077,0.346937,0
BA_bad,2905017,60,61,3.542229,0,1,0.093594,0.587257,1
BA_bad,2905018,1,57,3.386691,0,1,0.094833,0.777264,1
BA_bad,2905018,2,48,2.896315,0,1,0.108805,1.843513,1
BA_bad,2905018,3,61,3.957822,0,1,0.088031,0.278931,0
BA_bad,2905018,4,6,2.722463,0,1,0.095427,2.597433,1
BA_bad,2905018,4,7,4.004356,0,1,0.088091,0.256271,0
BA_bad,2905018,4,53,3.001139,0,1,0.106854,1.529569,1
BA_bad,2905018,4,55,4.167216,0,1,0.105985,0.18389,0
BA_bad,2905018,5,54,3.256717,0,1,0.100321,0.973716,1
BA_bad,2905018,7,53,3.617855,0,1,0.089908,0.5156,1
BA_bad,2905018,7,63,3.165456,1,0,0.08284,1.406791,1
BA_bad,2905018,8,24,4.022412,0,1,0.081205,0.251433,0
BA_bad,2905018,8,63,3.044536,0,1,0.110519,1.403196,1
BA_bad,2905018,9,20,3.246591,0,1,0.107759,0.977163,1
BA_bad,2905018,9,40,3.376045,1,0,0.099442,0.927944,1
BA_bad,2905018,10,28,4.193116,0,1,0.092668,0.180167,0
BA_bad,2905018,10,35,3.362258,0,1,0.095304,0.811806,1
BA_bad,2905018,11,14,3.92773,0,1,0.103448,0.285671,0
BA_bad,2905018,11,26,2.777721,0,1,0.102517,2.316075,1
BA_bad,2905018,13,16,2.752796,1,0,0.103684,2.857397,1
BA_bad,2905018,16,42,3.328218,1,0,0.129253,0.953661,1
BA_bad,2905018,16,54,3.587642,1,0,0.110956,0.617218,1
BA_bad,2905018,17,49,3.151607,0,1,0.088185,1.207734,1
BA_bad,2905018,18,36,3.653575,0,1,0.117154,0.457554,1
BA_bad,2905018,18,56,3.792,0,1,0.073914,0.387878,1
BA_bad,2905018,18,61,3.318517,0,1,0.121025,0.83493,1
BA_bad,2905018,19,55,3.751579,0,1,0.118991,0.381469,1
BA_bad,2905018,21,29,4.069074,0,1,0.100964,0.222032,0
BA_bad,2905018,22,25,4.114383,0,1,0.087538,0.210039,0
BA_bad,2905018,22,57,3.422634,0,1,0.097889,0.723656,1
BA_bad,2905018,23,54,4.104475,0,1,0.09105,0.21236,0
BA_bad,2905018,24,37,2.535803,0,1,0.079768,3.763027,1
BA_bad,2905018,24,44,2.618559,0,1,0.108536,3.056354,1
BA_bad,2905018,24,63,3.950321,0,1,0.095946,0.27832,0
BA_bad,2905018,25,31,4.155372,0,1,0.078259,0.198607,0
BA_bad,2905018,26,49,2.903642,0,1,0.120528,1.776962,1
BA_bad,2905018,27,29,4.088477,1,0,0.099109,0.254247,0
BA_bad,2905018,27,53,3.20991,0,1,0.096678,1.067966,1
BA_bad,2905018,30,31,2.513365,1,0,0.118243,4.289302,1
BA_bad,2905018,32,35,2.97113,0,1,0.054941,1.792073,1
BA_bad,2905018,32,62,2.663376,0,1,0.083791,2.960114,1
BA_bad,2905018,33,58,3.103892,0,1,0.119998,1.235992,1
BA_bad,2905018,37,58,3.554421,0,1,0.078077,0.592486,1
BA_bad,2905018,39,56,3.554744,0,1,0.099043,0.567822,1
BA_bad,2905018,42,54,4.151473,1,0,0.089183,0.231278,0
BA_bad,2905018,43,60,3.509633,0,1,0.107689,0.605792,1
BA_bad,2905018,51,52,2.94943,1,0,0.123003,1.922754,1
BA_bad,2905019,0,24,3.346286,0,1,0.087621,0.848666,1
BA_bad,2905019,1,49,2.987705,1,0,0.114577,1.82398,1
BA_bad,2905019,1,50,2.995925,0,1,0.11297,1.525365,1
BA_bad,2905019,1,61,3.675537,0,1,0.108453,0.447361,1
BA_bad,2905019,2,27,3.696731,0,1,0.112566,0.426924,1
BA_bad,2905019,2,57,3.938878,1,0,0.097236,0.334973,0
BA_bad,2905019,2,62,4.031542,0,1,0.095172,0.240482,0
BA_bad,2905019,3,38,3.751941,0,1,0.09883,0.396904,1
BA_bad,2905019,3,55,3.532917,0,1,0.121604,0.564744,1
BA_bad,2905019,4,27,3.98305,0,1,0.095681,0.26238,0
BA_bad,2905019,6,60,2.697069,0,1,0.101316,2.688316,1
BA_bad,2905019,7,45,2.532819,0,1,0.101903,3.619653,1
BA_bad,2905019,8,13,3.341841,0,1,0.115536,0.809097,1
BA_bad,2905019,9,29,3.050688,0,1,0.099078,1.419704,1
BA_bad,2905019,10,45,2.580633,0,1,0.096436,3.354754,1
BA_bad,2905019,11,27,3.904574,0,1,0.123331,0.28634,0
BA_bad,2905019,11,28,3.690735,0,1,0.089836,0.451677,1
BA_bad,2905019,11,37,3.772997,0,1,0.097282,0.383181,1
BA_bad,2905019,12,14,3.344723,1,0,0.112924,0.956189,1
BA_bad,2905019,12,36,3.322302,0,1,0.106007,0.854487,1
BA_bad,2905019,12,56,2.676094,0,1,0.115061,2.717094,1
BA_bad,2905019,13,46,4.117841,0,1,0.102348,0.202631,0
BA_bad,2905019,14,53,3.427114,0,1,0.089199,0.73037,1
BA_bad,2905019,15,21,2.770172,0,1,0.112928,2.299696,1
BA_bad,2905019,16,54,3.551465,1,0,0.105089,0.666962,1
BA_bad,2905019,17,18,4.180005,1,0,0.090167,0.219154,0
BA_bad,2905019,19,51,4.123152,0,1,0.086457,0.207164,0
BA_bad,2905019,20,25,3.005758,0,1,0.06884,1.63659,1
BA_bad,2905019,20,43,4.005754,0,1,0.125617,0.237138,0
BA_bad,2905019,21,30,3.626353,1,0,0.076767,0.615981,1
BA_bad,2905019,22,58,3.588862,1,0,0.112545,0.613896,1
BA_bad,2905019,23,37,3.456971,0,1,0.10226,0.673942,1
BA_bad,2905019,26,36,2.962005,1,0,0.108199,1.935767,1
BA_bad,2905019,29,39,3.989318,0,1,0.101365,0.256475,0
BA_bad,2905019,34,41,4.126129,0,1,0.098916,0.200975,0
BA_bad,2905019,35,61,3.300321,1,0,0.079459,1.10834,1
BA_bad,2905019,36,41,4.147234,0,1,0.1038,0.191529,0
BA_bad,2905019,36,62,4.141304,0,1,0.095034,0.197029,0
BA_bad,2905019,37,56,3.627547,0,1,0.073997,0.522974,1
BA_bad,2905019,38,55,2.892994,0,1,0.08829,1.932357,1
BA_bad,2905019,40,42,2.6907,0,1,0.126686,2.585079,1
BA_bad,2905019,45,47,3.853999,1,0,0.089394,0.39705,1
BA_bad,2905019,48,57,4.10855,0,1,0.125848,0.196621,0
BA_bad,2905019,49,61,2.8241,0,1,0.076038,2.244555,1
BA_bad,2905020,0,6,2.945817,0,1,0.089581,1.750878,1
BA_bad,2905020,0,14,2.825559,0,1,0.102751,2.122147,1
BA_bad,2905020,0,54,3.438929,0,1,0.115859,0.67773,1
BA_bad,2905020,1,28,3.76859,0,1,0.096733,0.386687,1
BA_bad,2905020,1,43,3.159506,0,1,0.095241,1.173829,1
BA_bad,2905020,2,30,3.14516,0,1,0.082185,1.236727,1
BA_bad,2905020,2,56,3.682445,0,1,0.097524,0.451539,1
BA_bad,2905020,3,27,4.013795,0,1,0.109617,0.241295,0
BA_bad,2905020,3,43,4.155062,0,1,0.086221,0.195579,0
BA_bad,2905020,4,12,2.918129,0,1,0.095107,1.821039,1
BA_bad,2905020,5,20,3.725302,0,1,0.111564,0.406125,1
BA_bad,2905020,5,27,3.976697,0,1,0.101296,0.262464,0
BA_bad,2905020,5,36,3.407609,0,1,0.086883,0.760249,1
BA_bad,2905020,5,56,3.444703,0,1,0.102503,0.688809,1
BA_bad,2905020,6,54,2.636988,0,1,0.08885,3.07433,1
BA_bad,2905020,8,53,2.961292,0,1,0.096419,1.679177,1
BA_bad,2905020,8,57,3.992165,0,1,0.117297,0.247148,0
BA_bad,2905020,9,33,3.656717,0,1,0.092129,0.478297,1
BA_bad,2905020,9,42,4.085237,0,1,0.106665,0.213158,0
BA_bad,2905020,9,43,3.324943,0,1,0.11204,0.840196,1
BA_bad,2905020,11,25,3.573126,0,1,0.105372,0.542251,1
BA_bad,2905020,11,30,3.76652,0,1,0.120694,0.369984,1
BA_bad,2905020,12,60,3.765443,0,1,0.116963,0.373485,1
BA_bad,2905020,13,24,3.271081,1,0,0.103079,1.114925,1
BA_bad,2905020,13,28,3.561581,0,1,0.100704,0.558947,1
BA_bad,2905020,15,31,3.611138,0,1,0.086252,0.525766,1
BA_bad,2905020,15,37,2.780528,0,1,0.083684,2.392734,1
BA_bad,2905020,16,17,2.678468,0,1,0.11218,2.721021,1
BA_bad,2905020,16,33,2.595309,0,1,0.097919,3.25675,1
BA_bad,2905020,17,36,3.953906,0,1,0.119494,0.263791,0
BA_bad,2905020,18,24,3.152769,0,1,0.085812,1.210919,1
BA_bad,2905020,20,39,3.540034,0,1,0.121661,0.55742,1
BA_bad,2905020,21,28,3.640554,0,1,0.099822,0.485041,1
BA_bad,2905020,23,32,3.800328,0,1,0.117636,0.35006,1
BA_bad,2905020,23,41,3.63452,0,1,0.08821,0.501914,1
BA_bad,2905020,24,46,3.493554,0,1,0.134459,0.591245,1
BA_bad,2905020,25,40,3.89255,0,1,0.104312,0.304015,0
BA_bad,2905020,27,59,4.071624,1,0,0.091066,0.26641,0
BA_bad,2905020,29,58,2.511927,0,1,0.122685,3.606728,1
BA_bad,2905020,30,53,3.108875,1,0,0.092272,1.530081,1
BA_bad,2905020,30,56,2.764052,0,1,0.059937,2.58542,1
BA_bad,2905020,30,63,3.39591,0,1,0.103437,0.751303,1
BA_bad,2905020,31,37,2.981344,1,0,0.121024,1.821558,1
BA_bad,2905020,42,56,3.265241,0,1,0.109496,0.94131,1
BA_bad,2905020,46,51,4.173119,0,1,0.100356,0.183987,0
BA_bad,2905020,46,61,3.785401,0,1,0.099294,0.373131,1
BA_bad,2905020,48,49,2.56906,0,1,0.0947,3.43801,1
BA_bad,2905020,52,60,4.143024,0,1,0.060929,0.210279,0
BA_bad,2905020,53,57,3.031503,0,1,0.082111,1.520843,1
BA_bad,2905020,53,63,3.934978,0,1,0.095628,0.286376,0
BA_bad,2905020,55,58,3.969998,0,1,0.101269,0.265695,0
BA_bad,2905021,1,2,2.760771,0,1,0.074954,2.523934,1
BA_bad,2905021,2,48,2.739215,0,1,0.12167,2.390681,1
BA_bad,2905021,4,25,2.741942,0,1,0.101527,2.476648,1
BA_bad,2905021,4,28,2.970202,0,1,0.110145,1.607456,1
BA_bad,2905021,5,7,4.187676,0,1,0.098648,0.179794,0
BA_bad,2905021,5,57,2.907498,0,1,0.105224,1.819391,1
BA_bad,2905021,6,39,3.537641,0,1,0.085314,0.602064,1
BA_bad,2905021,6,48,3.419298,0,1,0.124466,0.69037,1
BA_bad,2905021,7,60,4.127233,0,1,0.104272,0.198435,0
BA_bad,2905021,7,63,3.116535,0,1,0.097524,1.263434,1
BA_bad,2905021,8,38,4.198425,0,1,0.102869,0.174832,0
BA_bad,2905021,8,44,2.779925,0,1,0.108267,2.280439,1
BA_bad,2905021,9,17,3.561409,0,1,0.076729,0.586585,1
BA_bad,2905021,9,35,4.083878,0,1,0.131647,0.203271,0
BA_bad,2905021,9,55,3.833374,0,1,0.109012,0.335383,0
BA_bad,2905021,11,41,4.096878,0,1,0.098931,0.211947,0
BA_bad,2905021,11,57,3.450242,0,1,0.108918,0.673213,1
BA_bad,2905021,12,24,3.254679,0,1,0.096624,0.984583,1
BA_bad,2905021,12,30,2.971379,0,1,0.105131,1.620186,1
BA_bad,2905021,12,37,3.862635,0,1,0.091478,0.329355,0
BA_bad,2905021,12,40,3.968488,0,1,0.106935,0.263424,0
BA_bad,2905021,12,42,3.603758,0,1,0.089269,0.529663,1
BA_bad,2905021,13,25,4.151097,0,1,0.124962,0.182307,0
BA_bad,2905021,14,23,3.39201,0,1,0.111062,0.745199,1
BA_bad,2905021,14,26,3.81342,0,1,0.096625,0.356497,1
BA_bad,2905021,14,36,3.81465,0,1,0.097891,0.3548,1
BA_bad,2905021,15,59,3.893085,0,1,0.122856,0.292662,0
BA_bad,2905021,18,54,3.993659,0,1,0.09587,0.25727,0
BA_bad,2905021,19,41,2.806041,1,0,0.082831,2.704209,1
BA_bad,2905021,20,24,3.13966,1,0,0.126443,1.351217,1
BA_bad,2905021,20,55,4.185915,1,0,0.081618,0.220551,0
BA_bad,2905021,21,35,3.194154,1,0,0.079754,1.343535,1
BA_bad,2905021,22,62,3.660842,0,1,0.095521,0.471513,1
BA_bad,2905021,24,42,3.565902,0,1,0.111801,0.5424,1
BA_bad,2905021,24,51,3.61257,0,1,0.1154,0.494702,1
BA_bad,2905021,28,47,3.304964,0,1,0.109491,0.875731,1
BA_bad,2905021,29,41,3.577029,0,1,0.080227,0.566185,1
BA_bad,2905021,30,40,3.538362,1,0,0.099889,0.690183,1
BA_bad,2905021,31,43,3.960616,0,1,0.074354,0.285213,0
BA_bad,2905021,32,46,4.157306,0,1,0.082009,0.196431,0
BA_bad,2905021,34,52,3.004044,1,0,0.106394,1.799806,1
BA_bad,2905021,36,42,3.520237,0,1,0.083457,0.623732,1
BA_bad,2905021,38,54,2.748615,0,1,0.103282,2.438213,1
BA_bad,2905021,39,61,3.988059,0,1,0.108613,0.253363,0
BA_bad,2905021,40,50,2.970654,0,1,0.071841,1.734014,1
BA_bad,2905021,40,54,4.089217,0,1,0.085141,0.220929,0
BA_bad,2905021,41,51,2.600416,0,1,0.127829,3.039292,1
BA_bad,2905021,52,59,2.514969,0,1,0.089347,3.834143,1
BA_bad,2905021,56,62,3.249504,0,1,0.080939,1.025564,1
BA_bad,2905022,1,2,3.374516,0,1,0.087626,0.806199,1
BA_bad,2905022,1,10,4.1152,0,1,0.12148,0.195963,0
BA_bad,2905022,1,59,4.160025,1,0,0.076787,0.233426,0
BA_bad,2905022,2,59,3.293926,0,1,0.102509,0.906047,1
BA_bad,2905022,4,32,3.132534,0,1,0.086908,1.253548,1
BA_bad,2905022,4,53,2.518155,0,1,0.087878,3.823208,1
BA_bad,2905022,5,16,3.802743,0,1,0.086537,0.370893,1
BA_bad,2905022,5,53,3.158408,0,1,0.112731,1.135745,1
BA_bad,2905022,8,50,2.559366,1,0,0.08882,4.184263,1
BA_bad,2905022,8,60,3.405295,1,0,0.09362,0.890188,1
BA_bad,2905022,9,38,3.581666,0,1,0.113627,0.525154,1
BA_bad,2905022,11,16,3.992846,0,1,0.099386,0.255846,0
BA_bad,2905022,11,35,3.544329,0,1,0.101675,0.575639,1
BA_bad,2905022,11,42,2.685828,0,1,0.054419,3.013642,1
BA_bad,2905022,12,61,2.666391,0,1,0.084707,2.938542,1
BA_bad,2905022,13,17,4.146748,0,1,0.094044,0.195476,0
BA_bad,2905022,14,62,3.922115,0,1,0.105178,0.287606,0
BA_bad,2905022,15,61,2.60902,1,0,0.099107,3.745214,1
BA_bad,2905022,16,42,3.216521,1,0,0.103944,1.229069,1
BA_bad,2905022,17,24,3.12124,0,1,0.079679,1.298189,1
BA_bad,2905022,18,42,3.626395,0,1,0.104704,0.492853,1
BA_bad,2905022,19,48,3.264298,0,1,0.085336,0.989606,1
BA_bad,2905022,19,54,3.419151,0,1,0.13039,0.682421,1
BA_bad,2905022,19,58,4.008812,0,1,0.097687,0.249371,0
BA_bad,2905022,20,33,4.077764,0,1,0.083675,0.226241,0
BA_bad,2905022,23,31,3.757347,1,0,0.098557,0.464734,1
BA_bad,2905022,23,54,3.862534,0,1,0.118048,0.312368,0
BA_bad,2905022,24,47,2.61552,0,1,0.103124,3.106733,1
BA_bad,2905022,26,41,3.989793,1,0,0.115143,0.294613,0
BA_bad,2905022,29,38,3.859751,1,0,0.109186,0.377669,1
BA_bad,2905022,30,52,2.510776,0,1,0.088135,3.872859,1
BA_bad,2905022,30,57,2.605621,0,1,0.096341,3.206355,1
BA_bad,2905022,31,43,3.372674,1,0,0.104466,0.924316,1
BA_bad,2905022,31,62,3.54344,0,1,0.123565,0.551872,1
BA_bad,2905022,37,49,3.747014,0,1,0.110576,0.391177,1
BA_bad,2905022,38,55,3.026291,0,1,0.102593,1.473702,1
BA_bad,2905022,39,56,2.978955,0,1,0.081303,1.676019,1
BA_bad,2905022,44,59,3.344587,0,1,0.110902,0.812563,1
BA_bad,2905022,45,52,2.615277,0,1,0.094892,3.1597,1
BA_bad,2905022,45,60,3.343663,0,1,0.085738,0.855941,1
BA_bad,2905022,50,60,3.923841,0,1,0.091843,0.294454,0
BA_bad,2905022,55,63,2.777177,0,1,0.094975,2.353604,1
BA_bad,2905023,0,61,3.74181,1,0,0.12831,0.450432,1
BA_bad,2905023,1,34,3.592596,0,1,0.131556,0.496687,1
BA_bad,2905023,2,46,4.019581,1,0,0.095429,0.290306,0
BA_bad,2905023,6,41,3.999273,0,1,0.087397,0.25901,0
BA_bad,2905023,6,47,4.129678,0,1,0.097364,0.200303,0
BA_bad,2905023,7,16,3.501861,0,1,0.090073,0.636446,1
BA_bad,2905023,8,24,3.935811,0,1,0.108883,0.278461,0
BA_bad,2905023,9,17,4.084064,0,1,0.097392,0.217611,0
BA_bad,2905023,9,22,3.434994,0,1,0.099838,0.704822,1
BA_bad,2905023,10,61,3.985257,0,1,0.123082,0.247394,0
BA_bad,2905023,11,29,3.227534,0,1,0.097655,1.032266,1
BA_bad,2905023,11,44,3.518038,0,1,0.103099,0.602108,1
BA_bad,2905023,11,48,3.08532,0,1,0.102794,1.323194,1
BA_bad,2905023,12,14,2.569272,0,1,0.090084,3.468557,1
BA_bad,2905023,12,62,3.227114,0,1,0.114881,0.998069,1
BA_bad,2905023,14,54,3.395976,0,1,0.090716,0.770571,1
BA_bad,2905023,14,62,4.080269,0,1,0.133502,0.203851,0
BA_bad,2905023,17,22,2.894678,1,0,0.108103,2.18826,1
BA_bad,2905023,20,31,4.011534,0,1,0.121462,0.236617,0
BA_bad,2905023,21,32,3.72775,0,1,0.098729,0.414835,1
BA_bad,2905023,22,38,3.346941,0,1,0.100666,0.825828,1
BA_bad,2905023,25,56,3.807008,1,0,0.108599,0.416168,1
BA_bad,2905023,26,37,3.398929,0,1,0.10071,0.751278,1
BA_bad,2905023,26,56,3.112336,1,0,0.121238,1.434899,1
BA_bad,2905023,27,37,4.0753,0,1,0.104756,0.217874,0
BA_bad,2905023,27,56,3.009272,1,0,0.082928,1.86844,1
BA_bad,2905023,27,63,4.084186,1,0,0.110857,0.250288,0
BA_bad,2905023,28,49,3.26308,0,1,0.069217,1.024294,1
BA_bad,2905023,28,58,4.174754,0,1,0.089448,0.187487,0
BA_bad,2905023,31,58,2.734748,0,1,0.108662,2.473703,1
BA_bad,2905023,31,59,2.598077,1,0,0.092467,3.87154,1
BA_bad,2905023,32,35,3.799472,0,1,0.101311,0.362242,1
BA_bad,2905023,33,41,3.252357,1,0,0.086846,1.191599,1
BA_bad,2905023,35,42,2.76263,0,1,0.095902,2.412207,1
BA_bad,2905023,35,62,3.34612,1,0,0.101529,0.97575,1
BA_bad,2905023,37,51,2.680614,0,1,0.089919,2.833828,1
BA_bad,2905023,37,56,2.524137,0,1,0.099266,3.696697,1
BA_bad,2905023,38,39,3.937914,0,1,0.110919,0.276271,0
BA_bad,2905023,38,62,4.007545,0,1,0.092661,0.252471,0
BA_bad,2905023,41,57,4.147754,0,1,0.082949,0.199497,0
BA_bad,2905023,42,62,3.857679,1,0,0.094337,0.390522,1
BA_bad,2905023,45,55,3.438207,0,1,0.08329,0.724296,1
BA_bad,2905023,48,52,2.523853,0,1,0.109158,3.626146,1
BA_bad,2905023,51,56,4.139924,0,1,0.111834,0.190998,0
BA_bad,2905023,58,60,3.380466,1,0,0.066815,0.982586,1
BA_bad,2905023,59,60,3.535516,0,1,0.086794,0.602607,1
BA_bad,2905023,61,63,3.887481,0,1,0.121123,0.296685,0
BA_bad,2905024,0,19,3.974826,0,1,0.116976,0.255228,0
BA_bad,2905024,2,36,3.744272,0,1,0.111222,0.392625,1
BA_bad,2905024,6,21,2.882657,0,1,0.085719,1.979167,1
BA_bad,2905024,6,51,4.147561,0,1,0.119936,0.185337,0
BA_bad,2905024,7,29,3.997228,0,1,0.108919,0.249022,0
BA_bad,2905024,8,21,4.175589,0,1,0.102501,0.182379,0
BA_bad,2905024,8,24,2.636517,0,1,0.094015,3.045341,1
BA_bad,2905024,8,31,3.685403,0,1,0.091944,0.454158,1
BA_bad,2905024,9,49,4.059759,0,1,0.087926,0.23179,0
BA_bad,2905024,10,18,3.054566,0,1,0.099462,1.408647,1
BA_bad,2905024,11,32,3.614638,0,1,0.080198,0.528795,1
BA_bad,2905024,11,53,4.043429,0,1,0.097471,0.234261,0
BA_bad,2905024,11,54,3.828145,0,1,0.123799,0.328719,0
BA_bad,2905024,12,20,4.179164,0,1,0.0845,0.187839,0
BA_bad,2905024,12,41,3.612653,1,0,0.078267,0.629626,1
BA_bad,2905024,13,42,3.991374,0,1,0.127684,0.242416,0
BA_bad,2905024,15,18,2.875975,1,0,0.120332,2.209254,1
BA_bad,2905024,16,17,3.736743,0,1,0.103654,0.404107,1
BA_bad,2905024,17,36,3.187179,0,1,0.08189,1.146437,1
BA_bad,2905024,18,30,3.804468,0,1,0.105437,0.356016,1
BA_bad,2905024,19,53,3.630822,0,1,0.092646,0.500836,1
BA_bad,2905024,20,25,3.86131,0,1,0.124829,0.308846,0
BA_bad,2905024,22,28,3.417027,0,1,0.10784,0.716665,1
BA_bad,2905024,24,31,3.50874,1,0,0.124856,0.692896,1
BA_bad,2905024,24,56,2.978869,0,1,0.119397,1.553316,1
BA_bad,2905024,25,45,3.638382,0,1,0.056753,0.530765,1
BA_bad,2905024,27,44,2.583661,0,1,0.098643,3.321644,1
BA_bad,2905024,30,60,3.534001,0,1,0.073814,0.620163,1
BA_bad,2905024,32,50,2.801408,0,1,0.082791,2.307719,1
BA_bad,2905024,33,39,3.124592,0,1,0.098133,1.243547,1
BA_bad,2905024,35,36,3.891212,0,1,0.089005,0.31423,0
BA_bad,2905024,35,52,2.882478,1,0,0.103235,2.25923,1
BA_bad,2905024,35,61,3.655101,0,1,0.106517,0.466097,1
BA_bad,2905024,37,38,3.294193,0,1,0.099432,0.911199,1
BA_bad,2905024,37,49,2.845322,0,1,0.09529,2.078025,1
BA_bad,2905024,38,53,2.794912,0,1,0.100356,2.254527,1
BA_bad,2905024,39,62,3.698078,0,1,0.120753,0.418962,1
BA_bad,2905024,43,63,3.777473,0,1,0.102543,0.376097,1
BA_bad,2905024,47,57,2.767393,1,0,0.103869,2.781533,1
BA_bad,2905025,0,59,4.100722,0,1,0.092588,0.213157,0
BA_bad,2905025,1,63,2.643091,0,1,0.11656,2.876493,1
BA_bad,2905025,2,4,4.147434,0,1,0.115778,0.186927,0
BA_bad,2905025,2,24,2.807471,0,1,0.111405,2.155465,1
BA_bad,2905025,3,52,3.324643,0,1,0.117311,0.831838,1
BA_bad,2905025,5,50,4.004004,0,1,0.091777,0.254552,0
BA_bad,2905025,5,57,3.210264,0,1,0.084093,1.09448,1
BA_bad,2905025,6,19,3.663341,0,1,0.108452,0.457392,1
BA_bad,2905025,6,37,4.16486,0,1,0.079584,0.194693,0
BA_bad,2905025,6,39,2.953522,0,1,0.092893,1.715121,1
BA_bad,2905025,6,50,3.792435,0,1,0.105067,0.364161,1
BA_bad,2905025,7,61,3.345456,0,1,0.089642,0.84652,1
BA_bad,2905025,7,62,3.338116,1,0,0.112567,0.968438,1
BA_bad,2905025,8,40,2.886156,0,1,0.102621,1.901248,1
BA_bad,2905025,9,57,4.110186,1,0,0.103632,0.242207,0
BA_bad,2905025,10,16,4.018189,0,1,0.097896,0.245053,0
BA_bad,2905025,10,53,3.530896,1,0,0.102267,0.696296,1
BA_bad,2905025,11,40,3.683978,0,1,0.10068,0.447449,1
BA_bad,2905025,13,41,2.783412,0,1,0.116866,2.227388,1
BA_bad,2905025,14,17,2.895664,0,1,0.083998,1.939578,1
BA_bad,2905025,14,43,3.318714,1,0,0.119817,0.988768,1
BA_bad,2905025,14,54,3.753526,0,1,0.082356,0.409019,1
BA_bad,2905025,15,26,4.156879,0,1,0.096158,0.191098,0
BA_bad,2905025,15,58,3.857189,0,1,0.083839,0.337754,0
BA_bad,2905025,15,62,2.856435,1,0,0.072426,2.519329,1
BA_bad,2905025,16,25,3.426482,0,1,0.094025,0.724185,1
BA_bad,2905025,17,54,3.789459,0,1,0.072045,0.391134,1
BA_bad,2905025,18,51,2.819656,1,0,0.108801,2.504564,1
BA_bad,2905025,22,45,3.317864,0,1,0.085072,0.898243,1
BA_bad,2905025,23,39,4.18873,1,0,0.099799,0.21159,0
BA_bad,2905025,24,36,4.05668,0,1,0.104581,0.225455,0
BA_bad,2905025,25,60,4.073216,1,0,0.100177,0.260843,0
BA_bad,2905025,26,40,3.53194,0,1,0.089187,0.603643,1
BA_bad,2905025,27,50,4.131466,0,1,0.1027,0.197534,0
BA_bad,2905025,28,61,4.114158,1,0,0.128171,0.228947,0
BA_bad,2905025,32,42,3.956732,0,1,0.070249,0.289603,0
BA_bad,2905025,37,48,3.548766,0,1,0.103483,0.568952,1
BA_bad,2905025,39,62,2.877225,0,1,0.07625,2.037028,1
BA_bad,2905025,42,57,3.752104,0,1,0.082608,0.409871,1
BA_bad,2905025,44,53,3.867311,0,1,0.123666,0.306206,0
BA_bad,2905025,44,56,2.925327,0,1,0.081309,1.847653,1
BA_bad,2905025,48,49,3.600778,0,1,0.06992,0.553553,1
BA_bad,2905025,49,54,3.916289,1,0,0.098238,0.348319,0
BA_bad,2905025,58,59,3.516473,0,1,0.118245,0.585806,1
BA_bad,2905026,0,30,2.991044,0,1,0.107391,1.556229,1
BA_bad,2905026,4,61,3.839881,1,0,0.08385,0.411916,1
BA_bad,2905026,5,23,3.230632,0,1,0.097008,1.027797,1
BA_bad,2905026,6,53,4.044814,0,1,0.107584,0.228993,0
BA_bad,2905026,7,19,4.170935,1,0,0.100842,0.218092,0
BA_bad,2905026,7,47,4.03289,1,0,0.089961,0.28648,0
BA_bad,2905026,8,59,3.631105,0,1,0.097521,0.495721,1
BA_bad,2905026,9,14,3.941321,0,1,0.09754,0.282012,0
BA_bad,2905026,9,61,4.098319,0,1,0.095782,0.212727,0
BA_bad,2905026,10,23,3.657324,1,0,0.1148,0.539607,1
BA_bad,2905026,10,29,3.953395,0,1,0.109587,0.26932,0
BA_bad,2905026,10,58,3.301896,0,1,0.082598,0.929292,1
BA_bad,2905026,11,50,2.824015,0,1,0.114344,2.079341,1
BA_bad,2905026,11,59,2.928437,0,1,0.099438,1.771815,1
BA_bad,2905026,14,29,2.952974,0,1,0.110916,1.656049,1
BA_bad,2905026,14,33,3.620634,0,1,0.135301,0.468479,1
BA_bad,2905026,15,21,3.893463,0,1,0.10566,0.302694,0
BA_bad,2905026,15,31,2.731756,0,1,0.079643,2.635826,1
BA_bad,2905026,15,61,3.970664,0,1,0.099494,0.266317,0
BA_bad,2905026,16,55,2.840587,0,1,0.095283,2.096022,1
BA_bad,2905026,16,56,3.840682,1,0,0.145238,0.363793,1
BA_bad,2905026,18,25,3.650224,0,1,0.103289,0.473293,1
BA_bad,2905026,18,45,2.811335,0,1,0.094265,2.21502,1
BA_bad,2905026,19,50,2.745117,0,1,0.091591,2.511817,1
BA_bad,2905026,21,59,3.391212,0,1,0.092393,0.774671,1
BA_bad,2905026,25,27,2.867253,0,1,0.125713,1.878919,1
BA_bad,2905026,25,36,3.916251,0,1,0.086701,0.301632,0
BA_bad,2905026,27,41,3.878856,0,1,0.119814,0.302165,0
BA_bad,2905026,29,54,2.965473,0,1,0.087038,1.698022,1
BA_bad,2905026,30,49,4.089137,0,1,0.09162,0.218117,0
BA_bad,2905026,33,40,4.173494,0,1,0.099491,0.18418,0
BA_bad,2905026,34,46,3.666183,0,1,0.123104,0.441894,1
BA_bad,2905026,38,46,2.816526,0,1,0.090708,2.209878,1
BA_bad,2905026,38,52,2.95606,0,1,0.106567,1.66117,1
BA_bad,2905026,39,56,3.855027,1,0,0.088262,0.397206,1
BA_bad,2905026,43,52,2.900406,0,1,0.105157,1.843248,1
BA_bad,2905026,43,54,3.172079,1,0,0.107889,1.322031,1
BA_bad,2905026,49,62,4.172843,1,0,0.093055,0.220748,0
BA_bad,2905026,52,57,3.639791,0,1,0.086667,0.498663,1
BA_bad,2905026,53,63,3.695969,0,1,0.091823,0.445624,1
BA_bad,2905027,0,4,2.791606,1,0,0.098106,2.692596,1
BA_bad,2905027,0,36,4.083192,0,1,0.110767,0.212204,0
BA_bad,2905027,0,60,3.710656,0,1,0.131447,0.400824,1
BA_bad,2905027,1,23,4.197384,0,1,0.101307,0.175712,0
BA_bad,2905027,2,45,3.436288,0,1,0.09661,0.707721,1
BA_bad,2905027,4,10,3.518992,0,1,0.102217,0.602124,1
BA_bad,2905027,4,63,4.126715,0,1,0.070913,0.212326,0
BA_bad,2905027,5,51,3.578694,0,1,0.093537,0.549646,1
BA_bad,2905027,5,52,2.84827,0,1,0.094918,2.068451,1
BA_bad,2905027,6,30,3.271607,0,1,0.090078,0.967324,1
BA_bad,2905027,7,9,2.579581,0,1,0.063813,3.587787,1
BA_bad,2905027,8,44,3.691147,0,1,0.066522,0.472882,1
BA_bad,2905027,10,36,3.741872,0,1,0.089666,0.411714,1
BA_bad,2905027,10,47,3.166647,1,0,0.090926,1.381229,1
BA_bad,2905027,11,15,3.778431,0,1,0.110181,0.369751,1
BA_bad,2905027,11,37,4.043909,0,1,0.096894,0.234327,0
BA_bad,2905027,13,31,3.701329,0,1,0.111779,0.424036,1
BA_bad,2905027,13,54,2.564939,0,1,0.081453,3.556859,1
BA_bad,2905027,14,43,3.873116,1,0,0.091184,0.382115,1
BA_bad,2905027,14,62,2.875183,0,1,0.104605,1.93188,1
BA_bad,2905027,15,28,3.814372,0,1,0.06816,0.376728,1
BA_bad,2905027,15,32,3.84355,0,1,0.082853,0.346917,0
BA_bad,2905027,15,53,4.184752,0,1,0.093203,0.182732,0
BA_bad,2905027,15,56,4.039458,0,1,0.108672,0.230731,0
BA_bad,2905027,16,27,2.905691,0,1,0.105328,1.825001,1
BA_bad,2905027,16,41,3.518419,0,1,0.113281,0.589561,1
BA_bad,2905027,18,50,4.022259,1,0,0.096587,0.288227,0
BA_bad,2905027,21,31,3.811389,1,0,0.10579,0.415192,1
BA_bad,2905027,21,36,3.565645,1,0,0.09436,0.664085,1
BA_bad,2905027,23,26,2.623054,0,1,0.081743,3.198346,1
BA_bad,2905027,25,31,4.171961,0,1,0.120024,0.177263,0
BA_bad,2905027,26,54,3.725259,0,1,0.12219,0.397616,1
BA_bad,2905027,26,59,3.85535,0,1,0.105596,0.324454,0
BA_bad,2905027,30,57,3.595607,0,1,0.110167,0.515566,1
BA_bad,2905027,31,32,2.919468,0,1,0.117297,1.73775,1
BA_bad,2905027,32,54,3.143973,0,1,0.084968,1.232518,1
BA_bad,2905027,33,48,3.829351,0,1,0.089394,0.351363,1
BA_bad,2905027,34,42,4.155503,0,1,0.098336,0.190744,0
BA_bad,2905027,35,38,3.630704,0,1,0.083216,0.510481,1
BA_bad,2905027,37,55,3.60719,1,0,0.107604,0.599672,1
BA_bad,2905027,39,59,3.918124,0,1,0.099795,0.292836,0
BA_bad,2905027,40,42,2.736313,0,1,0.10701,2.474838,1
BA_bad,2905027,40,47,2.729651,0,1,0.102879,2.52578,1
BA_bad,2905027,45,53,3.524375,0,1,0.137232,0.555933,1
BA_bad,2905028,1,10,2.723495,0,1,0.111108,2.512515,1
BA_bad,2905028,2,6,3.572741,1,0,0.093539,0.656647,1
BA_bad,2905028,2,20,4.149943,1,0,0.097207,0.22823,0
BA_bad,2905028,3,19,3.996655,0,1,0.064015,0.272705,0
BA_bad,2905028,3,24,4.057262,0,1,0.146857,0.206957,0
BA_bad,2905028,3,63,2.902246,0,1,0.105543,1.835678,1
BA_bad,2905028,5,7,2.883284,1,0,0.088764,2.322171,1
BA_bad,2905028,5,11,3.107429,0,1,0.102722,1.271242,1
BA_bad,2905028,6,36,3.32517,0,1,0.077411,0.900077,1
BA_bad,2905028,8,60,3.449275,1,0,0.08628,0.833931,1
BA_bad,2905028,9,12,3.210699,0,1,0.079733,1.103194,1
BA_bad,2905028,9,31,3.538856,1,0,0.102254,0.686309,1
BA_bad,2905028,10,45,3.899973,1,0,0.119746,0.343699,0
BA_bad,2905028,11,31,2.859433,0,1,0.09163,2.040269,1
BA_bad,2905028,12,14,3.411464,0,1,0.09632,0.740825,1
BA_bad,2905028,13,36,3.31016,0,1,0.089661,0.902593,1
BA_bad,2905028,15,52,3.40572,0,1,0.116772,0.718598,1
BA_bad,2905028,15,56,4.052563,0,1,0.122938,0.218961,0
BA_bad,2905028,15,57,3.821508,0,1,0.088342,0.35716,1
BA_bad,2905028,16,51,2.995933,0,1,0.099781,1.566112,1
BA_bad,2905028,17,23,3.723656,0,1,0.088168,0.426856,1
BA_bad,2905028,22,50,3.742725,0,1,0.107684,0.396527,1
BA_bad,2905028,24,52,3.338334,0,1,0.121694,0.804306,1
BA_bad,2905028,24,56,3.624441,1,0,0.125837,0.560346,1
BA_bad,2905028,26,48,4.010439,1,0,0.087428,0.299932,0
BA_bad,2905028,26,51,3.520077,1,0,0.102483,0.709821,1
BA_bad,2905028,26,59,4.092181,0,1,0.098231,0.214064,0
BA_bad,2905028,26,63,2.885315,1,0,0.10727,2.229545,1
BA_bad,2905028,27,49,2.93261,0,1,0.097869,1.763947,1
BA_bad,2905028,29,39,3.062284,1,0,0.121984,1.569263,1
BA_bad,2905028,30,46,2.734077,0,1,0.091314,2.564168,1
BA_bad,2905028,31,41,3.347173,0,1,0.098017,0.829864,1
BA_bad,2905028,35,39,4.096543,0,1,0.097864,0.212529,0
BA_bad,2905028,35,40,2.541274,0,1,0.125903,3.397386,1
BA_bad,2905028,37,39,2.856458,0,1,0.086765,2.071389,1
BA_bad,2905028,41,49,2.92932,0,1,0.106772,1.74321,1
BA_bad,2905028,42,58,3.046779,0,1,0.082155,1.479052,1
BA_bad,2905028,44,62,3.185207,1,0,0.084991,1.351339,1
BA_bad,2905028,47,62,4.194258,0,1,0.086749,0.181934,0
BA_bad,2905028,51,63,2.836054,0,1,0.121996,2.003419,1
BA_bad,2905028,55,56,3.737439,1,0,0.1053,0.475409,1
BA_bad,2905029,0,32,3.300359,0,1,0.105871,0.889511,1
BA_bad,2905029,0,54,3.356922,0,1,0.089225,0.829746,1
BA_bad,2905029,1,54,3.875585,1,0,0.132616,0.350153,1
BA_bad,2905029,3,48,4.039199,0,1,0.109518,0.23045,0
BA_bad,2905029,4,28,3.557114,0,1,0.100853,0.563338,1
BA_bad,2905029,4,32,2.624293,0,1,0.057717,3.348239,1
BA_bad,2905029,4,61,3.746993,0,1,0.100277,0.399333,1
BA_bad,2905029,5,61,4.169749,0,1,0.085717,0.190618,0
BA_bad,2905029,7,16,2.94859,0,1,0.101535,1.700917,1
BA_bad,2905029,7,41,3.758373,0,1,0.081304,0.406284,1
BA_bad,2905029,10,47,3.745911,0,1,0.098177,0.401805,1
BA_bad,2905029,11,37,2.936469,0,1,0.093645,1.766474,1
BA_bad,2905029,13,54,3.880094,1,0,0.103489,0.368126,1
BA_bad,2905029,17,48,3.519569,0,1,0.103129,0.600398,1
BA_bad,2905029,18,38,2.61703,0,1,0.121182,2.988314,1
BA_bad,2905029,18,61,3.798646,0,1,0.068858,0.387114,1
BA_bad,2905029,19,20,3.508548,1,0,0.10261,0.724673,1
BA_bad,2905029,21,43,3.572994,0,1,0.108998,0.538462,1
BA_bad,2905029,21,45,2.819914,0,1,0.100534,2.153565,1
BA_bad,2905029,22,52,3.747087,0,1,0.115343,0.387414,1
BA_bad,2905029,22,55,3.819075,0,1,0.093794,0.354854,1
BA_bad,2905029,23,35,3.472646,0,1,0.08383,0.6796,1
BA_bad,2905029,24,55,4.133768,1,0,0.09352,0.236782,0
BA_bad,2905029,26,27,2.687356,0,1,0.094055,2.77624,1
BA_bad,2905029,31,52,2.836921,0,1,0.073625,2.203442,1
BA_bad,2905029,32,43,3.932452,0,1,0.116961,0.275677,0
BA_bad,2905029,32,49,3.211207,0,1,0.099432,1.059596,1
BA_bad,2905029,33,38,3.653568,1,0,0.091585,0.569125,1
BA_bad,2905029,34,61,4.06471,0,1,0.136595,0.208407,0
BA_bad,2905029,37,41,3.866653,1,0,0.093857,0.38457,1
BA_bad,2905029,45,63,2.664198,0,1,0.102733,2.84581,1
BA_bad,2905029,48,59,3.684407,0,1,0.093234,0.453809,1
BA_bad,2905030,0,9,3.138802,0,1,0.116747,1.167545,1
BA_bad,2905030,0,40,3.448063,1,0,0.074078,0.856418,1
BA_bad,2905030,1,10,3.574554,0,1,0.090394,0.557291,1
BA_bad,2905030,1,52,3.857421,0,1,0.118071,0.31527,0
BA_bad,2905030,2,48,3.722056,0,1,0.111339,0.408713,1
BA_bad,2905030,2,59,3.315078,0,1,0.119794,0.842237,1
BA_bad,2905030,4,19,2.66887,1,0,0.118576,3.230777,1
BA_bad,2905030,6,35,3.147466,0,1,0.085335,1.223817,1
BA_bad,2905030,6,55,2.562557,0,1,0.105713,3.403108,1
BA_bad,2905030,7,44,4.050148,0,1,0.102302,0.229191,0
BA_bad,2905030,8,30,2.978459,0,1,0.082521,1.673452,1
BA_bad,2905030,8,34,3.480704,0,1,0.092644,0.658012,1
BA_bad,2905030,9,28,3.218764,0,1,0.105645,1.03223,1
BA_bad,2905030,9,37,3.844451,0,1,0.112246,0.326576,0
BA_bad,2905030,9,40,3.455839,0,1,0.084817,0.699305,1
BA_bad,2905030,9,47,3.946399,0,1,0.104437,0.275592,0
BA_bad,2905030,10,40,4.018815,0,1,0.111814,0.238055,0
BA_bad,2905030,11,12,3.170524,0,1,0.133713,1.065342,1
BA_bad,2905030,11,32,3.628852,0,1,0.094056,0.501217,1
BA_bad,2905030,11,49,3.942587,1,0,0.102234,0.329413,0
BA_bad,2905030,11,57,3.040886,0,1,0.096033,1.45406,1
BA_bad,2905030,13,17,3.175818,0,1,0.128775,1.065608,1
BA_bad,2905030,13,34,2.742072,0,1,0.083075,2.569151,1
BA_bad,2905030,13,62,4.056459,0,1,0.121009,0.218256,0
BA_bad,2905030,14,63,3.8228,0,1,0.080143,0.362213,1
BA_bad,2905030,17,41,4.089345,0,1,0.099553,0.214602,0
BA_bad,2905030,17,49,2.710306,1,0,0.087749,3.186863,1
BA_bad,2905030,18,31,2.602913,0,1,0.107033,3.154013,1
BA_bad,2905030,18,52,4.077865,0,1,0.090048,0.223334,0
BA_bad,2905030,22,31,3.254765,0,1,0.096017,0.985625,1
BA_bad,2905030,22,37,3.247337,0,1,0.118523,0.955057,1
BA_bad,2905030,23,45,2.780548,0,1,0.110373,2.268279,1
BA_bad,2905030,25,42,3.445819,0,1,0.092329,0.701543,1
BA_bad,2905030,25,46,2.920489,0,1,0.085009,1.850237,1
BA_bad,2905030,26,32,3.401406,0,1,0.109696,0.73458,1
BA_bad,2905030,29,61,3.690395,0,1,0.092416,0.44963,1
BA_bad,2905030,31,52,4.017632,1,0,0.085517,0.297169,0
BA_bad,2905030,33,55,3.520412,1,0,0.085387,0.734065,1
BA_bad,2905030,36,58,2.907082,1,0,0.107248,2.143122,1
BA_bad,2905030,36,59,2.896279,0,1,0.106207,1.853237,1
BA_bad,2905030,39,51,2.698993,0,1,0.081465,2.787428,1
BA_bad,2905030,53,55,4.01374,0,1,0.117188,0.237693,0
BA_bad,2905030,54,57,2.708113,0,1,0.109631,2.59142,1
BA_bad,2905030,57,60,4.082637,0,1,0.082068,0.224967,0
BA_bad,2905030,58,59,3.084188,0,1,0.09714,1.341001,1
BA_bad,2905030,58,61,3.859488,0,1,0.117124,0.314683,0
BA_bad,2905031,0,8,2.939849,0,1,0.100291,1.73247,1
BA_bad,2905031,0,16,3.235436,0,1,0.088773,1.035779,1
BA_bad,2905031,0,51,3.752216,0,1,0.105199,0.391684,1
BA_bad,2905031,1,9,2.54522,1,0,0.1165,4.062066,1
BA_bad,2905031,1,45,4.055003,0,1,0.070236,0.242223,0
BA_bad,2905031,2,8,3.422617,0,1,0.092399,0.731668,1
BA_bad,2905031,2,15,2.930697,0,1,0.135125,1.642992,1
BA_bad,2905031,2,57,3.835621,0,1,0.119159,0.327304,0
BA_bad,2905031,3,20,2.684697,0,1,0.108795,2.708653,1
BA_bad,2905031,3,52,4.198037,0,1,0.114386,0.170972,0
BA_bad,2905031,3,58,3.66915,0,1,0.097076,0.463002,1
BA_bad,2905031,5,32,3.405498,0,1,0.108411,0.731012,1
BA_bad,2905031,5,49,4.184541,0,1,0.096987,0.181424,0
BA_bad,2905031,6,17,2.929918,0,1,0.094136,1.785887,1
BA_bad,2905031,7,44,4.015775,0,1,0.060122,0.265446,0
BA_bad,2905031,8,51,3.078913,0,1,0.10239,1.339782,1
BA_bad,2905031,8,57,3.64516,0,1,0.113052,0.468435,1
BA_bad,2905031,9,30,2.73202,1,0,0.120721,2.867994,1
BA_bad,2905031,10,34,3.464227,0,1,0.094828,0.675069,1
BA_bad,2905031,10,40,2.605778,1,0,0.107558,3.704211,1
BA_bad,2905031,11,52,3.263738,1,0,0.110805,1.112583,1
BA_bad,2905031,11,58,3.999512,1,0,0.110515,0.292145,0
BA_bad,2905031,12,32,2.885219,1,0,0.10013,2.262005,1
BA_bad,2905031,12,50,2.949547,1,0,0.109141,1.976388,1
BA_bad,2905031,12,60,3.813514,0,1,0.087593,0.362933,1
BA_bad,2905031,13,22,3.307668,1,0,0.113285,1.022092,1
BA_bad,2905031,13,59,3.675864,0,1,0.092946,0.461178,1
BA_bad,2905031,14,52,4.000597,0,1,0.091006,0.256529,0
BA_bad,2905031,15,62,4.170274,0,1,0.13258,0.173398,0
BA_bad,2905031,17,25,3.938859,0,1,0.105163,0.278991,0
BA_bad,2905031,17,26,3.908324,1,0,0.116002,0.341064,0
BA_bad,2905031,17,40,2.92687,1,0,0.08691,2.153216,1
BA_bad,2905031,17,61,4.063753,0,1,0.102171,0.22365,0
BA_bad,2905031,20,41,3.615347,0,1,0.122164,0.485597,1
BA_bad,2905031,20,52,4.113468,1,0,0.102316,0.2414,0
BA_bad,2905031,20,58,2.61459,0,1,0.106654,3.090097,1
BA_bad,2905031,21,25,3.929053,0,1,0.058174,0.311994,0
BA_bad,2905031,25,26,2.706241,0,1,0.112195,2.586958,1
BA_bad,2905031,25,39,3.405569,0,1,0.095943,0.749372,1
BA_bad,2905031,27,36,3.771529,0,1,0.078588,0.398842,1
BA_bad,2905031,29,33,2.890886,0,1,0.114026,1.842459,1
BA_bad,2905031,29,42,3.714689,0,1,0.100896,0.422967,1
BA_bad,2905031,29,55,2.851473,0,1,0.08728,2.088101,1
BA_bad,2905031,32,62,2.926196,0,1,0.109852,1.742376,1
BA_bad,2905031,34,51,2.692212,0,1,0.093554,2.754598,1
BA_bad,2905031,37,40,3.150595,0,1,0.080327,1.229125,1
BA_bad,2905031,37,63,3.450551,0,1,0.127405,0.648412,1
BA_bad,2905031,39,42,3.808949,0,1,0.112056,0.348484,0
BA_bad,2905031,40,54,4.195844,0,1,0.093649,0.178924,0
BA_bad,2905031,46,51,2.832004,0,1,0.106459,2.081927,1
BA_bad,2905031,51,57,3.841568,0,1,0.101957,0.335118,0
BA_bad,2905031,52,62,4.128436,0,1,0.108884,0.196184,0
BA_bad,2905031,60,62,2.99674,0,1,0.106656,1.542463,1
