"sample_id","material_id","structure_id","snapshot_id","seed","label_family","label_name","label_provenance_id","label_value","label_unit","label_direction_class","label_method","label_source_type","source_citation_or_doi","is_external_to_graph_proxy","synthetic_label_flag","material_validation_allowed","synthetic_only_not_material_validation","forbidden_if_graph_generated","graph_convention_provenance_id","OI_formula_source","OI_ref_value","graph_cutoff_rule","laplacian_convention","rho_convention","attack_matching_rule","B0_OI_norm","B0_onsite_variance","B0_carrier_density","B0_finite_size","B0_batch_or_family","G1_lambda2_Lsym","G1_rho_A_budget_norm","G1_attack_gap_lambda2","label_forbidden_control_audit","validation_use","notes"
"expander_like_000","synthetic_only_not_material","SYN-C2-R2-expander_like_000","synthetic_static_graph","29202","diagnostic_synthetic","Y_A_null_diagnostic","SYN-C2-R2-PLANTED","2.5773130551916186","dimensionless_planted_diagnostic","diagnostic_only","synthetic_planted_protocol_sanity","diagnostic_synthetic","current/B/scripts/C2_residual_benchmark.py","false","true","false","true","true","GRAPH-C2-R2-LSYM-BUDGET-ATTACK","synthetic_budget_rescaled_overlap_capacity","predeclared_synthetic_scale","synthetic_family_generator_edges","L_sym=I-D^-1/2 A_w D^-1/2","spectral_radius(A_w/S_w)","high_betweenness_proxy_vs_matched_random_edges","72.0","0.1902185773172097","1.0570309175896146","0.027777777777777776","expander_like","0.35713376529490326","0.05517336688069231","-0.011380828354624332","diagnostic_only_excluded_from_material_validation","software_sanity_only","Generated from C2_residual_benchmark_synthetic_rows.csv; row cannot support material claims."
"expander_like_000","synthetic_only_not_material","SYN-C2-R2-expander_like_000","synthetic_static_graph","29202","diagnostic_synthetic","Y_B_positive_diagnostic","SYN-C2-R2-PLANTED","3.1589698251826257","dimensionless_planted_diagnostic","diagnostic_only","synthetic_planted_protocol_sanity","diagnostic_synthetic","current/B/scripts/C2_residual_benchmark.py","false","true","false","true","true","GRAPH-C2-R2-LSYM-BUDGET-ATTACK","synthetic_budget_rescaled_overlap_capacity","predeclared_synthetic_scale","synthetic_family_generator_edges","L_sym=I-D^-1/2 A_w D^-1/2","spectral_radius(A_w/S_w)","high_betweenness_proxy_vs_matched_random_edges","72.0","0.1902185773172097","1.0570309175896146","0.027777777777777776","expander_like","0.35713376529490326","0.05517336688069231","-0.011380828354624332","diagnostic_only_excluded_from_material_validation","software_sanity_only","Generated from C2_residual_benchmark_synthetic_rows.csv; row cannot support material claims."
"expander_like_001","synthetic_only_not_material","SYN-C2-R2-expander_like_001","synthetic_static_graph","29202","diagnostic_synthetic","Y_A_null_diagnostic","SYN-C2-R2-PLANTED","2.767633825849255","dimensionless_planted_diagnostic","diagnostic_only","synthetic_planted_protocol_sanity","diagnostic_synthetic","current/B/scripts/C2_residual_benchmark.py","false","true","false","true","true","GRAPH-C2-R2-LSYM-BUDGET-ATTACK","synthetic_budget_rescaled_overlap_capacity","predeclared_synthetic_scale","synthetic_family_generator_edges","L_sym=I-D^-1/2 A_w D^-1/2","spectral_radius(A_w/S_w)","high_betweenness_proxy_vs_matched_random_edges","72.0","0.07188966886067397","1.1269409700407282","0.027777777777777776","expander_like","0.4567100152713296","0.054790541792276576","-0.22612345913547563","diagnostic_only_excluded_from_material_validation","software_sanity_only","Generated from C2_residual_benchmark_synthetic_rows.csv; row cannot support material claims."
"expander_like_001","synthetic_only_not_material","SYN-C2-R2-expander_like_001","synthetic_static_graph","29202","diagnostic_synthetic","Y_B_positive_diagnostic","SYN-C2-R2-PLANTED","3.7018809635053107","dimensionless_planted_diagnostic","diagnostic_only","synthetic_planted_protocol_sanity","diagnostic_synthetic","current/B/scripts/C2_residual_benchmark.py","false","true","false","true","true","GRAPH-C2-R2-LSYM-BUDGET-ATTACK","synthetic_budget_rescaled_overlap_capacity","predeclared_synthetic_scale","synthetic_family_generator_edges","L_sym=I-D^-1/2 A_w D^-1/2","spectral_radius(A_w/S_w)","high_betweenness_proxy_vs_matched_random_edges","72.0","0.07188966886067397","1.1269409700407282","0.027777777777777776","expander_like","0.4567100152713296","0.054790541792276576","-0.22612345913547563","diagnostic_only_excluded_from_material_validation","software_sanity_only","Generated from C2_residual_benchmark_synthetic_rows.csv; row cannot support material claims."
"expander_like_002","synthetic_only_not_material","SYN-C2-R2-expander_like_002","synthetic_static_graph","29202","diagnostic_synthetic","Y_A_null_diagnostic","SYN-C2-R2-PLANTED","2.4416887591317917","dimensionless_planted_diagnostic","diagnostic_only","synthetic_planted_protocol_sanity","diagnostic_synthetic","current/B/scripts/C2_residual_benchmark.py","false","true","false","true","true","GRAPH-C2-R2-LSYM-BUDGET-ATTACK","synthetic_budget_rescaled_overlap_capacity","predeclared_synthetic_scale","synthetic_family_generator_edges","L_sym=I-D^-1/2 A_w D^-1/2","spectral_radius(A_w/S_w)","high_betweenness_proxy_vs_matched_random_edges","72.0","0.33257444017876614","1.1660103292633694","0.027777777777777776","expander_like","0.371194905237824","0.05340787189378414","-0.022535319195539305","diagnostic_only_excluded_from_material_validation","software_sanity_only","Generated from C2_residual_benchmark_synthetic_rows.csv; row cannot support material claims."
"expander_like_002","synthetic_only_not_material","SYN-C2-R2-expander_like_002","synthetic_static_graph","29202","diagnostic_synthetic","Y_B_positive_diagnostic","SYN-C2-R2-PLANTED","3.055882394788296","dimensionless_planted_diagnostic","diagnostic_only","synthetic_planted_protocol_sanity","diagnostic_synthetic","current/B/scripts/C2_residual_benchmark.py","false","true","false","true","true","GRAPH-C2-R2-LSYM-BUDGET-ATTACK","synthetic_budget_rescaled_overlap_capacity","predeclared_synthetic_scale","synthetic_family_generator_edges","L_sym=I-D^-1/2 A_w D^-1/2","spectral_radius(A_w/S_w)","high_betweenness_proxy_vs_matched_random_edges","72.0","0.33257444017876614","1.1660103292633694","0.027777777777777776","expander_like","0.371194905237824","0.05340787189378414","-0.022535319195539305","diagnostic_only_excluded_from_material_validation","software_sanity_only","Generated from C2_residual_benchmark_synthetic_rows.csv; row cannot support material claims."
"expander_like_003","synthetic_only_not_material","SYN-C2-R2-expander_like_003","synthetic_static_graph","29202","diagnostic_synthetic","Y_A_null_diagnostic","SYN-C2-R2-PLANTED","2.554749680105543","dimensionless_planted_diagnostic","diagnostic_only","synthetic_planted_protocol_sanity","diagnostic_synthetic","current/B/scripts/C2_residual_benchmark.py","false","true","false","true","true","GRAPH-C2-R2-LSYM-BUDGET-ATTACK","synthetic_budget_rescaled_overlap_capacity","predeclared_synthetic_scale","synthetic_family_generator_edges","L_sym=I-D^-1/2 A_w D^-1/2","spectral_radius(A_w/S_w)","high_betweenness_proxy_vs_matched_random_edges","72.00000000000001","0.15961988870364385","0.9853273020646991","0.027777777777777776","expander_like","0.4043200418346202","0.05578806723587275","0.06874381455251874","diagnostic_only_excluded_from_material_validation","software_sanity_only","Generated from C2_residual_benchmark_synthetic_rows.csv; row cannot support material claims."
"expander_like_003","synthetic_only_not_material","SYN-C2-R2-expander_like_003","synthetic_static_graph","29202","diagnostic_synthetic","Y_B_positive_diagnostic","SYN-C2-R2-PLANTED","3.1397923139436688","dimensionless_planted_diagnostic","diagnostic_only","synthetic_planted_protocol_sanity","diagnostic_synthetic","current/B/scripts/C2_residual_benchmark.py","false","true","false","true","true","GRAPH-C2-R2-LSYM-BUDGET-ATTACK","synthetic_budget_rescaled_overlap_capacity","predeclared_synthetic_scale","synthetic_family_generator_edges","L_sym=I-D^-1/2 A_w D^-1/2","spectral_radius(A_w/S_w)","high_betweenness_proxy_vs_matched_random_edges","72.00000000000001","0.15961988870364385","0.9853273020646991","0.027777777777777776","expander_like","0.4043200418346202","0.05578806723587275","0.06874381455251874","diagnostic_only_excluded_from_material_validation","software_sanity_only","Generated from C2_residual_benchmark_synthetic_rows.csv; row cannot support material claims."
"expander_like_004","synthetic_only_not_material","SYN-C2-R2-expander_like_004","synthetic_static_graph","29202","diagnostic_synthetic","Y_A_null_diagnostic","SYN-C2-R2-PLANTED","2.6436394411082214","dimensionless_planted_diagnostic","diagnostic_only","synthetic_planted_protocol_sanity","diagnostic_synthetic","current/B/scripts/C2_residual_benchmark.py","false","true","false","true","true","GRAPH-C2-R2-LSYM-BUDGET-ATTACK","synthetic_budget_rescaled_overlap_capacity","predeclared_synthetic_scale","synthetic_family_generator_edges","L_sym=I-D^-1/2 A_w D^-1/2","spectral_radius(A_w/S_w)","high_betweenness_proxy_vs_matched_random_edges","72.0","0.1790203469203417","0.8799391918217625","0.027777777777777776","expander_like","0.3764849136678038","0.055149554155216815","-0.138398438795565","diagnostic_only_excluded_from_material_validation","software_sanity_only","Generated from C2_residual_benchmark_synthetic_rows.csv; row cannot support material claims."
"expander_like_004","synthetic_only_not_material","SYN-C2-R2-expander_like_004","synthetic_static_graph","29202","diagnostic_synthetic","Y_B_positive_diagnostic","SYN-C2-R2-PLANTED","3.370573897892716","dimensionless_planted_diagnostic","diagnostic_only","synthetic_planted_protocol_sanity","diagnostic_synthetic","current/B/scripts/C2_residual_benchmark.py","false","true","false","true","true","GRAPH-C2-R2-LSYM-BUDGET-ATTACK","synthetic_budget_rescaled_overlap_capacity","predeclared_synthetic_scale","synthetic_family_generator_edges","L_sym=I-D^-1/2 A_w D^-1/2","spectral_radius(A_w/S_w)","high_betweenness_proxy_vs_matched_random_edges","72.0","0.1790203469203417","0.8799391918217625","0.027777777777777776","expander_like","0.3764849136678038","0.055149554155216815","-0.138398438795565","diagnostic_only_excluded_from_material_validation","software_sanity_only","Generated from C2_residual_benchmark_synthetic_rows.csv; row cannot support material claims."
"expander_like_005","synthetic_only_not_material","SYN-C2-R2-expander_like_005","synthetic_static_graph","29202","diagnostic_synthetic","Y_A_null_diagnostic","SYN-C2-R2-PLANTED","2.4990629342793067","dimensionless_planted_diagnostic","diagnostic_only","synthetic_planted_protocol_sanity","diagnostic_synthetic","current/B/scripts/C2_residual_benchmark.py","false","true","false","true","true","GRAPH-C2-R2-LSYM-BUDGET-ATTACK","synthetic_budget_rescaled_overlap_capacity","predeclared_synthetic_scale","synthetic_family_generator_edges","L_sym=I-D^-1/2 A_w D^-1/2","spectral_radius(A_w/S_w)","high_betweenness_proxy_vs_matched_random_edges","72.0","0.229036236997816","0.8672326056028228","0.027777777777777776","expander_like","0.4096571059900913","0.05521758146421861","0.12467863032705959","diagnostic_only_excluded_from_material_validation","software_sanity_only","Generated from C2_residual_benchmark_synthetic_rows.csv; row cannot support material claims."
"expander_like_005","synthetic_only_not_material","SYN-C2-R2-expander_like_005","synthetic_static_graph","29202","diagnostic_synthetic","Y_B_positive_diagnostic","SYN-C2-R2-PLANTED","3.0423035365690994","dimensionless_planted_diagnostic","diagnostic_only","synthetic_planted_protocol_sanity","diagnostic_synthetic","current/B/scripts/C2_residual_benchmark.py","false","true","false","true","true","GRAPH-C2-R2-LSYM-BUDGET-ATTACK","synthetic_budget_rescaled_overlap_capacity","predeclared_synthetic_scale","synthetic_family_generator_edges","L_sym=I-D^-1/2 A_w D^-1/2","spectral_radius(A_w/S_w)","high_betweenness_proxy_vs_matched_random_edges","72.0","0.229036236997816","0.8672326056028228","0.027777777777777776","expander_like","0.4096571059900913","0.05521758146421861","0.12467863032705959","diagnostic_only_excluded_from_material_validation","software_sanity_only","Generated from C2_residual_benchmark_synthetic_rows.csv; row cannot support material claims."
"expander_like_006","synthetic_only_not_material","SYN-C2-R2-expander_like_006","synthetic_static_graph","29202","diagnostic_synthetic","Y_A_null_diagnostic","SYN-C2-R2-PLANTED","2.4869367399581543","dimensionless_planted_diagnostic","diagnostic_only","synthetic_planted_protocol_sanity","diagnostic_synthetic","current/B/scripts/C2_residual_benchmark.py","false","true","false","true","true","GRAPH-C2-R2-LSYM-BUDGET-ATTACK","synthetic_budget_rescaled_overlap_capacity","predeclared_synthetic_scale","synthetic_family_generator_edges","L_sym=I-D^-1/2 A_w D^-1/2","spectral_radius(A_w/S_w)","high_betweenness_proxy_vs_matched_random_edges","72.0","0.2524197899053337","0.8284157424663395","0.027777777777777776","expander_like","0.3690702864205374","0.055558596537525685","-0.18681374277319598","diagnostic_only_excluded_from_material_validation","software_sanity_only","Generated from C2_residual_benchmark_synthetic_rows.csv; row cannot support material claims."
"expander_like_006","synthetic_only_not_material","SYN-C2-R2-expander_like_006","synthetic_static_graph","29202","diagnostic_synthetic","Y_B_positive_diagnostic","SYN-C2-R2-PLANTED","3.245581566726891","dimensionless_planted_diagnostic","diagnostic_only","synthetic_planted_protocol_sanity","diagnostic_synthetic","current/B/scripts/C2_residual_benchmark.py","false","true","false","true","true","GRAPH-C2-R2-LSYM-BUDGET-ATTACK","synthetic_budget_rescaled_overlap_capacity","predeclared_synthetic_scale","synthetic_family_generator_edges","L_sym=I-D^-1/2 A_w D^-1/2","spectral_radius(A_w/S_w)","high_betweenness_proxy_vs_matched_random_edges","72.0","0.2524197899053337","0.8284157424663395","0.027777777777777776","expander_like","0.3690702864205374","0.055558596537525685","-0.18681374277319598","diagnostic_only_excluded_from_material_validation","software_sanity_only","Generated from C2_residual_benchmark_synthetic_rows.csv; row cannot support material claims."
"expander_like_007","synthetic_only_not_material","SYN-C2-R2-expander_like_007","synthetic_static_graph","29202","diagnostic_synthetic","Y_A_null_diagnostic","SYN-C2-R2-PLANTED","2.6107733367418247","dimensionless_planted_diagnostic","diagnostic_only","synthetic_planted_protocol_sanity","diagnostic_synthetic","current/B/scripts/C2_residual_benchmark.py","false","true","false","true","true","GRAPH-C2-R2-LSYM-BUDGET-ATTACK","synthetic_budget_rescaled_overlap_capacity","predeclared_synthetic_scale","synthetic_family_generator_edges","L_sym=I-D^-1/2 A_w D^-1/2","spectral_radius(A_w/S_w)","high_betweenness_proxy_vs_matched_random_edges","72.0","0.1373117003236131","1.1351783045651425","0.027777777777777776","expander_like","0.4420093345785414","0.054288728675105424","0.020358094125025428","diagnostic_only_excluded_from_material_validation","software_sanity_only","Generated from C2_residual_benchmark_synthetic_rows.csv; row cannot support material claims."
"expander_like_007","synthetic_only_not_material","SYN-C2-R2-expander_like_007","synthetic_static_graph","29202","diagnostic_synthetic","Y_B_positive_diagnostic","SYN-C2-R2-PLANTED","3.299665987354968","dimensionless_planted_diagnostic","diagnostic_only","synthetic_planted_protocol_sanity","diagnostic_synthetic","current/B/scripts/C2_residual_benchmark.py","false","true","false","true","true","GRAPH-C2-R2-LSYM-BUDGET-ATTACK","synthetic_budget_rescaled_overlap_capacity","predeclared_synthetic_scale","synthetic_family_generator_edges","L_sym=I-D^-1/2 A_w D^-1/2","spectral_radius(A_w/S_w)","high_betweenness_proxy_vs_matched_random_edges","72.0","0.1373117003236131","1.1351783045651425","0.027777777777777776","expander_like","0.4420093345785414","0.054288728675105424","0.020358094125025428","diagnostic_only_excluded_from_material_validation","software_sanity_only","Generated from C2_residual_benchmark_synthetic_rows.csv; row cannot support material claims."
"expander_like_008","synthetic_only_not_material","SYN-C2-R2-expander_like_008","synthetic_static_graph","29202","diagnostic_synthetic","Y_A_null_diagnostic","SYN-C2-R2-PLANTED","2.6621122583735026","dimensionless_planted_diagnostic","diagnostic_only","synthetic_planted_protocol_sanity","diagnostic_synthetic","current/B/scripts/C2_residual_benchmark.py","false","true","false","true","true","GRAPH-C2-R2-LSYM-BUDGET-ATTACK","synthetic_budget_rescaled_overlap_capacity","predeclared_synthetic_scale","synthetic_family_generator_edges","L_sym=I-D^-1/2 A_w D^-1/2","spectral_radius(A_w/S_w)","high_betweenness_proxy_vs_matched_random_edges","72.0","0.250427605300859","1.0498011148776571","0.027777777777777776","expander_like","0.4164229974897762","0.054657339501397416","-0.14658843343592998","diagnostic_only_excluded_from_material_validation","software_sanity_only","Generated from C2_residual_benchmark_synthetic_rows.csv; row cannot support material claims."
"expander_like_008","synthetic_only_not_material","SYN-C2-R2-expander_like_008","synthetic_static_graph","29202","diagnostic_synthetic","Y_B_positive_diagnostic","SYN-C2-R2-PLANTED","3.460318644449482","dimensionless_planted_diagnostic","diagnostic_only","synthetic_planted_protocol_sanity","diagnostic_synthetic","current/B/scripts/C2_residual_benchmark.py","false","true","false","true","true","GRAPH-C2-R2-LSYM-BUDGET-ATTACK","synthetic_budget_rescaled_overlap_capacity","predeclared_synthetic_scale","synthetic_family_generator_edges","L_sym=I-D^-1/2 A_w D^-1/2","spectral_radius(A_w/S_w)","high_betweenness_proxy_vs_matched_random_edges","72.0","0.250427605300859","1.0498011148776571","0.027777777777777776","expander_like","0.4164229974897762","0.054657339501397416","-0.14658843343592998","diagnostic_only_excluded_from_material_validation","software_sanity_only","Generated from C2_residual_benchmark_synthetic_rows.csv; row cannot support material claims."
"expander_like_009","synthetic_only_not_material","SYN-C2-R2-expander_like_009","synthetic_static_graph","29202","diagnostic_synthetic","Y_A_null_diagnostic","SYN-C2-R2-PLANTED","2.5827726367672525","dimensionless_planted_diagnostic","diagnostic_only","synthetic_planted_protocol_sanity","diagnostic_synthetic","current/B/scripts/C2_residual_benchmark.py","false","true","false","true","true","GRAPH-C2-R2-LSYM-BUDGET-ATTACK","synthetic_budget_rescaled_overlap_capacity","predeclared_synthetic_scale","synthetic_family_generator_edges","L_sym=I-D^-1/2 A_w D^-1/2","spectral_radius(A_w/S_w)","high_betweenness_proxy_vs_matched_random_edges","72.0","0.17788467364085497","1.1691341825884987","0.027777777777777776","expander_like","0.47321163986423487","0.055429156246443276","0.18283358973015523","diagnostic_only_excluded_from_material_validation","software_sanity_only","Generated from C2_residual_benchmark_synthetic_rows.csv; row cannot support material claims."
"expander_like_009","synthetic_only_not_material","SYN-C2-R2-expander_like_009","synthetic_static_graph","29202","diagnostic_synthetic","Y_B_positive_diagnostic","SYN-C2-R2-PLANTED","3.1753610297928887","dimensionless_planted_diagnostic","diagnostic_only","synthetic_planted_protocol_sanity","diagnostic_synthetic","current/B/scripts/C2_residual_benchmark.py","false","true","false","true","true","GRAPH-C2-R2-LSYM-BUDGET-ATTACK","synthetic_budget_rescaled_overlap_capacity","predeclared_synthetic_scale","synthetic_family_generator_edges","L_sym=I-D^-1/2 A_w D^-1/2","spectral_radius(A_w/S_w)","high_betweenness_proxy_vs_matched_random_edges","72.0","0.17788467364085497","1.1691341825884987","0.027777777777777776","expander_like","0.47321163986423487","0.055429156246443276","0.18283358973015523","diagnostic_only_excluded_from_material_validation","software_sanity_only","Generated from C2_residual_benchmark_synthetic_rows.csv; row cannot support material claims."
"expander_like_010","synthetic_only_not_material","SYN-C2-R2-expander_like_010","synthetic_static_graph","29202","diagnostic_synthetic","Y_A_null_diagnostic","SYN-C2-R2-PLANTED","2.6812481656803846","dimensionless_planted_diagnostic","diagnostic_only","synthetic_planted_protocol_sanity","diagnostic_synthetic","current/B/scripts/C2_residual_benchmark.py","false","true","false","true","true","GRAPH-C2-R2-LSYM-BUDGET-ATTACK","synthetic_budget_rescaled_overlap_capacity","predeclared_synthetic_scale","synthetic_family_generator_edges","L_sym=I-D^-1/2 A_w D^-1/2","spectral_radius(A_w/S_w)","high_betweenness_proxy_vs_matched_random_edges","72.0","0.0502056816761162","0.9525353093590635","0.027777777777777776","expander_like","0.36921925225789587","0.05519652463321124","-0.1262348113660684","diagnostic_only_excluded_from_material_validation","software_sanity_only","Generated from C2_residual_benchmark_synthetic_rows.csv; row cannot support material claims."
"expander_like_010","synthetic_only_not_material","SYN-C2-R2-expander_like_010","synthetic_static_graph","29202","diagnostic_synthetic","Y_B_positive_diagnostic","SYN-C2-R2-PLANTED","3.38561029952248","dimensionless_planted_diagnostic","diagnostic_only","synthetic_planted_protocol_sanity","diagnostic_synthetic","current/B/scripts/C2_residual_benchmark.py","false","true","false","true","true","GRAPH-C2-R2-LSYM-BUDGET-ATTACK","synthetic_budget_rescaled_overlap_capacity","predeclared_synthetic_scale","synthetic_family_generator_edges","L_sym=I-D^-1/2 A_w D^-1/2","spectral_radius(A_w/S_w)","high_betweenness_proxy_vs_matched_random_edges","72.0","0.0502056816761162","0.9525353093590635","0.027777777777777776","expander_like","0.36921925225789587","0.05519652463321124","-0.1262348113660684","diagnostic_only_excluded_from_material_validation","software_sanity_only","Generated from C2_residual_benchmark_synthetic_rows.csv; row cannot support material claims."
"expander_like_011","synthetic_only_not_material","SYN-C2-R2-expander_like_011","synthetic_static_graph","29202","diagnostic_synthetic","Y_A_null_diagnostic","SYN-C2-R2-PLANTED","2.625808019606993","dimensionless_planted_diagnostic","diagnostic_only","synthetic_planted_protocol_sanity","diagnostic_synthetic","current/B/scripts/C2_residual_benchmark.py","false","true","false","true","true","GRAPH-C2-R2-LSYM-BUDGET-ATTACK","synthetic_budget_rescaled_overlap_capacity","predeclared_synthetic_scale","synthetic_family_generator_edges","L_sym=I-D^-1/2 A_w D^-1/2","spectral_radius(A_w/S_w)","high_betweenness_proxy_vs_matched_random_edges","72.0","0.17000841711352038","1.1320967596813951","0.027777777777777776","expander_like","0.3803984569060116","0.05575410622045312","-0.06502168891296053","diagnostic_only_excluded_from_material_validation","software_sanity_only","Generated from C2_residual_benchmark_synthetic_rows.csv; row cannot support material claims."
"expander_like_011","synthetic_only_not_material","SYN-C2-R2-expander_like_011","synthetic_static_graph","29202","diagnostic_synthetic","Y_B_positive_diagnostic","SYN-C2-R2-PLANTED","3.2929650706782763","dimensionless_planted_diagnostic","diagnostic_only","synthetic_planted_protocol_sanity","diagnostic_synthetic","current/B/scripts/C2_residual_benchmark.py","false","true","false","true","true","GRAPH-C2-R2-LSYM-BUDGET-ATTACK","synthetic_budget_rescaled_overlap_capacity","predeclared_synthetic_scale","synthetic_family_generator_edges","L_sym=I-D^-1/2 A_w D^-1/2","spectral_radius(A_w/S_w)","high_betweenness_proxy_vs_matched_random_edges","72.0","0.17000841711352038","1.1320967596813951","0.027777777777777776","expander_like","0.3803984569060116","0.05575410622045312","-0.06502168891296053","diagnostic_only_excluded_from_material_validation","software_sanity_only","Generated from C2_residual_benchmark_synthetic_rows.csv; row cannot support material claims."
"expander_like_012","synthetic_only_not_material","SYN-C2-R2-expander_like_012","synthetic_static_graph","29202","diagnostic_synthetic","Y_A_null_diagnostic","SYN-C2-R2-PLANTED","2.518075745832623","dimensionless_planted_diagnostic","diagnostic_only","synthetic_planted_protocol_sanity","diagnostic_synthetic","current/B/scripts/C2_residual_benchmark.py","false","true","false","true","true","GRAPH-C2-R2-LSYM-BUDGET-ATTACK","synthetic_budget_rescaled_overlap_capacity","predeclared_synthetic_scale","synthetic_family_generator_edges","L_sym=I-D^-1/2 A_w D^-1/2","spectral_radius(A_w/S_w)","high_betweenness_proxy_vs_matched_random_edges","72.0","0.33327656318218263","0.8957060960302755","0.027777777777777776","expander_like","0.38516039407477864","0.05499446637650676","-0.04431402052097477","diagnostic_only_excluded_from_material_validation","software_sanity_only","Generated from C2_residual_benchmark_synthetic_rows.csv; row cannot support material claims."
"expander_like_012","synthetic_only_not_material","SYN-C2-R2-expander_like_012","synthetic_static_graph","29202","diagnostic_synthetic","Y_B_positive_diagnostic","SYN-C2-R2-PLANTED","3.174214994821146","dimensionless_planted_diagnostic","diagnostic_only","synthetic_planted_protocol_sanity","diagnostic_synthetic","current/B/scripts/C2_residual_benchmark.py","false","true","false","true","true","GRAPH-C2-R2-LSYM-BUDGET-ATTACK","synthetic_budget_rescaled_overlap_capacity","predeclared_synthetic_scale","synthetic_family_generator_edges","L_sym=I-D^-1/2 A_w D^-1/2","spectral_radius(A_w/S_w)","high_betweenness_proxy_vs_matched_random_edges","72.0","0.33327656318218263","0.8957060960302755","0.027777777777777776","expander_like","0.38516039407477864","0.05499446637650676","-0.04431402052097477","diagnostic_only_excluded_from_material_validation","software_sanity_only","Generated from C2_residual_benchmark_synthetic_rows.csv; row cannot support material claims."
"expander_like_013","synthetic_only_not_material","SYN-C2-R2-expander_like_013","synthetic_static_graph","29202","diagnostic_synthetic","Y_A_null_diagnostic","SYN-C2-R2-PLANTED","2.6186949799288195","dimensionless_planted_diagnostic","diagnostic_only","synthetic_planted_protocol_sanity","diagnostic_synthetic","current/B/scripts/C2_residual_benchmark.py","false","true","false","true","true","GRAPH-C2-R2-LSYM-BUDGET-ATTACK","synthetic_budget_rescaled_overlap_capacity","predeclared_synthetic_scale","synthetic_family_generator_edges","L_sym=I-D^-1/2 A_w D^-1/2","spectral_radius(A_w/S_w)","high_betweenness_proxy_vs_matched_random_edges","72.0","0.2637840461125699","1.1529473262753684","0.027777777777777776","expander_like","0.37180271453113967","0.05465068451856569","-0.14848195494619842","diagnostic_only_excluded_from_material_validation","software_sanity_only","Generated from C2_residual_benchmark_synthetic_rows.csv; row cannot support material claims."
"expander_like_013","synthetic_only_not_material","SYN-C2-R2-expander_like_013","synthetic_static_graph","29202","diagnostic_synthetic","Y_B_positive_diagnostic","SYN-C2-R2-PLANTED","3.3472130826302218","dimensionless_planted_diagnostic","diagnostic_only","synthetic_planted_protocol_sanity","diagnostic_synthetic","current/B/scripts/C2_residual_benchmark.py","false","true","false","true","true","GRAPH-C2-R2-LSYM-BUDGET-ATTACK","synthetic_budget_rescaled_overlap_capacity","predeclared_synthetic_scale","synthetic_family_generator_edges","L_sym=I-D^-1/2 A_w D^-1/2","spectral_radius(A_w/S_w)","high_betweenness_proxy_vs_matched_random_edges","72.0","0.2637840461125699","1.1529473262753684","0.027777777777777776","expander_like","0.37180271453113967","0.05465068451856569","-0.14848195494619842","diagnostic_only_excluded_from_material_validation","software_sanity_only","Generated from C2_residual_benchmark_synthetic_rows.csv; row cannot support material claims."
"expander_like_014","synthetic_only_not_material","SYN-C2-R2-expander_like_014","synthetic_static_graph","29202","diagnostic_synthetic","Y_A_null_diagnostic","SYN-C2-R2-PLANTED","2.5078614301284126","dimensionless_planted_diagnostic","diagnostic_only","synthetic_planted_protocol_sanity","diagnostic_synthetic","current/B/scripts/C2_residual_benchmark.py","false","true","false","true","true","GRAPH-C2-R2-LSYM-BUDGET-ATTACK","synthetic_budget_rescaled_overlap_capacity","predeclared_synthetic_scale","synthetic_family_generator_edges","L_sym=I-D^-1/2 A_w D^-1/2","spectral_radius(A_w/S_w)","high_betweenness_proxy_vs_matched_random_edges","72.0","0.20617297961513403","1.011861122273952","0.027777777777777776","expander_like","0.4745205486670723","0.05484711732472003","0.029385627270775594","diagnostic_only_excluded_from_material_validation","software_sanity_only","Generated from C2_residual_benchmark_synthetic_rows.csv; row cannot support material claims."
"expander_like_014","synthetic_only_not_material","SYN-C2-R2-expander_like_014","synthetic_static_graph","29202","diagnostic_synthetic","Y_B_positive_diagnostic","SYN-C2-R2-PLANTED","3.24064724345203","dimensionless_planted_diagnostic","diagnostic_only","synthetic_planted_protocol_sanity","diagnostic_synthetic","current/B/scripts/C2_residual_benchmark.py","false","true","false","true","true","GRAPH-C2-R2-LSYM-BUDGET-ATTACK","synthetic_budget_rescaled_overlap_capacity","predeclared_synthetic_scale","synthetic_family_generator_edges","L_sym=I-D^-1/2 A_w D^-1/2","spectral_radius(A_w/S_w)","high_betweenness_proxy_vs_matched_random_edges","72.0","0.20617297961513403","1.011861122273952","0.027777777777777776","expander_like","0.4745205486670723","0.05484711732472003","0.029385627270775594","diagnostic_only_excluded_from_material_validation","software_sanity_only","Generated from C2_residual_benchmark_synthetic_rows.csv; row cannot support material claims."
"expander_like_015","synthetic_only_not_material","SYN-C2-R2-expander_like_015","synthetic_static_graph","29202","diagnostic_synthetic","Y_A_null_diagnostic","SYN-C2-R2-PLANTED","2.5902320174739493","dimensionless_planted_diagnostic","diagnostic_only","synthetic_planted_protocol_sanity","diagnostic_synthetic","current/B/scripts/C2_residual_benchmark.py","false","true","false","true","true","GRAPH-C2-R2-LSYM-BUDGET-ATTACK","synthetic_budget_rescaled_overlap_capacity","predeclared_synthetic_scale","synthetic_family_generator_edges","L_sym=I-D^-1/2 A_w D^-1/2","spectral_radius(A_w/S_w)","high_betweenness_proxy_vs_matched_random_edges","72.0","0.16288059577401318","1.076657950922831","0.027777777777777776","expander_like","0.411992246300837","0.05585459851384515","0.1386074165107659","diagnostic_only_excluded_from_material_validation","software_sanity_only","Generated from C2_residual_benchmark_synthetic_rows.csv; row cannot support material claims."
"expander_like_015","synthetic_only_not_material","SYN-C2-R2-expander_like_015","synthetic_static_graph","29202","diagnostic_synthetic","Y_B_positive_diagnostic","SYN-C2-R2-PLANTED","3.1246729366955988","dimensionless_planted_diagnostic","diagnostic_only","synthetic_planted_protocol_sanity","diagnostic_synthetic","current/B/scripts/C2_residual_benchmark.py","false","true","false","true","true","GRAPH-C2-R2-LSYM-BUDGET-ATTACK","synthetic_budget_rescaled_overlap_capacity","predeclared_synthetic_scale","synthetic_family_generator_edges","L_sym=I-D^-1/2 A_w D^-1/2","spectral_radius(A_w/S_w)","high_betweenness_proxy_vs_matched_random_edges","72.0","0.16288059577401318","1.076657950922831","0.027777777777777776","expander_like","0.411992246300837","0.05585459851384515","0.1386074165107659","diagnostic_only_excluded_from_material_validation","software_sanity_only","Generated from C2_residual_benchmark_synthetic_rows.csv; row cannot support material claims."
"expander_like_016","synthetic_only_not_material","SYN-C2-R2-expander_like_016","synthetic_static_graph","29202","diagnostic_synthetic","Y_A_null_diagnostic","SYN-C2-R2-PLANTED","2.5953992655913742","dimensionless_planted_diagnostic","diagnostic_only","synthetic_planted_protocol_sanity","diagnostic_synthetic","current/B/scripts/C2_residual_benchmark.py","false","true","false","true","true","GRAPH-C2-R2-LSYM-BUDGET-ATTACK","synthetic_budget_rescaled_overlap_capacity","predeclared_synthetic_scale","synthetic_family_generator_edges","L_sym=I-D^-1/2 A_w D^-1/2","spectral_radius(A_w/S_w)","high_betweenness_proxy_vs_matched_random_edges","72.0","0.14160010752194988","0.9243200357985076","0.027777777777777776","expander_like","0.38125843352636735","0.05534557089681124","-0.18653292855072687","diagnostic_only_excluded_from_material_validation","software_sanity_only","Generated from C2_residual_benchmark_synthetic_rows.csv; row cannot support material claims."
"expander_like_016","synthetic_only_not_material","SYN-C2-R2-expander_like_016","synthetic_static_graph","29202","diagnostic_synthetic","Y_B_positive_diagnostic","SYN-C2-R2-PLANTED","3.373292394929216","dimensionless_planted_diagnostic","diagnostic_only","synthetic_planted_protocol_sanity","diagnostic_synthetic","current/B/scripts/C2_residual_benchmark.py","false","true","false","true","true","GRAPH-C2-R2-LSYM-BUDGET-ATTACK","synthetic_budget_rescaled_overlap_capacity","predeclared_synthetic_scale","synthetic_family_generator_edges","L_sym=I-D^-1/2 A_w D^-1/2","spectral_radius(A_w/S_w)","high_betweenness_proxy_vs_matched_random_edges","72.0","0.14160010752194988","0.9243200357985076","0.027777777777777776","expander_like","0.38125843352636735","0.05534557089681124","-0.18653292855072687","diagnostic_only_excluded_from_material_validation","software_sanity_only","Generated from C2_residual_benchmark_synthetic_rows.csv; row cannot support material claims."
"expander_like_017","synthetic_only_not_material","SYN-C2-R2-expander_like_017","synthetic_static_graph","29202","diagnostic_synthetic","Y_A_null_diagnostic","SYN-C2-R2-PLANTED","2.4928977386820996","dimensionless_planted_diagnostic","diagnostic_only","synthetic_planted_protocol_sanity","diagnostic_synthetic","current/B/scripts/C2_residual_benchmark.py","false","true","false","true","true","GRAPH-C2-R2-LSYM-BUDGET-ATTACK","synthetic_budget_rescaled_overlap_capacity","predeclared_synthetic_scale","synthetic_family_generator_edges","L_sym=I-D^-1/2 A_w D^-1/2","spectral_radius(A_w/S_w)","high_betweenness_proxy_vs_matched_random_edges","72.0","0.206224569884143","1.1300278831646318","0.027777777777777776","expander_like","0.30445925709460897","0.05567010430197204","-0.0031969187345578","diagnostic_only_excluded_from_material_validation","software_sanity_only","Generated from C2_residual_benchmark_synthetic_rows.csv; row cannot support material claims."
"expander_like_017","synthetic_only_not_material","SYN-C2-R2-expander_like_017","synthetic_static_graph","29202","diagnostic_synthetic","Y_B_positive_diagnostic","SYN-C2-R2-PLANTED","2.982909776894576","dimensionless_planted_diagnostic","diagnostic_only","synthetic_planted_protocol_sanity","diagnostic_synthetic","current/B/scripts/C2_residual_benchmark.py","false","true","false","true","true","GRAPH-C2-R2-LSYM-BUDGET-ATTACK","synthetic_budget_rescaled_overlap_capacity","predeclared_synthetic_scale","synthetic_family_generator_edges","L_sym=I-D^-1/2 A_w D^-1/2","spectral_radius(A_w/S_w)","high_betweenness_proxy_vs_matched_random_edges","72.0","0.206224569884143","1.1300278831646318","0.027777777777777776","expander_like","0.30445925709460897","0.05567010430197204","-0.0031969187345578","diagnostic_only_excluded_from_material_validation","software_sanity_only","Generated from C2_residual_benchmark_synthetic_rows.csv; row cannot support material claims."
"expander_like_018","synthetic_only_not_material","SYN-C2-R2-expander_like_018","synthetic_static_graph","29202","diagnostic_synthetic","Y_A_null_diagnostic","SYN-C2-R2-PLANTED","2.599855157560457","dimensionless_planted_diagnostic","diagnostic_only","synthetic_planted_protocol_sanity","diagnostic_synthetic","current/B/scripts/C2_residual_benchmark.py","false","true","false","true","true","GRAPH-C2-R2-LSYM-BUDGET-ATTACK","synthetic_budget_rescaled_overlap_capacity","predeclared_synthetic_scale","synthetic_family_generator_edges","L_sym=I-D^-1/2 A_w D^-1/2","spectral_radius(A_w/S_w)","high_betweenness_proxy_vs_matched_random_edges","72.0","0.18790538228299342","0.8625605032487336","0.027777777777777776","expander_like","0.3839772881451728","0.05683834325621407","-0.30980358289310544","diagnostic_only_excluded_from_material_validation","software_sanity_only","Generated from C2_residual_benchmark_synthetic_rows.csv; row cannot support material claims."
"expander_like_018","synthetic_only_not_material","SYN-C2-R2-expander_like_018","synthetic_static_graph","29202","diagnostic_synthetic","Y_B_positive_diagnostic","SYN-C2-R2-PLANTED","3.493042043196528","dimensionless_planted_diagnostic","diagnostic_only","synthetic_planted_protocol_sanity","diagnostic_synthetic","current/B/scripts/C2_residual_benchmark.py","false","true","false","true","true","GRAPH-C2-R2-LSYM-BUDGET-ATTACK","synthetic_budget_rescaled_overlap_capacity","predeclared_synthetic_scale","synthetic_family_generator_edges","L_sym=I-D^-1/2 A_w D^-1/2","spectral_radius(A_w/S_w)","high_betweenness_proxy_vs_matched_random_edges","72.0","0.18790538228299342","0.8625605032487336","0.027777777777777776","expander_like","0.3839772881451728","0.05683834325621407","-0.30980358289310544","diagnostic_only_excluded_from_material_validation","software_sanity_only","Generated from C2_residual_benchmark_synthetic_rows.csv; row cannot support material claims."
"expander_like_019","synthetic_only_not_material","SYN-C2-R2-expander_like_019","synthetic_static_graph","29202","diagnostic_synthetic","Y_A_null_diagnostic","SYN-C2-R2-PLANTED","2.4820186005918754","dimensionless_planted_diagnostic","diagnostic_only","synthetic_planted_protocol_sanity","diagnostic_synthetic","current/B/scripts/C2_residual_benchmark.py","false","true","false","true","true","GRAPH-C2-R2-LSYM-BUDGET-ATTACK","synthetic_budget_rescaled_overlap_capacity","predeclared_synthetic_scale","synthetic_family_generator_edges","L_sym=I-D^-1/2 A_w D^-1/2","spectral_radius(A_w/S_w)","high_betweenness_proxy_vs_matched_random_edges","72.0","0.20494417550802224","0.9283206486268489","0.027777777777777776","expander_like","0.4756177219091384","0.05422776341241236","-0.0070560075225227226","diagnostic_only_excluded_from_material_validation","software_sanity_only","Generated from C2_residual_benchmark_synthetic_rows.csv; row cannot support material claims."
"expander_like_019","synthetic_only_not_material","SYN-C2-R2-expander_like_019","synthetic_static_graph","29202","diagnostic_synthetic","Y_B_positive_diagnostic","SYN-C2-R2-PLANTED","3.2493573624167675","dimensionless_planted_diagnostic","diagnostic_only","synthetic_planted_protocol_sanity","diagnostic_synthetic","current/B/scripts/C2_residual_benchmark.py","false","true","false","true","true","GRAPH-C2-R2-LSYM-BUDGET-ATTACK","synthetic_budget_rescaled_overlap_capacity","predeclared_synthetic_scale","synthetic_family_generator_edges","L_sym=I-D^-1/2 A_w D^-1/2","spectral_radius(A_w/S_w)","high_betweenness_proxy_vs_matched_random_edges","72.0","0.20494417550802224","0.9283206486268489","0.027777777777777776","expander_like","0.4756177219091384","0.05422776341241236","-0.0070560075225227226","diagnostic_only_excluded_from_material_validation","software_sanity_only","Generated from C2_residual_benchmark_synthetic_rows.csv; row cannot support material claims."
"expander_like_020","synthetic_only_not_material","SYN-C2-R2-expander_like_020","synthetic_static_graph","29202","diagnostic_synthetic","Y_A_null_diagnostic","SYN-C2-R2-PLANTED","2.3478247183105463","dimensionless_planted_diagnostic","diagnostic_only","synthetic_planted_protocol_sanity","diagnostic_synthetic","current/B/scripts/C2_residual_benchmark.py","false","true","false","true","true","GRAPH-C2-R2-LSYM-BUDGET-ATTACK","synthetic_budget_rescaled_overlap_capacity","predeclared_synthetic_scale","synthetic_family_generator_edges","L_sym=I-D^-1/2 A_w D^-1/2","spectral_radius(A_w/S_w)","high_betweenness_proxy_vs_matched_random_edges","72.0","0.30158980169130306","1.0713607889334635","0.027777777777777776","expander_like","0.37728872482575243","0.05489124136988605","-0.2130526122669778","diagnostic_only_excluded_from_material_validation","software_sanity_only","Generated from C2_residual_benchmark_synthetic_rows.csv; row cannot support material claims."
"expander_like_020","synthetic_only_not_material","SYN-C2-R2-expander_like_020","synthetic_static_graph","29202","diagnostic_synthetic","Y_B_positive_diagnostic","SYN-C2-R2-PLANTED","3.14323402907203","dimensionless_planted_diagnostic","diagnostic_only","synthetic_planted_protocol_sanity","diagnostic_synthetic","current/B/scripts/C2_residual_benchmark.py","false","true","false","true","true","GRAPH-C2-R2-LSYM-BUDGET-ATTACK","synthetic_budget_rescaled_overlap_capacity","predeclared_synthetic_scale","synthetic_family_generator_edges","L_sym=I-D^-1/2 A_w D^-1/2","spectral_radius(A_w/S_w)","high_betweenness_proxy_vs_matched_random_edges","72.0","0.30158980169130306","1.0713607889334635","0.027777777777777776","expander_like","0.37728872482575243","0.05489124136988605","-0.2130526122669778","diagnostic_only_excluded_from_material_validation","software_sanity_only","Generated from C2_residual_benchmark_synthetic_rows.csv; row cannot support material claims."
"expander_like_021","synthetic_only_not_material","SYN-C2-R2-expander_like_021","synthetic_static_graph","29202","diagnostic_synthetic","Y_A_null_diagnostic","SYN-C2-R2-PLANTED","2.440021524755016","dimensionless_planted_diagnostic","diagnostic_only","synthetic_planted_protocol_sanity","diagnostic_synthetic","current/B/scripts/C2_residual_benchmark.py","false","true","false","true","true","GRAPH-C2-R2-LSYM-BUDGET-ATTACK","synthetic_budget_rescaled_overlap_capacity","predeclared_synthetic_scale","synthetic_family_generator_edges","L_sym=I-D^-1/2 A_w D^-1/2","spectral_radius(A_w/S_w)","high_betweenness_proxy_vs_matched_random_edges","72.0","0.2336608235027382","1.0313731290984038","0.027777777777777776","expander_like","0.26810616113622004","0.05474537273474075","-0.03821839918591753","diagnostic_only_excluded_from_material_validation","software_sanity_only","Generated from C2_residual_benchmark_synthetic_rows.csv; row cannot support material claims."
"expander_like_021","synthetic_only_not_material","SYN-C2-R2-expander_like_021","synthetic_static_graph","29202","diagnostic_synthetic","Y_B_positive_diagnostic","SYN-C2-R2-PLANTED","2.903387941840294","dimensionless_planted_diagnostic","diagnostic_only","synthetic_planted_protocol_sanity","diagnostic_synthetic","current/B/scripts/C2_residual_benchmark.py","false","true","false","true","true","GRAPH-C2-R2-LSYM-BUDGET-ATTACK","synthetic_budget_rescaled_overlap_capacity","predeclared_synthetic_scale","synthetic_family_generator_edges","L_sym=I-D^-1/2 A_w D^-1/2","spectral_radius(A_w/S_w)","high_betweenness_proxy_vs_matched_random_edges","72.0","0.2336608235027382","1.0313731290984038","0.027777777777777776","expander_like","0.26810616113622004","0.05474537273474075","-0.03821839918591753","diagnostic_only_excluded_from_material_validation","software_sanity_only","Generated from C2_residual_benchmark_synthetic_rows.csv; row cannot support material claims."
"expander_like_022","synthetic_only_not_material","SYN-C2-R2-expander_like_022","synthetic_static_graph","29202","diagnostic_synthetic","Y_A_null_diagnostic","SYN-C2-R2-PLANTED","2.581188896569218","dimensionless_planted_diagnostic","diagnostic_only","synthetic_planted_protocol_sanity","diagnostic_synthetic","current/B/scripts/C2_residual_benchmark.py","false","true","false","true","true","GRAPH-C2-R2-LSYM-BUDGET-ATTACK","synthetic_budget_rescaled_overlap_capacity","predeclared_synthetic_scale","synthetic_family_generator_edges","L_sym=I-D^-1/2 A_w D^-1/2","spectral_radius(A_w/S_w)","high_betweenness_proxy_vs_matched_random_edges","72.0","0.10665551903506845","0.8617833926722626","0.027777777777777776","expander_like","0.29765287401769525","0.055177275497851314","-0.0969082825548256","diagnostic_only_excluded_from_material_validation","software_sanity_only","Generated from C2_residual_benchmark_synthetic_rows.csv; row cannot support material claims."
"expander_like_022","synthetic_only_not_material","SYN-C2-R2-expander_like_022","synthetic_static_graph","29202","diagnostic_synthetic","Y_B_positive_diagnostic","SYN-C2-R2-PLANTED","3.1446509492968735","dimensionless_planted_diagnostic","diagnostic_only","synthetic_planted_protocol_sanity","diagnostic_synthetic","current/B/scripts/C2_residual_benchmark.py","false","true","false","true","true","GRAPH-C2-R2-LSYM-BUDGET-ATTACK","synthetic_budget_rescaled_overlap_capacity","predeclared_synthetic_scale","synthetic_family_generator_edges","L_sym=I-D^-1/2 A_w D^-1/2","spectral_radius(A_w/S_w)","high_betweenness_proxy_vs_matched_random_edges","72.0","0.10665551903506845","0.8617833926722626","0.027777777777777776","expander_like","0.29765287401769525","0.055177275497851314","-0.0969082825548256","diagnostic_only_excluded_from_material_validation","software_sanity_only","Generated from C2_residual_benchmark_synthetic_rows.csv; row cannot support material claims."
"expander_like_023","synthetic_only_not_material","SYN-C2-R2-expander_like_023","synthetic_static_graph","29202","diagnostic_synthetic","Y_A_null_diagnostic","SYN-C2-R2-PLANTED","2.5582401819271303","dimensionless_planted_diagnostic","diagnostic_only","synthetic_planted_protocol_sanity","diagnostic_synthetic","current/B/scripts/C2_residual_benchmark.py","false","true","false","true","true","GRAPH-C2-R2-LSYM-BUDGET-ATTACK","synthetic_budget_rescaled_overlap_capacity","predeclared_synthetic_scale","synthetic_family_generator_edges","L_sym=I-D^-1/2 A_w D^-1/2","spectral_radius(A_w/S_w)","high_betweenness_proxy_vs_matched_random_edges","72.0","0.24231748388734492","1.0469470277670498","0.027777777777777776","expander_like","0.3569164326161683","0.05453826651623294","-0.14484013565520565","diagnostic_only_excluded_from_material_validation","software_sanity_only","Generated from C2_residual_benchmark_synthetic_rows.csv; row cannot support material claims."
"expander_like_023","synthetic_only_not_material","SYN-C2-R2-expander_like_023","synthetic_static_graph","29202","diagnostic_synthetic","Y_B_positive_diagnostic","SYN-C2-R2-PLANTED","3.2596625962026846","dimensionless_planted_diagnostic","diagnostic_only","synthetic_planted_protocol_sanity","diagnostic_synthetic","current/B/scripts/C2_residual_benchmark.py","false","true","false","true","true","GRAPH-C2-R2-LSYM-BUDGET-ATTACK","synthetic_budget_rescaled_overlap_capacity","predeclared_synthetic_scale","synthetic_family_generator_edges","L_sym=I-D^-1/2 A_w D^-1/2","spectral_radius(A_w/S_w)","high_betweenness_proxy_vs_matched_random_edges","72.0","0.24231748388734492","1.0469470277670498","0.027777777777777776","expander_like","0.3569164326161683","0.05453826651623294","-0.14484013565520565","diagnostic_only_excluded_from_material_validation","software_sanity_only","Generated from C2_residual_benchmark_synthetic_rows.csv; row cannot support material claims."
"expander_like_024","synthetic_only_not_material","SYN-C2-R2-expander_like_024","synthetic_static_graph","29202","diagnostic_synthetic","Y_A_null_diagnostic","SYN-C2-R2-PLANTED","2.5277038135318306","dimensionless_planted_diagnostic","diagnostic_only","synthetic_planted_protocol_sanity","diagnostic_synthetic","current/B/scripts/C2_residual_benchmark.py","false","true","false","true","true","GRAPH-C2-R2-LSYM-BUDGET-ATTACK","synthetic_budget_rescaled_overlap_capacity","predeclared_synthetic_scale","synthetic_family_generator_edges","L_sym=I-D^-1/2 A_w D^-1/2","spectral_radius(A_w/S_w)","high_betweenness_proxy_vs_matched_random_edges","72.0","0.34431414252278736","1.183493229374164","0.027777777777777776","expander_like","0.3848544738263074","0.05546728448318798","-0.12348945554262838","diagnostic_only_excluded_from_material_validation","software_sanity_only","Generated from C2_residual_benchmark_synthetic_rows.csv; row cannot support material claims."
"expander_like_024","synthetic_only_not_material","SYN-C2-R2-expander_like_024","synthetic_static_graph","29202","diagnostic_synthetic","Y_B_positive_diagnostic","SYN-C2-R2-PLANTED","3.254611481642288","dimensionless_planted_diagnostic","diagnostic_only","synthetic_planted_protocol_sanity","diagnostic_synthetic","current/B/scripts/C2_residual_benchmark.py","false","true","false","true","true","GRAPH-C2-R2-LSYM-BUDGET-ATTACK","synthetic_budget_rescaled_overlap_capacity","predeclared_synthetic_scale","synthetic_family_generator_edges","L_sym=I-D^-1/2 A_w D^-1/2","spectral_radius(A_w/S_w)","high_betweenness_proxy_vs_matched_random_edges","72.0","0.34431414252278736","1.183493229374164","0.027777777777777776","expander_like","0.3848544738263074","0.05546728448318798","-0.12348945554262838","diagnostic_only_excluded_from_material_validation","software_sanity_only","Generated from C2_residual_benchmark_synthetic_rows.csv; row cannot support material claims."
"expander_like_025","synthetic_only_not_material","SYN-C2-R2-expander_like_025","synthetic_static_graph","29202","diagnostic_synthetic","Y_A_null_diagnostic","SYN-C2-R2-PLANTED","2.6282769614887815","dimensionless_planted_diagnostic","diagnostic_only","synthetic_planted_protocol_sanity","diagnostic_synthetic","current/B/scripts/C2_residual_benchmark.py","false","true","false","true","true","GRAPH-C2-R2-LSYM-BUDGET-ATTACK","synthetic_budget_rescaled_overlap_capacity","predeclared_synthetic_scale","synthetic_family_generator_edges","L_sym=I-D^-1/2 A_w D^-1/2","spectral_radius(A_w/S_w)","high_betweenness_proxy_vs_matched_random_edges","71.99999999999999","0.15977184913467513","1.1199015499102498","0.027777777777777776","expander_like","0.5087847213796841","0.05573467288528674","-0.15725842815012428","diagnostic_only_excluded_from_material_validation","software_sanity_only","Generated from C2_residual_benchmark_synthetic_rows.csv; row cannot support material claims."
"expander_like_025","synthetic_only_not_material","SYN-C2-R2-expander_like_025","synthetic_static_graph","29202","diagnostic_synthetic","Y_B_positive_diagnostic","SYN-C2-R2-PLANTED","3.583865101031388","dimensionless_planted_diagnostic","diagnostic_only","synthetic_planted_protocol_sanity","diagnostic_synthetic","current/B/scripts/C2_residual_benchmark.py","false","true","false","true","true","GRAPH-C2-R2-LSYM-BUDGET-ATTACK","synthetic_budget_rescaled_overlap_capacity","predeclared_synthetic_scale","synthetic_family_generator_edges","L_sym=I-D^-1/2 A_w D^-1/2","spectral_radius(A_w/S_w)","high_betweenness_proxy_vs_matched_random_edges","71.99999999999999","0.15977184913467513","1.1199015499102498","0.027777777777777776","expander_like","0.5087847213796841","0.05573467288528674","-0.15725842815012428","diagnostic_only_excluded_from_material_validation","software_sanity_only","Generated from C2_residual_benchmark_synthetic_rows.csv; row cannot support material claims."
"expander_like_026","synthetic_only_not_material","SYN-C2-R2-expander_like_026","synthetic_static_graph","29202","diagnostic_synthetic","Y_A_null_diagnostic","SYN-C2-R2-PLANTED","2.479180155263203","dimensionless_planted_diagnostic","diagnostic_only","synthetic_planted_protocol_sanity","diagnostic_synthetic","current/B/scripts/C2_residual_benchmark.py","false","true","false","true","true","GRAPH-C2-R2-LSYM-BUDGET-ATTACK","synthetic_budget_rescaled_overlap_capacity","predeclared_synthetic_scale","synthetic_family_generator_edges","L_sym=I-D^-1/2 A_w D^-1/2","spectral_radius(A_w/S_w)","high_betweenness_proxy_vs_matched_random_edges","72.0","0.24687003346524256","0.9199577236788647","0.027777777777777776","expander_like","0.3723376185758389","0.05566468152358548","-0.0693311408345833","diagnostic_only_excluded_from_material_validation","software_sanity_only","Generated from C2_residual_benchmark_synthetic_rows.csv; row cannot support material claims."
"expander_like_026","synthetic_only_not_material","SYN-C2-R2-expander_like_026","synthetic_static_graph","29202","diagnostic_synthetic","Y_B_positive_diagnostic","SYN-C2-R2-PLANTED","3.1373183717356703","dimensionless_planted_diagnostic","diagnostic_only","synthetic_planted_protocol_sanity","diagnostic_synthetic","current/B/scripts/C2_residual_benchmark.py","false","true","false","true","true","GRAPH-C2-R2-LSYM-BUDGET-ATTACK","synthetic_budget_rescaled_overlap_capacity","predeclared_synthetic_scale","synthetic_family_generator_edges","L_sym=I-D^-1/2 A_w D^-1/2","spectral_radius(A_w/S_w)","high_betweenness_proxy_vs_matched_random_edges","72.0","0.24687003346524256","0.9199577236788647","0.027777777777777776","expander_like","0.3723376185758389","0.05566468152358548","-0.0693311408345833","diagnostic_only_excluded_from_material_validation","software_sanity_only","Generated from C2_residual_benchmark_synthetic_rows.csv; row cannot support material claims."
"expander_like_027","synthetic_only_not_material","SYN-C2-R2-expander_like_027","synthetic_static_graph","29202","diagnostic_synthetic","Y_A_null_diagnostic","SYN-C2-R2-PLANTED","2.5979407373650107","dimensionless_planted_diagnostic","diagnostic_only","synthetic_planted_protocol_sanity","diagnostic_synthetic","current/B/scripts/C2_residual_benchmark.py","false","true","false","true","true","GRAPH-C2-R2-LSYM-BUDGET-ATTACK","synthetic_budget_rescaled_overlap_capacity","predeclared_synthetic_scale","synthetic_family_generator_edges","L_sym=I-D^-1/2 A_w D^-1/2","spectral_radius(A_w/S_w)","high_betweenness_proxy_vs_matched_random_edges","72.0","0.07594270794698975","0.9177285638524343","0.027777777777777776","expander_like","0.39106565496781187","0.05619030972500654","-0.15978471386327184","diagnostic_only_excluded_from_material_validation","software_sanity_only","Generated from C2_residual_benchmark_synthetic_rows.csv; row cannot support material claims."
"expander_like_027","synthetic_only_not_material","SYN-C2-R2-expander_like_027","synthetic_static_graph","29202","diagnostic_synthetic","Y_B_positive_diagnostic","SYN-C2-R2-PLANTED","3.3674520277904545","dimensionless_planted_diagnostic","diagnostic_only","synthetic_planted_protocol_sanity","diagnostic_synthetic","current/B/scripts/C2_residual_benchmark.py","false","true","false","true","true","GRAPH-C2-R2-LSYM-BUDGET-ATTACK","synthetic_budget_rescaled_overlap_capacity","predeclared_synthetic_scale","synthetic_family_generator_edges","L_sym=I-D^-1/2 A_w D^-1/2","spectral_radius(A_w/S_w)","high_betweenness_proxy_vs_matched_random_edges","72.0","0.07594270794698975","0.9177285638524343","0.027777777777777776","expander_like","0.39106565496781187","0.05619030972500654","-0.15978471386327184","diagnostic_only_excluded_from_material_validation","software_sanity_only","Generated from C2_residual_benchmark_synthetic_rows.csv; row cannot support material claims."
"expander_like_028","synthetic_only_not_material","SYN-C2-R2-expander_like_028","synthetic_static_graph","29202","diagnostic_synthetic","Y_A_null_diagnostic","SYN-C2-R2-PLANTED","2.4358296937694575","dimensionless_planted_diagnostic","diagnostic_only","synthetic_planted_protocol_sanity","diagnostic_synthetic","current/B/scripts/C2_residual_benchmark.py","false","true","false","true","true","GRAPH-C2-R2-LSYM-BUDGET-ATTACK","synthetic_budget_rescaled_overlap_capacity","predeclared_synthetic_scale","synthetic_family_generator_edges","L_sym=I-D^-1/2 A_w D^-1/2","spectral_radius(A_w/S_w)","high_betweenness_proxy_vs_matched_random_edges","72.0","0.3340284833805849","0.9497911166961321","0.027777777777777776","expander_like","0.4278704502698426","0.05492582708902495","-0.04280789241528901","diagnostic_only_excluded_from_material_validation","software_sanity_only","Generated from C2_residual_benchmark_synthetic_rows.csv; row cannot support material claims."
"expander_like_028","synthetic_only_not_material","SYN-C2-R2-expander_like_028","synthetic_static_graph","29202","diagnostic_synthetic","Y_B_positive_diagnostic","SYN-C2-R2-PLANTED","3.1589495173749658","dimensionless_planted_diagnostic","diagnostic_only","synthetic_planted_protocol_sanity","diagnostic_synthetic","current/B/scripts/C2_residual_benchmark.py","false","true","false","true","true","GRAPH-C2-R2-LSYM-BUDGET-ATTACK","synthetic_budget_rescaled_overlap_capacity","predeclared_synthetic_scale","synthetic_family_generator_edges","L_sym=I-D^-1/2 A_w D^-1/2","spectral_radius(A_w/S_w)","high_betweenness_proxy_vs_matched_random_edges","72.0","0.3340284833805849","0.9497911166961321","0.027777777777777776","expander_like","0.4278704502698426","0.05492582708902495","-0.04280789241528901","diagnostic_only_excluded_from_material_validation","software_sanity_only","Generated from C2_residual_benchmark_synthetic_rows.csv; row cannot support material claims."
"expander_like_029","synthetic_only_not_material","SYN-C2-R2-expander_like_029","synthetic_static_graph","29202","diagnostic_synthetic","Y_A_null_diagnostic","SYN-C2-R2-PLANTED","2.777273103480844","dimensionless_planted_diagnostic","diagnostic_only","synthetic_planted_protocol_sanity","diagnostic_synthetic","current/B/scripts/C2_residual_benchmark.py","false","true","false","true","true","GRAPH-C2-R2-LSYM-BUDGET-ATTACK","synthetic_budget_rescaled_overlap_capacity","predeclared_synthetic_scale","synthetic_family_generator_edges","L_sym=I-D^-1/2 A_w D^-1/2","spectral_radius(A_w/S_w)","high_betweenness_proxy_vs_matched_random_edges","72.0","0.0893409309919563","0.9491681710773257","0.027777777777777776","expander_like","0.3776492321347585","0.05609410790374178","0.06543808178906219","diagnostic_only_excluded_from_material_validation","software_sanity_only","Generated from C2_residual_benchmark_synthetic_rows.csv; row cannot support material claims."
"expander_like_029","synthetic_only_not_material","SYN-C2-R2-expander_like_029","synthetic_static_graph","29202","diagnostic_synthetic","Y_B_positive_diagnostic","SYN-C2-R2-PLANTED","3.322617601286302","dimensionless_planted_diagnostic","diagnostic_only","synthetic_planted_protocol_sanity","diagnostic_synthetic","current/B/scripts/C2_residual_benchmark.py","false","true","false","true","true","GRAPH-C2-R2-LSYM-BUDGET-ATTACK","synthetic_budget_rescaled_overlap_capacity","predeclared_synthetic_scale","synthetic_family_generator_edges","L_sym=I-D^-1/2 A_w D^-1/2","spectral_radius(A_w/S_w)","high_betweenness_proxy_vs_matched_random_edges","72.0","0.0893409309919563","0.9491681710773257","0.027777777777777776","expander_like","0.3776492321347585","0.05609410790374178","0.06543808178906219","diagnostic_only_excluded_from_material_validation","software_sanity_only","Generated from C2_residual_benchmark_synthetic_rows.csv; row cannot support material claims."
"expander_like_030","synthetic_only_not_material","SYN-C2-R2-expander_like_030","synthetic_static_graph","29202","diagnostic_synthetic","Y_A_null_diagnostic","SYN-C2-R2-PLANTED","2.4227580149581263","dimensionless_planted_diagnostic","diagnostic_only","synthetic_planted_protocol_sanity","diagnostic_synthetic","current/B/scripts/C2_residual_benchmark.py","false","true","false","true","true","GRAPH-C2-R2-LSYM-BUDGET-ATTACK","synthetic_budget_rescaled_overlap_capacity","predeclared_synthetic_scale","synthetic_family_generator_edges","L_sym=I-D^-1/2 A_w D^-1/2","spectral_radius(A_w/S_w)","high_betweenness_proxy_vs_matched_random_edges","72.0","0.13757739605713254","0.853772457484102","0.027777777777777776","expander_like","0.46404203740402195","0.05506878370202837","0.10861160749125562","diagnostic_only_excluded_from_material_validation","software_sanity_only","Generated from C2_residual_benchmark_synthetic_rows.csv; row cannot support material claims."
"expander_like_030","synthetic_only_not_material","SYN-C2-R2-expander_like_030","synthetic_static_graph","29202","diagnostic_synthetic","Y_B_positive_diagnostic","SYN-C2-R2-PLANTED","3.0674748280624313","dimensionless_planted_diagnostic","diagnostic_only","synthetic_planted_protocol_sanity","diagnostic_synthetic","current/B/scripts/C2_residual_benchmark.py","false","true","false","true","true","GRAPH-C2-R2-LSYM-BUDGET-ATTACK","synthetic_budget_rescaled_overlap_capacity","predeclared_synthetic_scale","synthetic_family_generator_edges","L_sym=I-D^-1/2 A_w D^-1/2","spectral_radius(A_w/S_w)","high_betweenness_proxy_vs_matched_random_edges","72.0","0.13757739605713254","0.853772457484102","0.027777777777777776","expander_like","0.46404203740402195","0.05506878370202837","0.10861160749125562","diagnostic_only_excluded_from_material_validation","software_sanity_only","Generated from C2_residual_benchmark_synthetic_rows.csv; row cannot support material claims."
"expander_like_031","synthetic_only_not_material","SYN-C2-R2-expander_like_031","synthetic_static_graph","29202","diagnostic_synthetic","Y_A_null_diagnostic","SYN-C2-R2-PLANTED","2.5744383684240115","dimensionless_planted_diagnostic","diagnostic_only","synthetic_planted_protocol_sanity","diagnostic_synthetic","current/B/scripts/C2_residual_benchmark.py","false","true","false","true","true","GRAPH-C2-R2-LSYM-BUDGET-ATTACK","synthetic_budget_rescaled_overlap_capacity","predeclared_synthetic_scale","synthetic_family_generator_edges","L_sym=I-D^-1/2 A_w D^-1/2","spectral_radius(A_w/S_w)","high_betweenness_proxy_vs_matched_random_edges","72.0","0.2629090000941273","0.9784655138723652","0.027777777777777776","expander_like","0.3935235988348917","0.055717504118715164","0.049371089006986196","diagnostic_only_excluded_from_material_validation","software_sanity_only","Generated from C2_residual_benchmark_synthetic_rows.csv; row cannot support material claims."
"expander_like_031","synthetic_only_not_material","SYN-C2-R2-expander_like_031","synthetic_static_graph","29202","diagnostic_synthetic","Y_B_positive_diagnostic","SYN-C2-R2-PLANTED","3.159642146453551","dimensionless_planted_diagnostic","diagnostic_only","synthetic_planted_protocol_sanity","diagnostic_synthetic","current/B/scripts/C2_residual_benchmark.py","false","true","false","true","true","GRAPH-C2-R2-LSYM-BUDGET-ATTACK","synthetic_budget_rescaled_overlap_capacity","predeclared_synthetic_scale","synthetic_family_generator_edges","L_sym=I-D^-1/2 A_w D^-1/2","spectral_radius(A_w/S_w)","high_betweenness_proxy_vs_matched_random_edges","72.0","0.2629090000941273","0.9784655138723652","0.027777777777777776","expander_like","0.3935235988348917","0.055717504118715164","0.049371089006986196","diagnostic_only_excluded_from_material_validation","software_sanity_only","Generated from C2_residual_benchmark_synthetic_rows.csv; row cannot support material claims."
"expander_like_032","synthetic_only_not_material","SYN-C2-R2-expander_like_032","synthetic_static_graph","29202","diagnostic_synthetic","Y_A_null_diagnostic","SYN-C2-R2-PLANTED","2.5337183437641366","dimensionless_planted_diagnostic","diagnostic_only","synthetic_planted_protocol_sanity","diagnostic_synthetic","current/B/scripts/C2_residual_benchmark.py","false","true","false","true","true","GRAPH-C2-R2-LSYM-BUDGET-ATTACK","synthetic_budget_rescaled_overlap_capacity","predeclared_synthetic_scale","synthetic_family_generator_edges","L_sym=I-D^-1/2 A_w D^-1/2","spectral_radius(A_w/S_w)","high_betweenness_proxy_vs_matched_random_edges","72.0","0.3410870247428961","0.8150474580294134","0.027777777777777776","expander_like","0.40382944788733866","0.05465375354190275","0.03291549531301349","diagnostic_only_excluded_from_material_validation","software_sanity_only","Generated from C2_residual_benchmark_synthetic_rows.csv; row cannot support material claims."
"expander_like_032","synthetic_only_not_material","SYN-C2-R2-expander_like_032","synthetic_static_graph","29202","diagnostic_synthetic","Y_B_positive_diagnostic","SYN-C2-R2-PLANTED","3.1502215146021664","dimensionless_planted_diagnostic","diagnostic_only","synthetic_planted_protocol_sanity","diagnostic_synthetic","current/B/scripts/C2_residual_benchmark.py","false","true","false","true","true","GRAPH-C2-R2-LSYM-BUDGET-ATTACK","synthetic_budget_rescaled_overlap_capacity","predeclared_synthetic_scale","synthetic_family_generator_edges","L_sym=I-D^-1/2 A_w D^-1/2","spectral_radius(A_w/S_w)","high_betweenness_proxy_vs_matched_random_edges","72.0","0.3410870247428961","0.8150474580294134","0.027777777777777776","expander_like","0.40382944788733866","0.05465375354190275","0.03291549531301349","diagnostic_only_excluded_from_material_validation","software_sanity_only","Generated from C2_residual_benchmark_synthetic_rows.csv; row cannot support material claims."
"expander_like_033","synthetic_only_not_material","SYN-C2-R2-expander_like_033","synthetic_static_graph","29202","diagnostic_synthetic","Y_A_null_diagnostic","SYN-C2-R2-PLANTED","2.7176435752504604","dimensionless_planted_diagnostic","diagnostic_only","synthetic_planted_protocol_sanity","diagnostic_synthetic","current/B/scripts/C2_residual_benchmark.py","false","true","false","true","true","GRAPH-C2-R2-LSYM-BUDGET-ATTACK","synthetic_budget_rescaled_overlap_capacity","predeclared_synthetic_scale","synthetic_family_generator_edges","L_sym=I-D^-1/2 A_w D^-1/2","spectral_radius(A_w/S_w)","high_betweenness_proxy_vs_matched_random_edges","72.0","0.0509540493109624","1.0579881233022235","0.027777777777777776","expander_like","0.4511505851663452","0.055062142556571096","-0.0007009449985829752","diagnostic_only_excluded_from_material_validation","software_sanity_only","Generated from C2_residual_benchmark_synthetic_rows.csv; row cannot support material claims."
"expander_like_033","synthetic_only_not_material","SYN-C2-R2-expander_like_033","synthetic_static_graph","29202","diagnostic_synthetic","Y_B_positive_diagnostic","SYN-C2-R2-PLANTED","3.4401153620153373","dimensionless_planted_diagnostic","diagnostic_only","synthetic_planted_protocol_sanity","diagnostic_synthetic","current/B/scripts/C2_residual_benchmark.py","false","true","false","true","true","GRAPH-C2-R2-LSYM-BUDGET-ATTACK","synthetic_budget_rescaled_overlap_capacity","predeclared_synthetic_scale","synthetic_family_generator_edges","L_sym=I-D^-1/2 A_w D^-1/2","spectral_radius(A_w/S_w)","high_betweenness_proxy_vs_matched_random_edges","72.0","0.0509540493109624","1.0579881233022235","0.027777777777777776","expander_like","0.4511505851663452","0.055062142556571096","-0.0007009449985829752","diagnostic_only_excluded_from_material_validation","software_sanity_only","Generated from C2_residual_benchmark_synthetic_rows.csv; row cannot support material claims."
"expander_like_034","synthetic_only_not_material","SYN-C2-R2-expander_like_034","synthetic_static_graph","29202","diagnostic_synthetic","Y_A_null_diagnostic","SYN-C2-R2-PLANTED","2.5137854472090537","dimensionless_planted_diagnostic","diagnostic_only","synthetic_planted_protocol_sanity","diagnostic_synthetic","current/B/scripts/C2_residual_benchmark.py","false","true","false","true","true","GRAPH-C2-R2-LSYM-BUDGET-ATTACK","synthetic_budget_rescaled_overlap_capacity","predeclared_synthetic_scale","synthetic_family_generator_edges","L_sym=I-D^-1/2 A_w D^-1/2","spectral_radius(A_w/S_w)","high_betweenness_proxy_vs_matched_random_edges","71.99999999999999","0.2165073110942607","0.8819584998665966","0.027777777777777776","expander_like","0.4047117747976988","0.05617731687742951","-0.046425768683650726","diagnostic_only_excluded_from_material_validation","software_sanity_only","Generated from C2_residual_benchmark_synthetic_rows.csv; row cannot support material claims."
"expander_like_034","synthetic_only_not_material","SYN-C2-R2-expander_like_034","synthetic_static_graph","29202","diagnostic_synthetic","Y_B_positive_diagnostic","SYN-C2-R2-PLANTED","3.2031074787006575","dimensionless_planted_diagnostic","diagnostic_only","synthetic_planted_protocol_sanity","diagnostic_synthetic","current/B/scripts/C2_residual_benchmark.py","false","true","false","true","true","GRAPH-C2-R2-LSYM-BUDGET-ATTACK","synthetic_budget_rescaled_overlap_capacity","predeclared_synthetic_scale","synthetic_family_generator_edges","L_sym=I-D^-1/2 A_w D^-1/2","spectral_radius(A_w/S_w)","high_betweenness_proxy_vs_matched_random_edges","71.99999999999999","0.2165073110942607","0.8819584998665966","0.027777777777777776","expander_like","0.4047117747976988","0.05617731687742951","-0.046425768683650726","diagnostic_only_excluded_from_material_validation","software_sanity_only","Generated from C2_residual_benchmark_synthetic_rows.csv; row cannot support material claims."
"expander_like_035","synthetic_only_not_material","SYN-C2-R2-expander_like_035","synthetic_static_graph","29202","diagnostic_synthetic","Y_A_null_diagnostic","SYN-C2-R2-PLANTED","2.707405431986926","dimensionless_planted_diagnostic","diagnostic_only","synthetic_planted_protocol_sanity","diagnostic_synthetic","current/B/scripts/C2_residual_benchmark.py","false","true","false","true","true","GRAPH-C2-R2-LSYM-BUDGET-ATTACK","synthetic_budget_rescaled_overlap_capacity","predeclared_synthetic_scale","synthetic_family_generator_edges","L_sym=I-D^-1/2 A_w D^-1/2","spectral_radius(A_w/S_w)","high_betweenness_proxy_vs_matched_random_edges","72.0","0.10802107528007122","1.1708693224562943","0.027777777777777776","expander_like","0.29838558703002255","0.055313269067023746","-0.015721872290998137","diagnostic_only_excluded_from_material_validation","software_sanity_only","Generated from C2_residual_benchmark_synthetic_rows.csv; row cannot support material claims."
"expander_like_035","synthetic_only_not_material","SYN-C2-R2-expander_like_035","synthetic_static_graph","29202","diagnostic_synthetic","Y_B_positive_diagnostic","SYN-C2-R2-PLANTED","3.1989720562968604","dimensionless_planted_diagnostic","diagnostic_only","synthetic_planted_protocol_sanity","diagnostic_synthetic","current/B/scripts/C2_residual_benchmark.py","false","true","false","true","true","GRAPH-C2-R2-LSYM-BUDGET-ATTACK","synthetic_budget_rescaled_overlap_capacity","predeclared_synthetic_scale","synthetic_family_generator_edges","L_sym=I-D^-1/2 A_w D^-1/2","spectral_radius(A_w/S_w)","high_betweenness_proxy_vs_matched_random_edges","72.0","0.10802107528007122","1.1708693224562943","0.027777777777777776","expander_like","0.29838558703002255","0.055313269067023746","-0.015721872290998137","diagnostic_only_excluded_from_material_validation","software_sanity_only","Generated from C2_residual_benchmark_synthetic_rows.csv; row cannot support material claims."
"expander_like_036","synthetic_only_not_material","SYN-C2-R2-expander_like_036","synthetic_static_graph","29202","diagnostic_synthetic","Y_A_null_diagnostic","SYN-C2-R2-PLANTED","2.5957667601728844","dimensionless_planted_diagnostic","diagnostic_only","synthetic_planted_protocol_sanity","diagnostic_synthetic","current/B/scripts/C2_residual_benchmark.py","false","true","false","true","true","GRAPH-C2-R2-LSYM-BUDGET-ATTACK","synthetic_budget_rescaled_overlap_capacity","predeclared_synthetic_scale","synthetic_family_generator_edges","L_sym=I-D^-1/2 A_w D^-1/2","spectral_radius(A_w/S_w)","high_betweenness_proxy_vs_matched_random_edges","72.00000000000001","0.10503956974255496","1.0182712923173325","0.027777777777777776","expander_like","0.4237688609684733","0.0558550873619456","0.0860065772535267","diagnostic_only_excluded_from_material_validation","software_sanity_only","Generated from C2_residual_benchmark_synthetic_rows.csv; row cannot support material claims."
"expander_like_036","synthetic_only_not_material","SYN-C2-R2-expander_like_036","synthetic_static_graph","29202","diagnostic_synthetic","Y_B_positive_diagnostic","SYN-C2-R2-PLANTED","3.1963910181942676","dimensionless_planted_diagnostic","diagnostic_only","synthetic_planted_protocol_sanity","diagnostic_synthetic","current/B/scripts/C2_residual_benchmark.py","false","true","false","true","true","GRAPH-C2-R2-LSYM-BUDGET-ATTACK","synthetic_budget_rescaled_overlap_capacity","predeclared_synthetic_scale","synthetic_family_generator_edges","L_sym=I-D^-1/2 A_w D^-1/2","spectral_radius(A_w/S_w)","high_betweenness_proxy_vs_matched_random_edges","72.00000000000001","0.10503956974255496","1.0182712923173325","0.027777777777777776","expander_like","0.4237688609684733","0.0558550873619456","0.0860065772535267","diagnostic_only_excluded_from_material_validation","software_sanity_only","Generated from C2_residual_benchmark_synthetic_rows.csv; row cannot support material claims."
"expander_like_037","synthetic_only_not_material","SYN-C2-R2-expander_like_037","synthetic_static_graph","29202","diagnostic_synthetic","Y_A_null_diagnostic","SYN-C2-R2-PLANTED","2.57934404915659","dimensionless_planted_diagnostic","diagnostic_only","synthetic_planted_protocol_sanity","diagnostic_synthetic","current/B/scripts/C2_residual_benchmark.py","false","true","false","true","true","GRAPH-C2-R2-LSYM-BUDGET-ATTACK","synthetic_budget_rescaled_overlap_capacity","predeclared_synthetic_scale","synthetic_family_generator_edges","L_sym=I-D^-1/2 A_w D^-1/2","spectral_radius(A_w/S_w)","high_betweenness_proxy_vs_matched_random_edges","72.0","0.19210274016910917","0.8954428368391962","0.027777777777777776","expander_like","0.4342871895731776","0.05442001736184852","-0.08581628771415634","diagnostic_only_excluded_from_material_validation","software_sanity_only","Generated from C2_residual_benchmark_synthetic_rows.csv; row cannot support material claims."
"expander_like_037","synthetic_only_not_material","SYN-C2-R2-expander_like_037","synthetic_static_graph","29202","diagnostic_synthetic","Y_B_positive_diagnostic","SYN-C2-R2-PLANTED","3.351438211416415","dimensionless_planted_diagnostic","diagnostic_only","synthetic_planted_protocol_sanity","diagnostic_synthetic","current/B/scripts/C2_residual_benchmark.py","false","true","false","true","true","GRAPH-C2-R2-LSYM-BUDGET-ATTACK","synthetic_budget_rescaled_overlap_capacity","predeclared_synthetic_scale","synthetic_family_generator_edges","L_sym=I-D^-1/2 A_w D^-1/2","spectral_radius(A_w/S_w)","high_betweenness_proxy_vs_matched_random_edges","72.0","0.19210274016910917","0.8954428368391962","0.027777777777777776","expander_like","0.4342871895731776","0.05442001736184852","-0.08581628771415634","diagnostic_only_excluded_from_material_validation","software_sanity_only","Generated from C2_residual_benchmark_synthetic_rows.csv; row cannot support material claims."
"expander_like_038","synthetic_only_not_material","SYN-C2-R2-expander_like_038","synthetic_static_graph","29202","diagnostic_synthetic","Y_A_null_diagnostic","SYN-C2-R2-PLANTED","2.5456584079568785","dimensionless_planted_diagnostic","diagnostic_only","synthetic_planted_protocol_sanity","diagnostic_synthetic","current/B/scripts/C2_residual_benchmark.py","false","true","false","true","true","GRAPH-C2-R2-LSYM-BUDGET-ATTACK","synthetic_budget_rescaled_overlap_capacity","predeclared_synthetic_scale","synthetic_family_generator_edges","L_sym=I-D^-1/2 A_w D^-1/2","spectral_radius(A_w/S_w)","high_betweenness_proxy_vs_matched_random_edges","71.99999999999999","0.12234177600464938","0.8507466642350318","0.027777777777777776","expander_like","0.4190183727974807","0.05560875934949601","-0.1536733841648317","diagnostic_only_excluded_from_material_validation","software_sanity_only","Generated from C2_residual_benchmark_synthetic_rows.csv; row cannot support material claims."
"expander_like_038","synthetic_only_not_material","SYN-C2-R2-expander_like_038","synthetic_static_graph","29202","diagnostic_synthetic","Y_B_positive_diagnostic","SYN-C2-R2-PLANTED","3.3543938501811965","dimensionless_planted_diagnostic","diagnostic_only","synthetic_planted_protocol_sanity","diagnostic_synthetic","current/B/scripts/C2_residual_benchmark.py","false","true","false","true","true","GRAPH-C2-R2-LSYM-BUDGET-ATTACK","synthetic_budget_rescaled_overlap_capacity","predeclared_synthetic_scale","synthetic_family_generator_edges","L_sym=I-D^-1/2 A_w D^-1/2","spectral_radius(A_w/S_w)","high_betweenness_proxy_vs_matched_random_edges","71.99999999999999","0.12234177600464938","0.8507466642350318","0.027777777777777776","expander_like","0.4190183727974807","0.05560875934949601","-0.1536733841648317","diagnostic_only_excluded_from_material_validation","software_sanity_only","Generated from C2_residual_benchmark_synthetic_rows.csv; row cannot support material claims."
"expander_like_039","synthetic_only_not_material","SYN-C2-R2-expander_like_039","synthetic_static_graph","29202","diagnostic_synthetic","Y_A_null_diagnostic","SYN-C2-R2-PLANTED","2.5697381906507073","dimensionless_planted_diagnostic","diagnostic_only","synthetic_planted_protocol_sanity","diagnostic_synthetic","current/B/scripts/C2_residual_benchmark.py","false","true","false","true","true","GRAPH-C2-R2-LSYM-BUDGET-ATTACK","synthetic_budget_rescaled_overlap_capacity","predeclared_synthetic_scale","synthetic_family_generator_edges","L_sym=I-D^-1/2 A_w D^-1/2","spectral_radius(A_w/S_w)","high_betweenness_proxy_vs_matched_random_edges","72.0","0.26473437386317933","0.9773552437922456","0.027777777777777776","expander_like","0.4325918772871865","0.05584272535859091","0.19584467248674844","diagnostic_only_excluded_from_material_validation","software_sanity_only","Generated from C2_residual_benchmark_synthetic_rows.csv; row cannot support material claims."
"expander_like_039","synthetic_only_not_material","SYN-C2-R2-expander_like_039","synthetic_static_graph","29202","diagnostic_synthetic","Y_B_positive_diagnostic","SYN-C2-R2-PLANTED","3.085624989072132","dimensionless_planted_diagnostic","diagnostic_only","synthetic_planted_protocol_sanity","diagnostic_synthetic","current/B/scripts/C2_residual_benchmark.py","false","true","false","true","true","GRAPH-C2-R2-LSYM-BUDGET-ATTACK","synthetic_budget_rescaled_overlap_capacity","predeclared_synthetic_scale","synthetic_family_generator_edges","L_sym=I-D^-1/2 A_w D^-1/2","spectral_radius(A_w/S_w)","high_betweenness_proxy_vs_matched_random_edges","72.0","0.26473437386317933","0.9773552437922456","0.027777777777777776","expander_like","0.4325918772871865","0.05584272535859091","0.19584467248674844","diagnostic_only_excluded_from_material_validation","software_sanity_only","Generated from C2_residual_benchmark_synthetic_rows.csv; row cannot support material claims."
"expander_like_040","synthetic_only_not_material","SYN-C2-R2-expander_like_040","synthetic_static_graph","29202","diagnostic_synthetic","Y_A_null_diagnostic","SYN-C2-R2-PLANTED","2.5191407103202854","dimensionless_planted_diagnostic","diagnostic_only","synthetic_planted_protocol_sanity","diagnostic_synthetic","current/B/scripts/C2_residual_benchmark.py","false","true","false","true","true","GRAPH-C2-R2-LSYM-BUDGET-ATTACK","synthetic_budget_rescaled_overlap_capacity","predeclared_synthetic_scale","synthetic_family_generator_edges","L_sym=I-D^-1/2 A_w D^-1/2","spectral_radius(A_w/S_w)","high_betweenness_proxy_vs_matched_random_edges","72.0","0.3432929458122044","1.1313513896183338","0.027777777777777776","expander_like","0.3585325427538507","0.055600838383104804","0.008250322240110117","diagnostic_only_excluded_from_material_validation","software_sanity_only","Generated from C2_residual_benchmark_synthetic_rows.csv; row cannot support material claims."
"expander_like_040","synthetic_only_not_material","SYN-C2-R2-expander_like_040","synthetic_static_graph","29202","diagnostic_synthetic","Y_B_positive_diagnostic","SYN-C2-R2-PLANTED","3.0853674887103475","dimensionless_planted_diagnostic","diagnostic_only","synthetic_planted_protocol_sanity","diagnostic_synthetic","current/B/scripts/C2_residual_benchmark.py","false","true","false","true","true","GRAPH-C2-R2-LSYM-BUDGET-ATTACK","synthetic_budget_rescaled_overlap_capacity","predeclared_synthetic_scale","synthetic_family_generator_edges","L_sym=I-D^-1/2 A_w D^-1/2","spectral_radius(A_w/S_w)","high_betweenness_proxy_vs_matched_random_edges","72.0","0.3432929458122044","1.1313513896183338","0.027777777777777776","expander_like","0.3585325427538507","0.055600838383104804","0.008250322240110117","diagnostic_only_excluded_from_material_validation","software_sanity_only","Generated from C2_residual_benchmark_synthetic_rows.csv; row cannot support material claims."
"expander_like_041","synthetic_only_not_material","SYN-C2-R2-expander_like_041","synthetic_static_graph","29202","diagnostic_synthetic","Y_A_null_diagnostic","SYN-C2-R2-PLANTED","2.592777520162288","dimensionless_planted_diagnostic","diagnostic_only","synthetic_planted_protocol_sanity","diagnostic_synthetic","current/B/scripts/C2_residual_benchmark.py","false","true","false","true","true","GRAPH-C2-R2-LSYM-BUDGET-ATTACK","synthetic_budget_rescaled_overlap_capacity","predeclared_synthetic_scale","synthetic_family_generator_edges","L_sym=I-D^-1/2 A_w D^-1/2","spectral_radius(A_w/S_w)","high_betweenness_proxy_vs_matched_random_edges","72.00000000000001","0.2509884313749469","0.9984707646427962","0.027777777777777776","expander_like","0.3954397539212845","0.0556343982310082","-0.012110797602558496","diagnostic_only_excluded_from_material_validation","software_sanity_only","Generated from C2_residual_benchmark_synthetic_rows.csv; row cannot support material claims."
"expander_like_041","synthetic_only_not_material","SYN-C2-R2-expander_like_041","synthetic_static_graph","29202","diagnostic_synthetic","Y_B_positive_diagnostic","SYN-C2-R2-PLANTED","3.2363808442786457","dimensionless_planted_diagnostic","diagnostic_only","synthetic_planted_protocol_sanity","diagnostic_synthetic","current/B/scripts/C2_residual_benchmark.py","false","true","false","true","true","GRAPH-C2-R2-LSYM-BUDGET-ATTACK","synthetic_budget_rescaled_overlap_capacity","predeclared_synthetic_scale","synthetic_family_generator_edges","L_sym=I-D^-1/2 A_w D^-1/2","spectral_radius(A_w/S_w)","high_betweenness_proxy_vs_matched_random_edges","72.00000000000001","0.2509884313749469","0.9984707646427962","0.027777777777777776","expander_like","0.3954397539212845","0.0556343982310082","-0.012110797602558496","diagnostic_only_excluded_from_material_validation","software_sanity_only","Generated from C2_residual_benchmark_synthetic_rows.csv; row cannot support material claims."
"expander_like_042","synthetic_only_not_material","SYN-C2-R2-expander_like_042","synthetic_static_graph","29202","diagnostic_synthetic","Y_A_null_diagnostic","SYN-C2-R2-PLANTED","2.601151269039921","dimensionless_planted_diagnostic","diagnostic_only","synthetic_planted_protocol_sanity","diagnostic_synthetic","current/B/scripts/C2_residual_benchmark.py","false","true","false","true","true","GRAPH-C2-R2-LSYM-BUDGET-ATTACK","synthetic_budget_rescaled_overlap_capacity","predeclared_synthetic_scale","synthetic_family_generator_edges","L_sym=I-D^-1/2 A_w D^-1/2","spectral_radius(A_w/S_w)","high_betweenness_proxy_vs_matched_random_edges","72.0","0.1898620057571181","1.1287269880723212","0.027777777777777776","expander_like","0.23856164848556732","0.055154607412253885","0.0","diagnostic_only_excluded_from_material_validation","software_sanity_only","Generated from C2_residual_benchmark_synthetic_rows.csv; row cannot support material claims."
"expander_like_042","synthetic_only_not_material","SYN-C2-R2-expander_like_042","synthetic_static_graph","29202","diagnostic_synthetic","Y_B_positive_diagnostic","SYN-C2-R2-PLANTED","2.982849906616829","dimensionless_planted_diagnostic","diagnostic_only","synthetic_planted_protocol_sanity","diagnostic_synthetic","current/B/scripts/C2_residual_benchmark.py","false","true","false","true","true","GRAPH-C2-R2-LSYM-BUDGET-ATTACK","synthetic_budget_rescaled_overlap_capacity","predeclared_synthetic_scale","synthetic_family_generator_edges","L_sym=I-D^-1/2 A_w D^-1/2","spectral_radius(A_w/S_w)","high_betweenness_proxy_vs_matched_random_edges","72.0","0.1898620057571181","1.1287269880723212","0.027777777777777776","expander_like","0.23856164848556732","0.055154607412253885","0.0","diagnostic_only_excluded_from_material_validation","software_sanity_only","Generated from C2_residual_benchmark_synthetic_rows.csv; row cannot support material claims."
"expander_like_043","synthetic_only_not_material","SYN-C2-R2-expander_like_043","synthetic_static_graph","29202","diagnostic_synthetic","Y_A_null_diagnostic","SYN-C2-R2-PLANTED","2.5597943200770534","dimensionless_planted_diagnostic","diagnostic_only","synthetic_planted_protocol_sanity","diagnostic_synthetic","current/B/scripts/C2_residual_benchmark.py","false","true","false","true","true","GRAPH-C2-R2-LSYM-BUDGET-ATTACK","synthetic_budget_rescaled_overlap_capacity","predeclared_synthetic_scale","synthetic_family_generator_edges","L_sym=I-D^-1/2 A_w D^-1/2","spectral_radius(A_w/S_w)","high_betweenness_proxy_vs_matched_random_edges","72.0","0.21729028291366836","0.9873263825782372","0.027777777777777776","expander_like","0.38902726592468573","0.055301378832715846","-0.10543348664214063","diagnostic_only_excluded_from_material_validation","software_sanity_only","Generated from C2_residual_benchmark_synthetic_rows.csv; row cannot support material claims."
"expander_like_043","synthetic_only_not_material","SYN-C2-R2-expander_like_043","synthetic_static_graph","29202","diagnostic_synthetic","Y_B_positive_diagnostic","SYN-C2-R2-PLANTED","3.277128083534477","dimensionless_planted_diagnostic","diagnostic_only","synthetic_planted_protocol_sanity","diagnostic_synthetic","current/B/scripts/C2_residual_benchmark.py","false","true","false","true","true","GRAPH-C2-R2-LSYM-BUDGET-ATTACK","synthetic_budget_rescaled_overlap_capacity","predeclared_synthetic_scale","synthetic_family_generator_edges","L_sym=I-D^-1/2 A_w D^-1/2","spectral_radius(A_w/S_w)","high_betweenness_proxy_vs_matched_random_edges","72.0","0.21729028291366836","0.9873263825782372","0.027777777777777776","expander_like","0.38902726592468573","0.055301378832715846","-0.10543348664214063","diagnostic_only_excluded_from_material_validation","software_sanity_only","Generated from C2_residual_benchmark_synthetic_rows.csv; row cannot support material claims."
"expander_like_044","synthetic_only_not_material","SYN-C2-R2-expander_like_044","synthetic_static_graph","29202","diagnostic_synthetic","Y_A_null_diagnostic","SYN-C2-R2-PLANTED","2.702323081446076","dimensionless_planted_diagnostic","diagnostic_only","synthetic_planted_protocol_sanity","diagnostic_synthetic","current/B/scripts/C2_residual_benchmark.py","false","true","false","true","true","GRAPH-C2-R2-LSYM-BUDGET-ATTACK","synthetic_budget_rescaled_overlap_capacity","predeclared_synthetic_scale","synthetic_family_generator_edges","L_sym=I-D^-1/2 A_w D^-1/2","spectral_radius(A_w/S_w)","high_betweenness_proxy_vs_matched_random_edges","72.0","0.10031031060992114","0.9623050413466314","0.027777777777777776","expander_like","0.3818493141798027","0.05442515600497247","-0.17697040240119236","diagnostic_only_excluded_from_material_validation","software_sanity_only","Generated from C2_residual_benchmark_synthetic_rows.csv; row cannot support material claims."
"expander_like_044","synthetic_only_not_material","SYN-C2-R2-expander_like_044","synthetic_static_graph","29202","diagnostic_synthetic","Y_B_positive_diagnostic","SYN-C2-R2-PLANTED","3.472555346294833","dimensionless_planted_diagnostic","diagnostic_only","synthetic_planted_protocol_sanity","diagnostic_synthetic","current/B/scripts/C2_residual_benchmark.py","false","true","false","true","true","GRAPH-C2-R2-LSYM-BUDGET-ATTACK","synthetic_budget_rescaled_overlap_capacity","predeclared_synthetic_scale","synthetic_family_generator_edges","L_sym=I-D^-1/2 A_w D^-1/2","spectral_radius(A_w/S_w)","high_betweenness_proxy_vs_matched_random_edges","72.0","0.10031031060992114","0.9623050413466314","0.027777777777777776","expander_like","0.3818493141798027","0.05442515600497247","-0.17697040240119236","diagnostic_only_excluded_from_material_validation","software_sanity_only","Generated from C2_residual_benchmark_synthetic_rows.csv; row cannot support material claims."
"expander_like_045","synthetic_only_not_material","SYN-C2-R2-expander_like_045","synthetic_static_graph","29202","diagnostic_synthetic","Y_A_null_diagnostic","SYN-C2-R2-PLANTED","2.4019744052130845","dimensionless_planted_diagnostic","diagnostic_only","synthetic_planted_protocol_sanity","diagnostic_synthetic","current/B/scripts/C2_residual_benchmark.py","false","true","false","true","true","GRAPH-C2-R2-LSYM-BUDGET-ATTACK","synthetic_budget_rescaled_overlap_capacity","predeclared_synthetic_scale","synthetic_family_generator_edges","L_sym=I-D^-1/2 A_w D^-1/2","spectral_radius(A_w/S_w)","high_betweenness_proxy_vs_matched_random_edges","72.0","0.307445975473804","0.879487930309415","0.027777777777777776","expander_like","0.41197325885150227","0.054582691649326685","-0.10847174560030504","diagnostic_only_excluded_from_material_validation","software_sanity_only","Generated from C2_residual_benchmark_synthetic_rows.csv; row cannot support material claims."
"expander_like_045","synthetic_only_not_material","SYN-C2-R2-expander_like_045","synthetic_static_graph","29202","diagnostic_synthetic","Y_B_positive_diagnostic","SYN-C2-R2-PLANTED","3.1587561904157626","dimensionless_planted_diagnostic","diagnostic_only","synthetic_planted_protocol_sanity","diagnostic_synthetic","current/B/scripts/C2_residual_benchmark.py","false","true","false","true","true","GRAPH-C2-R2-LSYM-BUDGET-ATTACK","synthetic_budget_rescaled_overlap_capacity","predeclared_synthetic_scale","synthetic_family_generator_edges","L_sym=I-D^-1/2 A_w D^-1/2","spectral_radius(A_w/S_w)","high_betweenness_proxy_vs_matched_random_edges","72.0","0.307445975473804","0.879487930309415","0.027777777777777776","expander_like","0.41197325885150227","0.054582691649326685","-0.10847174560030504","diagnostic_only_excluded_from_material_validation","software_sanity_only","Generated from C2_residual_benchmark_synthetic_rows.csv; row cannot support material claims."
"expander_like_046","synthetic_only_not_material","SYN-C2-R2-expander_like_046","synthetic_static_graph","29202","diagnostic_synthetic","Y_A_null_diagnostic","SYN-C2-R2-PLANTED","2.6478271889964837","dimensionless_planted_diagnostic","diagnostic_only","synthetic_planted_protocol_sanity","diagnostic_synthetic","current/B/scripts/C2_residual_benchmark.py","false","true","false","true","true","GRAPH-C2-R2-LSYM-BUDGET-ATTACK","synthetic_budget_rescaled_overlap_capacity","predeclared_synthetic_scale","synthetic_family_generator_edges","L_sym=I-D^-1/2 A_w D^-1/2","spectral_radius(A_w/S_w)","high_betweenness_proxy_vs_matched_random_edges","72.0","0.22515443705515048","1.1648850859624569","0.027777777777777776","expander_like","0.36025800551311915","0.05513608511582068","-0.12535296183670064","diagnostic_only_excluded_from_material_validation","software_sanity_only","Generated from C2_residual_benchmark_synthetic_rows.csv; row cannot support material claims."
"expander_like_046","synthetic_only_not_material","SYN-C2-R2-expander_like_046","synthetic_static_graph","29202","diagnostic_synthetic","Y_B_positive_diagnostic","SYN-C2-R2-PLANTED","3.337057663470505","dimensionless_planted_diagnostic","diagnostic_only","synthetic_planted_protocol_sanity","diagnostic_synthetic","current/B/scripts/C2_residual_benchmark.py","false","true","false","true","true","GRAPH-C2-R2-LSYM-BUDGET-ATTACK","synthetic_budget_rescaled_overlap_capacity","predeclared_synthetic_scale","synthetic_family_generator_edges","L_sym=I-D^-1/2 A_w D^-1/2","spectral_radius(A_w/S_w)","high_betweenness_proxy_vs_matched_random_edges","72.0","0.22515443705515048","1.1648850859624569","0.027777777777777776","expander_like","0.36025800551311915","0.05513608511582068","-0.12535296183670064","diagnostic_only_excluded_from_material_validation","software_sanity_only","Generated from C2_residual_benchmark_synthetic_rows.csv; row cannot support material claims."
"expander_like_047","synthetic_only_not_material","SYN-C2-R2-expander_like_047","synthetic_static_graph","29202","diagnostic_synthetic","Y_A_null_diagnostic","SYN-C2-R2-PLANTED","2.4791894971642954","dimensionless_planted_diagnostic","diagnostic_only","synthetic_planted_protocol_sanity","diagnostic_synthetic","current/B/scripts/C2_residual_benchmark.py","false","true","false","true","true","GRAPH-C2-R2-LSYM-BUDGET-ATTACK","synthetic_budget_rescaled_overlap_capacity","predeclared_synthetic_scale","synthetic_family_generator_edges","L_sym=I-D^-1/2 A_w D^-1/2","spectral_radius(A_w/S_w)","high_betweenness_proxy_vs_matched_random_edges","72.0","0.20914632456178034","0.9898658759171383","0.027777777777777776","expander_like","0.3859746692696213","0.0549688652487454","0.09967496589240188","diagnostic_only_excluded_from_material_validation","software_sanity_only","Generated from C2_residual_benchmark_synthetic_rows.csv; row cannot support material claims."
"expander_like_047","synthetic_only_not_material","SYN-C2-R2-expander_like_047","synthetic_static_graph","29202","diagnostic_synthetic","Y_B_positive_diagnostic","SYN-C2-R2-PLANTED","3.007041498692528","dimensionless_planted_diagnostic","diagnostic_only","synthetic_planted_protocol_sanity","diagnostic_synthetic","current/B/scripts/C2_residual_benchmark.py","false","true","false","true","true","GRAPH-C2-R2-LSYM-BUDGET-ATTACK","synthetic_budget_rescaled_overlap_capacity","predeclared_synthetic_scale","synthetic_family_generator_edges","L_sym=I-D^-1/2 A_w D^-1/2","spectral_radius(A_w/S_w)","high_betweenness_proxy_vs_matched_random_edges","72.0","0.20914632456178034","0.9898658759171383","0.027777777777777776","expander_like","0.3859746692696213","0.0549688652487454","0.09967496589240188","diagnostic_only_excluded_from_material_validation","software_sanity_only","Generated from C2_residual_benchmark_synthetic_rows.csv; row cannot support material claims."
"bottleneck_000","synthetic_only_not_material","SYN-C2-R2-bottleneck_000","synthetic_static_graph","29202","diagnostic_synthetic","Y_A_null_diagnostic","SYN-C2-R2-PLANTED","2.7267975883565008","dimensionless_planted_diagnostic","diagnostic_only","synthetic_planted_protocol_sanity","diagnostic_synthetic","current/B/scripts/C2_residual_benchmark.py","false","true","false","true","true","GRAPH-C2-R2-LSYM-BUDGET-ATTACK","synthetic_budget_rescaled_overlap_capacity","predeclared_synthetic_scale","synthetic_family_generator_edges","L_sym=I-D^-1/2 A_w D^-1/2","spectral_radius(A_w/S_w)","high_betweenness_proxy_vs_matched_random_edges","72.0","0.09321114955272494","0.842388559958923","0.027777777777777776","bottleneck","0.11224025434869099","0.056424023057595855","-0.05665424606467267","diagnostic_only_excluded_from_material_validation","software_sanity_only","Generated from C2_residual_benchmark_synthetic_rows.csv; row cannot support material claims."
"bottleneck_000","synthetic_only_not_material","SYN-C2-R2-bottleneck_000","synthetic_static_graph","29202","diagnostic_synthetic","Y_B_positive_diagnostic","SYN-C2-R2-PLANTED","2.957370816772612","dimensionless_planted_diagnostic","diagnostic_only","synthetic_planted_protocol_sanity","diagnostic_synthetic","current/B/scripts/C2_residual_benchmark.py","false","true","false","true","true","GRAPH-C2-R2-LSYM-BUDGET-ATTACK","synthetic_budget_rescaled_overlap_capacity","predeclared_synthetic_scale","synthetic_family_generator_edges","L_sym=I-D^-1/2 A_w D^-1/2","spectral_radius(A_w/S_w)","high_betweenness_proxy_vs_matched_random_edges","72.0","0.09321114955272494","0.842388559958923","0.027777777777777776","bottleneck","0.11224025434869099","0.056424023057595855","-0.05665424606467267","diagnostic_only_excluded_from_material_validation","software_sanity_only","Generated from C2_residual_benchmark_synthetic_rows.csv; row cannot support material claims."
"bottleneck_001","synthetic_only_not_material","SYN-C2-R2-bottleneck_001","synthetic_static_graph","29202","diagnostic_synthetic","Y_A_null_diagnostic","SYN-C2-R2-PLANTED","2.6335801356778408","dimensionless_planted_diagnostic","diagnostic_only","synthetic_planted_protocol_sanity","diagnostic_synthetic","current/B/scripts/C2_residual_benchmark.py","false","true","false","true","true","GRAPH-C2-R2-LSYM-BUDGET-ATTACK","synthetic_budget_rescaled_overlap_capacity","predeclared_synthetic_scale","synthetic_family_generator_edges","L_sym=I-D^-1/2 A_w D^-1/2","spectral_radius(A_w/S_w)","high_betweenness_proxy_vs_matched_random_edges","72.0","0.08407236908446744","0.9011401015736543","0.027777777777777776","bottleneck","0.1128493413088917","0.05632337181596696","-0.07167644922687726","diagnostic_only_excluded_from_material_validation","software_sanity_only","Generated from C2_residual_benchmark_synthetic_rows.csv; row cannot support material claims."
"bottleneck_001","synthetic_only_not_material","SYN-C2-R2-bottleneck_001","synthetic_static_graph","29202","diagnostic_synthetic","Y_B_positive_diagnostic","SYN-C2-R2-PLANTED","2.878647886076257","dimensionless_planted_diagnostic","diagnostic_only","synthetic_planted_protocol_sanity","diagnostic_synthetic","current/B/scripts/C2_residual_benchmark.py","false","true","false","true","true","GRAPH-C2-R2-LSYM-BUDGET-ATTACK","synthetic_budget_rescaled_overlap_capacity","predeclared_synthetic_scale","synthetic_family_generator_edges","L_sym=I-D^-1/2 A_w D^-1/2","spectral_radius(A_w/S_w)","high_betweenness_proxy_vs_matched_random_edges","72.0","0.08407236908446744","0.9011401015736543","0.027777777777777776","bottleneck","0.1128493413088917","0.05632337181596696","-0.07167644922687726","diagnostic_only_excluded_from_material_validation","software_sanity_only","Generated from C2_residual_benchmark_synthetic_rows.csv; row cannot support material claims."
"bottleneck_002","synthetic_only_not_material","SYN-C2-R2-bottleneck_002","synthetic_static_graph","29202","diagnostic_synthetic","Y_A_null_diagnostic","SYN-C2-R2-PLANTED","2.6115060044098777","dimensionless_planted_diagnostic","diagnostic_only","synthetic_planted_protocol_sanity","diagnostic_synthetic","current/B/scripts/C2_residual_benchmark.py","false","true","false","true","true","GRAPH-C2-R2-LSYM-BUDGET-ATTACK","synthetic_budget_rescaled_overlap_capacity","predeclared_synthetic_scale","synthetic_family_generator_edges","L_sym=I-D^-1/2 A_w D^-1/2","spectral_radius(A_w/S_w)","high_betweenness_proxy_vs_matched_random_edges","72.0","0.1813011567919619","0.9738260333078934","0.027777777777777776","bottleneck","0.1193923823691311","0.05817145342270393","-0.08151521332915641","diagnostic_only_excluded_from_material_validation","software_sanity_only","Generated from C2_residual_benchmark_synthetic_rows.csv; row cannot support material claims."
"bottleneck_002","synthetic_only_not_material","SYN-C2-R2-bottleneck_002","synthetic_static_graph","29202","diagnostic_synthetic","Y_B_positive_diagnostic","SYN-C2-R2-PLANTED","2.8758975081967284","dimensionless_planted_diagnostic","diagnostic_only","synthetic_planted_protocol_sanity","diagnostic_synthetic","current/B/scripts/C2_residual_benchmark.py","false","true","false","true","true","GRAPH-C2-R2-LSYM-BUDGET-ATTACK","synthetic_budget_rescaled_overlap_capacity","predeclared_synthetic_scale","synthetic_family_generator_edges","L_sym=I-D^-1/2 A_w D^-1/2","spectral_radius(A_w/S_w)","high_betweenness_proxy_vs_matched_random_edges","72.0","0.1813011567919619","0.9738260333078934","0.027777777777777776","bottleneck","0.1193923823691311","0.05817145342270393","-0.08151521332915641","diagnostic_only_excluded_from_material_validation","software_sanity_only","Generated from C2_residual_benchmark_synthetic_rows.csv; row cannot support material claims."
"bottleneck_003","synthetic_only_not_material","SYN-C2-R2-bottleneck_003","synthetic_static_graph","29202","diagnostic_synthetic","Y_A_null_diagnostic","SYN-C2-R2-PLANTED","2.573848811434457","dimensionless_planted_diagnostic","diagnostic_only","synthetic_planted_protocol_sanity","diagnostic_synthetic","current/B/scripts/C2_residual_benchmark.py","false","true","false","true","true","GRAPH-C2-R2-LSYM-BUDGET-ATTACK","synthetic_budget_rescaled_overlap_capacity","predeclared_synthetic_scale","synthetic_family_generator_edges","L_sym=I-D^-1/2 A_w D^-1/2","spectral_radius(A_w/S_w)","high_betweenness_proxy_vs_matched_random_edges","72.0","0.3112558180768854","0.9490375579480287","0.027777777777777776","bottleneck","0.12477139956353525","0.056797862157899746","-0.021973712476205443","diagnostic_only_excluded_from_material_validation","software_sanity_only","Generated from C2_residual_benchmark_synthetic_rows.csv; row cannot support material claims."
"bottleneck_003","synthetic_only_not_material","SYN-C2-R2-bottleneck_003","synthetic_static_graph","29202","diagnostic_synthetic","Y_B_positive_diagnostic","SYN-C2-R2-PLANTED","2.793259391964698","dimensionless_planted_diagnostic","diagnostic_only","synthetic_planted_protocol_sanity","diagnostic_synthetic","current/B/scripts/C2_residual_benchmark.py","false","true","false","true","true","GRAPH-C2-R2-LSYM-BUDGET-ATTACK","synthetic_budget_rescaled_overlap_capacity","predeclared_synthetic_scale","synthetic_family_generator_edges","L_sym=I-D^-1/2 A_w D^-1/2","spectral_radius(A_w/S_w)","high_betweenness_proxy_vs_matched_random_edges","72.0","0.3112558180768854","0.9490375579480287","0.027777777777777776","bottleneck","0.12477139956353525","0.056797862157899746","-0.021973712476205443","diagnostic_only_excluded_from_material_validation","software_sanity_only","Generated from C2_residual_benchmark_synthetic_rows.csv; row cannot support material claims."
"bottleneck_004","synthetic_only_not_material","SYN-C2-R2-bottleneck_004","synthetic_static_graph","29202","diagnostic_synthetic","Y_A_null_diagnostic","SYN-C2-R2-PLANTED","2.50805198775035","dimensionless_planted_diagnostic","diagnostic_only","synthetic_planted_protocol_sanity","diagnostic_synthetic","current/B/scripts/C2_residual_benchmark.py","false","true","false","true","true","GRAPH-C2-R2-LSYM-BUDGET-ATTACK","synthetic_budget_rescaled_overlap_capacity","predeclared_synthetic_scale","synthetic_family_generator_edges","L_sym=I-D^-1/2 A_w D^-1/2","spectral_radius(A_w/S_w)","high_betweenness_proxy_vs_matched_random_edges","72.0","0.1930590751537839","0.9554615826007127","0.027777777777777776","bottleneck","0.11923595466915521","0.05608108210413463","-0.07666370022279943","diagnostic_only_excluded_from_material_validation","software_sanity_only","Generated from C2_residual_benchmark_synthetic_rows.csv; row cannot support material claims."
"bottleneck_004","synthetic_only_not_material","SYN-C2-R2-bottleneck_004","synthetic_static_graph","29202","diagnostic_synthetic","Y_B_positive_diagnostic","SYN-C2-R2-PLANTED","2.7678268454215176","dimensionless_planted_diagnostic","diagnostic_only","synthetic_planted_protocol_sanity","diagnostic_synthetic","current/B/scripts/C2_residual_benchmark.py","false","true","false","true","true","GRAPH-C2-R2-LSYM-BUDGET-ATTACK","synthetic_budget_rescaled_overlap_capacity","predeclared_synthetic_scale","synthetic_family_generator_edges","L_sym=I-D^-1/2 A_w D^-1/2","spectral_radius(A_w/S_w)","high_betweenness_proxy_vs_matched_random_edges","72.0","0.1930590751537839","0.9554615826007127","0.027777777777777776","bottleneck","0.11923595466915521","0.05608108210413463","-0.07666370022279943","diagnostic_only_excluded_from_material_validation","software_sanity_only","Generated from C2_residual_benchmark_synthetic_rows.csv; row cannot support material claims."
"bottleneck_005","synthetic_only_not_material","SYN-C2-R2-bottleneck_005","synthetic_static_graph","29202","diagnostic_synthetic","Y_A_null_diagnostic","SYN-C2-R2-PLANTED","2.6376664009376323","dimensionless_planted_diagnostic","diagnostic_only","synthetic_planted_protocol_sanity","diagnostic_synthetic","current/B/scripts/C2_residual_benchmark.py","false","true","false","true","true","GRAPH-C2-R2-LSYM-BUDGET-ATTACK","synthetic_budget_rescaled_overlap_capacity","predeclared_synthetic_scale","synthetic_family_generator_edges","L_sym=I-D^-1/2 A_w D^-1/2","spectral_radius(A_w/S_w)","high_betweenness_proxy_vs_matched_random_edges","72.0","0.13108542947755086","0.841140675119176","0.027777777777777776","bottleneck","0.11764815084804268","0.05686297771850652","-0.056611784968879836","diagnostic_only_excluded_from_material_validation","software_sanity_only","Generated from C2_residual_benchmark_synthetic_rows.csv; row cannot support material claims."
"bottleneck_005","synthetic_only_not_material","SYN-C2-R2-bottleneck_005","synthetic_static_graph","29202","diagnostic_synthetic","Y_B_positive_diagnostic","SYN-C2-R2-PLANTED","2.8768540487664924","dimensionless_planted_diagnostic","diagnostic_only","synthetic_planted_protocol_sanity","diagnostic_synthetic","current/B/scripts/C2_residual_benchmark.py","false","true","false","true","true","GRAPH-C2-R2-LSYM-BUDGET-ATTACK","synthetic_budget_rescaled_overlap_capacity","predeclared_synthetic_scale","synthetic_family_generator_edges","L_sym=I-D^-1/2 A_w D^-1/2","spectral_radius(A_w/S_w)","high_betweenness_proxy_vs_matched_random_edges","72.0","0.13108542947755086","0.841140675119176","0.027777777777777776","bottleneck","0.11764815084804268","0.05686297771850652","-0.056611784968879836","diagnostic_only_excluded_from_material_validation","software_sanity_only","Generated from C2_residual_benchmark_synthetic_rows.csv; row cannot support material claims."
"bottleneck_006","synthetic_only_not_material","SYN-C2-R2-bottleneck_006","synthetic_static_graph","29202","diagnostic_synthetic","Y_A_null_diagnostic","SYN-C2-R2-PLANTED","2.457437907958432","dimensionless_planted_diagnostic","diagnostic_only","synthetic_planted_protocol_sanity","diagnostic_synthetic","current/B/scripts/C2_residual_benchmark.py","false","true","false","true","true","GRAPH-C2-R2-LSYM-BUDGET-ATTACK","synthetic_budget_rescaled_overlap_capacity","predeclared_synthetic_scale","synthetic_family_generator_edges","L_sym=I-D^-1/2 A_w D^-1/2","spectral_radius(A_w/S_w)","high_betweenness_proxy_vs_matched_random_edges","72.0","0.23881138676555652","0.8867581503944","0.027777777777777776","bottleneck","0.13597539786428528","0.05616368953720183","-0.11431745725860863","diagnostic_only_excluded_from_material_validation","software_sanity_only","Generated from C2_residual_benchmark_synthetic_rows.csv; row cannot support material claims."
"bottleneck_006","synthetic_only_not_material","SYN-C2-R2-bottleneck_006","synthetic_static_graph","29202","diagnostic_synthetic","Y_B_positive_diagnostic","SYN-C2-R2-PLANTED","2.7778842560740364","dimensionless_planted_diagnostic","diagnostic_only","synthetic_planted_protocol_sanity","diagnostic_synthetic","current/B/scripts/C2_residual_benchmark.py","false","true","false","true","true","GRAPH-C2-R2-LSYM-BUDGET-ATTACK","synthetic_budget_rescaled_overlap_capacity","predeclared_synthetic_scale","synthetic_family_generator_edges","L_sym=I-D^-1/2 A_w D^-1/2","spectral_radius(A_w/S_w)","high_betweenness_proxy_vs_matched_random_edges","72.0","0.23881138676555652","0.8867581503944","0.027777777777777776","bottleneck","0.13597539786428528","0.05616368953720183","-0.11431745725860863","diagnostic_only_excluded_from_material_validation","software_sanity_only","Generated from C2_residual_benchmark_synthetic_rows.csv; row cannot support material claims."
"bottleneck_007","synthetic_only_not_material","SYN-C2-R2-bottleneck_007","synthetic_static_graph","29202","diagnostic_synthetic","Y_A_null_diagnostic","SYN-C2-R2-PLANTED","2.5671305514578737","dimensionless_planted_diagnostic","diagnostic_only","synthetic_planted_protocol_sanity","diagnostic_synthetic","current/B/scripts/C2_residual_benchmark.py","false","true","false","true","true","GRAPH-C2-R2-LSYM-BUDGET-ATTACK","synthetic_budget_rescaled_overlap_capacity","predeclared_synthetic_scale","synthetic_family_generator_edges","L_sym=I-D^-1/2 A_w D^-1/2","spectral_radius(A_w/S_w)","high_betweenness_proxy_vs_matched_random_edges","72.0","0.10410971036579236","0.9326402567286108","0.027777777777777776","bottleneck","0.12761863219254713","0.05673293356730068","-0.05253553495953913","diagnostic_only_excluded_from_material_validation","software_sanity_only","Generated from C2_residual_benchmark_synthetic_rows.csv; row cannot support material claims."
"bottleneck_007","synthetic_only_not_material","SYN-C2-R2-bottleneck_007","synthetic_static_graph","29202","diagnostic_synthetic","Y_B_positive_diagnostic","SYN-C2-R2-PLANTED","2.8186023444295345","dimensionless_planted_diagnostic","diagnostic_only","synthetic_planted_protocol_sanity","diagnostic_synthetic","current/B/scripts/C2_residual_benchmark.py","false","true","false","true","true","GRAPH-C2-R2-LSYM-BUDGET-ATTACK","synthetic_budget_rescaled_overlap_capacity","predeclared_synthetic_scale","synthetic_family_generator_edges","L_sym=I-D^-1/2 A_w D^-1/2","spectral_radius(A_w/S_w)","high_betweenness_proxy_vs_matched_random_edges","72.0","0.10410971036579236","0.9326402567286108","0.027777777777777776","bottleneck","0.12761863219254713","0.05673293356730068","-0.05253553495953913","diagnostic_only_excluded_from_material_validation","software_sanity_only","Generated from C2_residual_benchmark_synthetic_rows.csv; row cannot support material claims."
"bottleneck_008","synthetic_only_not_material","SYN-C2-R2-bottleneck_008","synthetic_static_graph","29202","diagnostic_synthetic","Y_A_null_diagnostic","SYN-C2-R2-PLANTED","2.6186828110863534","dimensionless_planted_diagnostic","diagnostic_only","synthetic_planted_protocol_sanity","diagnostic_synthetic","current/B/scripts/C2_residual_benchmark.py","false","true","false","true","true","GRAPH-C2-R2-LSYM-BUDGET-ATTACK","synthetic_budget_rescaled_overlap_capacity","predeclared_synthetic_scale","synthetic_family_generator_edges","L_sym=I-D^-1/2 A_w D^-1/2","spectral_radius(A_w/S_w)","high_betweenness_proxy_vs_matched_random_edges","71.99999999999999","0.12402915561564644","0.8116645982577158","0.027777777777777776","bottleneck","0.11834216640452705","0.056891967962973744","-0.10859408600055816","diagnostic_only_excluded_from_material_validation","software_sanity_only","Generated from C2_residual_benchmark_synthetic_rows.csv; row cannot support material claims."
"bottleneck_008","synthetic_only_not_material","SYN-C2-R2-bottleneck_008","synthetic_static_graph","29202","diagnostic_synthetic","Y_B_positive_diagnostic","SYN-C2-R2-PLANTED","2.905764954734099","dimensionless_planted_diagnostic","diagnostic_only","synthetic_planted_protocol_sanity","diagnostic_synthetic","current/B/scripts/C2_residual_benchmark.py","false","true","false","true","true","GRAPH-C2-R2-LSYM-BUDGET-ATTACK","synthetic_budget_rescaled_overlap_capacity","predeclared_synthetic_scale","synthetic_family_generator_edges","L_sym=I-D^-1/2 A_w D^-1/2","spectral_radius(A_w/S_w)","high_betweenness_proxy_vs_matched_random_edges","71.99999999999999","0.12402915561564644","0.8116645982577158","0.027777777777777776","bottleneck","0.11834216640452705","0.056891967962973744","-0.10859408600055816","diagnostic_only_excluded_from_material_validation","software_sanity_only","Generated from C2_residual_benchmark_synthetic_rows.csv; row cannot support material claims."
"bottleneck_009","synthetic_only_not_material","SYN-C2-R2-bottleneck_009","synthetic_static_graph","29202","diagnostic_synthetic","Y_A_null_diagnostic","SYN-C2-R2-PLANTED","2.481981283719655","dimensionless_planted_diagnostic","diagnostic_only","synthetic_planted_protocol_sanity","diagnostic_synthetic","current/B/scripts/C2_residual_benchmark.py","false","true","false","true","true","GRAPH-C2-R2-LSYM-BUDGET-ATTACK","synthetic_budget_rescaled_overlap_capacity","predeclared_synthetic_scale","synthetic_family_generator_edges","L_sym=I-D^-1/2 A_w D^-1/2","spectral_radius(A_w/S_w)","high_betweenness_proxy_vs_matched_random_edges","72.0","0.18269656133693518","0.9471988196252694","0.027777777777777776","bottleneck","0.13342501276229057","0.05867947779385018","0.03949685964309392","diagnostic_only_excluded_from_material_validation","software_sanity_only","Generated from C2_residual_benchmark_synthetic_rows.csv; row cannot support material claims."
"bottleneck_009","synthetic_only_not_material","SYN-C2-R2-bottleneck_009","synthetic_static_graph","29202","diagnostic_synthetic","Y_B_positive_diagnostic","SYN-C2-R2-PLANTED","2.6599141304605354","dimensionless_planted_diagnostic","diagnostic_only","synthetic_planted_protocol_sanity","diagnostic_synthetic","current/B/scripts/C2_residual_benchmark.py","false","true","false","true","true","GRAPH-C2-R2-LSYM-BUDGET-ATTACK","synthetic_budget_rescaled_overlap_capacity","predeclared_synthetic_scale","synthetic_family_generator_edges","L_sym=I-D^-1/2 A_w D^-1/2","spectral_radius(A_w/S_w)","high_betweenness_proxy_vs_matched_random_edges","72.0","0.18269656133693518","0.9471988196252694","0.027777777777777776","bottleneck","0.13342501276229057","0.05867947779385018","0.03949685964309392","diagnostic_only_excluded_from_material_validation","software_sanity_only","Generated from C2_residual_benchmark_synthetic_rows.csv; row cannot support material claims."
"bottleneck_010","synthetic_only_not_material","SYN-C2-R2-bottleneck_010","synthetic_static_graph","29202","diagnostic_synthetic","Y_A_null_diagnostic","SYN-C2-R2-PLANTED","2.548160486986586","dimensionless_planted_diagnostic","diagnostic_only","synthetic_planted_protocol_sanity","diagnostic_synthetic","current/B/scripts/C2_residual_benchmark.py","false","true","false","true","true","GRAPH-C2-R2-LSYM-BUDGET-ATTACK","synthetic_budget_rescaled_overlap_capacity","predeclared_synthetic_scale","synthetic_family_generator_edges","L_sym=I-D^-1/2 A_w D^-1/2","spectral_radius(A_w/S_w)","high_betweenness_proxy_vs_matched_random_edges","72.0","0.29826901667487066","0.9974864720788685","0.027777777777777776","bottleneck","0.11849330439740255","0.05625602494448085","0.1337780060510325","diagnostic_only_excluded_from_material_validation","software_sanity_only","Generated from C2_residual_benchmark_synthetic_rows.csv; row cannot support material claims."
"bottleneck_010","synthetic_only_not_material","SYN-C2-R2-bottleneck_010","synthetic_static_graph","29202","diagnostic_synthetic","Y_B_positive_diagnostic","SYN-C2-R2-PLANTED","2.617349568576501","dimensionless_planted_diagnostic","diagnostic_only","synthetic_planted_protocol_sanity","diagnostic_synthetic","current/B/scripts/C2_residual_benchmark.py","false","true","false","true","true","GRAPH-C2-R2-LSYM-BUDGET-ATTACK","synthetic_budget_rescaled_overlap_capacity","predeclared_synthetic_scale","synthetic_family_generator_edges","L_sym=I-D^-1/2 A_w D^-1/2","spectral_radius(A_w/S_w)","high_betweenness_proxy_vs_matched_random_edges","72.0","0.29826901667487066","0.9974864720788685","0.027777777777777776","bottleneck","0.11849330439740255","0.05625602494448085","0.1337780060510325","diagnostic_only_excluded_from_material_validation","software_sanity_only","Generated from C2_residual_benchmark_synthetic_rows.csv; row cannot support material claims."
"bottleneck_011","synthetic_only_not_material","SYN-C2-R2-bottleneck_011","synthetic_static_graph","29202","diagnostic_synthetic","Y_A_null_diagnostic","SYN-C2-R2-PLANTED","2.651717924212284","dimensionless_planted_diagnostic","diagnostic_only","synthetic_planted_protocol_sanity","diagnostic_synthetic","current/B/scripts/C2_residual_benchmark.py","false","true","false","true","true","GRAPH-C2-R2-LSYM-BUDGET-ATTACK","synthetic_budget_rescaled_overlap_capacity","predeclared_synthetic_scale","synthetic_family_generator_edges","L_sym=I-D^-1/2 A_w D^-1/2","spectral_radius(A_w/S_w)","high_betweenness_proxy_vs_matched_random_edges","72.0","0.07042816941819777","1.0658155100731894","0.027777777777777776","bottleneck","0.12217906380446207","0.05705961749591709","-0.05819701854187362","diagnostic_only_excluded_from_material_validation","software_sanity_only","Generated from C2_residual_benchmark_synthetic_rows.csv; row cannot support material claims."
"bottleneck_011","synthetic_only_not_material","SYN-C2-R2-bottleneck_011","synthetic_static_graph","29202","diagnostic_synthetic","Y_B_positive_diagnostic","SYN-C2-R2-PLANTED","2.8995817429871096","dimensionless_planted_diagnostic","diagnostic_only","synthetic_planted_protocol_sanity","diagnostic_synthetic","current/B/scripts/C2_residual_benchmark.py","false","true","false","true","true","GRAPH-C2-R2-LSYM-BUDGET-ATTACK","synthetic_budget_rescaled_overlap_capacity","predeclared_synthetic_scale","synthetic_family_generator_edges","L_sym=I-D^-1/2 A_w D^-1/2","spectral_radius(A_w/S_w)","high_betweenness_proxy_vs_matched_random_edges","72.0","0.07042816941819777","1.0658155100731894","0.027777777777777776","bottleneck","0.12217906380446207","0.05705961749591709","-0.05819701854187362","diagnostic_only_excluded_from_material_validation","software_sanity_only","Generated from C2_residual_benchmark_synthetic_rows.csv; row cannot support material claims."
"bottleneck_012","synthetic_only_not_material","SYN-C2-R2-bottleneck_012","synthetic_static_graph","29202","diagnostic_synthetic","Y_A_null_diagnostic","SYN-C2-R2-PLANTED","2.5183890798965676","dimensionless_planted_diagnostic","diagnostic_only","synthetic_planted_protocol_sanity","diagnostic_synthetic","current/B/scripts/C2_residual_benchmark.py","false","true","false","true","true","GRAPH-C2-R2-LSYM-BUDGET-ATTACK","synthetic_budget_rescaled_overlap_capacity","predeclared_synthetic_scale","synthetic_family_generator_edges","L_sym=I-D^-1/2 A_w D^-1/2","spectral_radius(A_w/S_w)","high_betweenness_proxy_vs_matched_random_edges","72.0","0.18683577610632923","1.001294444396865","0.027777777777777776","bottleneck","0.13788778662142925","0.056905000948217016","-0.024769327406759356","diagnostic_only_excluded_from_material_validation","software_sanity_only","Generated from C2_residual_benchmark_synthetic_rows.csv; row cannot support material claims."
"bottleneck_012","synthetic_only_not_material","SYN-C2-R2-bottleneck_012","synthetic_static_graph","29202","diagnostic_synthetic","Y_B_positive_diagnostic","SYN-C2-R2-PLANTED","2.761301933156938","dimensionless_planted_diagnostic","diagnostic_only","synthetic_planted_protocol_sanity","diagnostic_synthetic","current/B/scripts/C2_residual_benchmark.py","false","true","false","true","true","GRAPH-C2-R2-LSYM-BUDGET-ATTACK","synthetic_budget_rescaled_overlap_capacity","predeclared_synthetic_scale","synthetic_family_generator_edges","L_sym=I-D^-1/2 A_w D^-1/2","spectral_radius(A_w/S_w)","high_betweenness_proxy_vs_matched_random_edges","72.0","0.18683577610632923","1.001294444396865","0.027777777777777776","bottleneck","0.13788778662142925","0.056905000948217016","-0.024769327406759356","diagnostic_only_excluded_from_material_validation","software_sanity_only","Generated from C2_residual_benchmark_synthetic_rows.csv; row cannot support material claims."
"bottleneck_013","synthetic_only_not_material","SYN-C2-R2-bottleneck_013","synthetic_static_graph","29202","diagnostic_synthetic","Y_A_null_diagnostic","SYN-C2-R2-PLANTED","2.610311098264915","dimensionless_planted_diagnostic","diagnostic_only","synthetic_planted_protocol_sanity","diagnostic_synthetic","current/B/scripts/C2_residual_benchmark.py","false","true","false","true","true","GRAPH-C2-R2-LSYM-BUDGET-ATTACK","synthetic_budget_rescaled_overlap_capacity","predeclared_synthetic_scale","synthetic_family_generator_edges","L_sym=I-D^-1/2 A_w D^-1/2","spectral_radius(A_w/S_w)","high_betweenness_proxy_vs_matched_random_edges","72.0","0.14030483587401407","0.9199784495544062","0.027777777777777776","bottleneck","0.11425354851532829","0.05682526732845072","-0.07885558475064021","diagnostic_only_excluded_from_material_validation","software_sanity_only","Generated from C2_residual_benchmark_synthetic_rows.csv; row cannot support material claims."
"bottleneck_013","synthetic_only_not_material","SYN-C2-R2-bottleneck_013","synthetic_static_graph","29202","diagnostic_synthetic","Y_B_positive_diagnostic","SYN-C2-R2-PLANTED","2.864086802165017","dimensionless_planted_diagnostic","diagnostic_only","synthetic_planted_protocol_sanity","diagnostic_synthetic","current/B/scripts/C2_residual_benchmark.py","false","true","false","true","true","GRAPH-C2-R2-LSYM-BUDGET-ATTACK","synthetic_budget_rescaled_overlap_capacity","predeclared_synthetic_scale","synthetic_family_generator_edges","L_sym=I-D^-1/2 A_w D^-1/2","spectral_radius(A_w/S_w)","high_betweenness_proxy_vs_matched_random_edges","72.0","0.14030483587401407","0.9199784495544062","0.027777777777777776","bottleneck","0.11425354851532829","0.05682526732845072","-0.07885558475064021","diagnostic_only_excluded_from_material_validation","software_sanity_only","Generated from C2_residual_benchmark_synthetic_rows.csv; row cannot support material claims."
"bottleneck_014","synthetic_only_not_material","SYN-C2-R2-bottleneck_014","synthetic_static_graph","29202","diagnostic_synthetic","Y_A_null_diagnostic","SYN-C2-R2-PLANTED","2.5425177185543224","dimensionless_planted_diagnostic","diagnostic_only","synthetic_planted_protocol_sanity","diagnostic_synthetic","current/B/scripts/C2_residual_benchmark.py","false","true","false","true","true","GRAPH-C2-R2-LSYM-BUDGET-ATTACK","synthetic_budget_rescaled_overlap_capacity","predeclared_synthetic_scale","synthetic_family_generator_edges","L_sym=I-D^-1/2 A_w D^-1/2","spectral_radius(A_w/S_w)","high_betweenness_proxy_vs_matched_random_edges","72.0","0.20818799848268765","0.8727681846579981","0.027777777777777776","bottleneck","0.11490596612451619","0.05658859142071486","-0.07775646701595129","diagnostic_only_excluded_from_material_validation","software_sanity_only","Generated from C2_residual_benchmark_synthetic_rows.csv; row cannot support material claims."
"bottleneck_014","synthetic_only_not_material","SYN-C2-R2-bottleneck_014","synthetic_static_graph","29202","diagnostic_synthetic","Y_B_positive_diagnostic","SYN-C2-R2-PLANTED","2.7963480846679043","dimensionless_planted_diagnostic","diagnostic_only","synthetic_planted_protocol_sanity","diagnostic_synthetic","current/B/scripts/C2_residual_benchmark.py","false","true","false","true","true","GRAPH-C2-R2-LSYM-BUDGET-ATTACK","synthetic_budget_rescaled_overlap_capacity","predeclared_synthetic_scale","synthetic_family_generator_edges","L_sym=I-D^-1/2 A_w D^-1/2","spectral_radius(A_w/S_w)","high_betweenness_proxy_vs_matched_random_edges","72.0","0.20818799848268765","0.8727681846579981","0.027777777777777776","bottleneck","0.11490596612451619","0.05658859142071486","-0.07775646701595129","diagnostic_only_excluded_from_material_validation","software_sanity_only","Generated from C2_residual_benchmark_synthetic_rows.csv; row cannot support material claims."
"bottleneck_015","synthetic_only_not_material","SYN-C2-R2-bottleneck_015","synthetic_static_graph","29202","diagnostic_synthetic","Y_A_null_diagnostic","SYN-C2-R2-PLANTED","2.607085673021925","dimensionless_planted_diagnostic","diagnostic_only","synthetic_planted_protocol_sanity","diagnostic_synthetic","current/B/scripts/C2_residual_benchmark.py","false","true","false","true","true","GRAPH-C2-R2-LSYM-BUDGET-ATTACK","synthetic_budget_rescaled_overlap_capacity","predeclared_synthetic_scale","synthetic_family_generator_edges","L_sym=I-D^-1/2 A_w D^-1/2","spectral_radius(A_w/S_w)","high_betweenness_proxy_vs_matched_random_edges","72.0","0.22097474288612895","1.1357112821376802","0.027777777777777776","bottleneck","0.14444906704656624","0.05612612802163402","0.26684700481068957","diagnostic_only_excluded_from_material_validation","software_sanity_only","Generated from C2_residual_benchmark_synthetic_rows.csv; row cannot support material claims."
"bottleneck_015","synthetic_only_not_material","SYN-C2-R2-bottleneck_015","synthetic_static_graph","29202","diagnostic_synthetic","Y_B_positive_diagnostic","SYN-C2-R2-PLANTED","2.59804187596681","dimensionless_planted_diagnostic","diagnostic_only","synthetic_planted_protocol_sanity","diagnostic_synthetic","current/B/scripts/C2_residual_benchmark.py","false","true","false","true","true","GRAPH-C2-R2-LSYM-BUDGET-ATTACK","synthetic_budget_rescaled_overlap_capacity","predeclared_synthetic_scale","synthetic_family_generator_edges","L_sym=I-D^-1/2 A_w D^-1/2","spectral_radius(A_w/S_w)","high_betweenness_proxy_vs_matched_random_edges","72.0","0.22097474288612895","1.1357112821376802","0.027777777777777776","bottleneck","0.14444906704656624","0.05612612802163402","0.26684700481068957","diagnostic_only_excluded_from_material_validation","software_sanity_only","Generated from C2_residual_benchmark_synthetic_rows.csv; row cannot support material claims."
"bottleneck_016","synthetic_only_not_material","SYN-C2-R2-bottleneck_016","synthetic_static_graph","29202","diagnostic_synthetic","Y_A_null_diagnostic","SYN-C2-R2-PLANTED","2.518931366729933","dimensionless_planted_diagnostic","diagnostic_only","synthetic_planted_protocol_sanity","diagnostic_synthetic","current/B/scripts/C2_residual_benchmark.py","false","true","false","true","true","GRAPH-C2-R2-LSYM-BUDGET-ATTACK","synthetic_budget_rescaled_overlap_capacity","predeclared_synthetic_scale","synthetic_family_generator_edges","L_sym=I-D^-1/2 A_w D^-1/2","spectral_radius(A_w/S_w)","high_betweenness_proxy_vs_matched_random_edges","72.0","0.2538264525847445","0.8917962627014602","0.027777777777777776","bottleneck","0.12919490881518317","0.056614589126346725","0.14037121913904738","diagnostic_only_excluded_from_material_validation","software_sanity_only","Generated from C2_residual_benchmark_synthetic_rows.csv; row cannot support material claims."
"bottleneck_016","synthetic_only_not_material","SYN-C2-R2-bottleneck_016","synthetic_static_graph","29202","diagnostic_synthetic","Y_B_positive_diagnostic","SYN-C2-R2-PLANTED","2.5993091236090833","dimensionless_planted_diagnostic","diagnostic_only","synthetic_planted_protocol_sanity","diagnostic_synthetic","current/B/scripts/C2_residual_benchmark.py","false","true","false","true","true","GRAPH-C2-R2-LSYM-BUDGET-ATTACK","synthetic_budget_rescaled_overlap_capacity","predeclared_synthetic_scale","synthetic_family_generator_edges","L_sym=I-D^-1/2 A_w D^-1/2","spectral_radius(A_w/S_w)","high_betweenness_proxy_vs_matched_random_edges","72.0","0.2538264525847445","0.8917962627014602","0.027777777777777776","bottleneck","0.12919490881518317","0.056614589126346725","0.14037121913904738","diagnostic_only_excluded_from_material_validation","software_sanity_only","Generated from C2_residual_benchmark_synthetic_rows.csv; row cannot support material claims."
"bottleneck_017","synthetic_only_not_material","SYN-C2-R2-bottleneck_017","synthetic_static_graph","29202","diagnostic_synthetic","Y_A_null_diagnostic","SYN-C2-R2-PLANTED","2.6200038349413153","dimensionless_planted_diagnostic","diagnostic_only","synthetic_planted_protocol_sanity","diagnostic_synthetic","current/B/scripts/C2_residual_benchmark.py","false","true","false","true","true","GRAPH-C2-R2-LSYM-BUDGET-ATTACK","synthetic_budget_rescaled_overlap_capacity","predeclared_synthetic_scale","synthetic_family_generator_edges","L_sym=I-D^-1/2 A_w D^-1/2","spectral_radius(A_w/S_w)","high_betweenness_proxy_vs_matched_random_edges","72.0","0.0776717286058579","1.0333493054134644","0.027777777777777776","bottleneck","0.10749511346113949","0.05716377302189667","-0.04323322285715511","diagnostic_only_excluded_from_material_validation","software_sanity_only","Generated from C2_residual_benchmark_synthetic_rows.csv; row cannot support material claims."
"bottleneck_017","synthetic_only_not_material","SYN-C2-R2-bottleneck_017","synthetic_static_graph","29202","diagnostic_synthetic","Y_B_positive_diagnostic","SYN-C2-R2-PLANTED","2.830905917050578","dimensionless_planted_diagnostic","diagnostic_only","synthetic_planted_protocol_sanity","diagnostic_synthetic","current/B/scripts/C2_residual_benchmark.py","false","true","false","true","true","GRAPH-C2-R2-LSYM-BUDGET-ATTACK","synthetic_budget_rescaled_overlap_capacity","predeclared_synthetic_scale","synthetic_family_generator_edges","L_sym=I-D^-1/2 A_w D^-1/2","spectral_radius(A_w/S_w)","high_betweenness_proxy_vs_matched_random_edges","72.0","0.0776717286058579","1.0333493054134644","0.027777777777777776","bottleneck","0.10749511346113949","0.05716377302189667","-0.04323322285715511","diagnostic_only_excluded_from_material_validation","software_sanity_only","Generated from C2_residual_benchmark_synthetic_rows.csv; row cannot support material claims."
"bottleneck_018","synthetic_only_not_material","SYN-C2-R2-bottleneck_018","synthetic_static_graph","29202","diagnostic_synthetic","Y_A_null_diagnostic","SYN-C2-R2-PLANTED","2.548832901621149","dimensionless_planted_diagnostic","diagnostic_only","synthetic_planted_protocol_sanity","diagnostic_synthetic","current/B/scripts/C2_residual_benchmark.py","false","true","false","true","true","GRAPH-C2-R2-LSYM-BUDGET-ATTACK","synthetic_budget_rescaled_overlap_capacity","predeclared_synthetic_scale","synthetic_family_generator_edges","L_sym=I-D^-1/2 A_w D^-1/2","spectral_radius(A_w/S_w)","high_betweenness_proxy_vs_matched_random_edges","72.0","0.16280694653571726","1.0772428153056666","0.027777777777777776","bottleneck","0.1450250985026206","0.056887362133671376","-0.10638501952954345","diagnostic_only_excluded_from_material_validation","software_sanity_only","Generated from C2_residual_benchmark_synthetic_rows.csv; row cannot support material claims."
"bottleneck_018","synthetic_only_not_material","SYN-C2-R2-bottleneck_018","synthetic_static_graph","29202","diagnostic_synthetic","Y_B_positive_diagnostic","SYN-C2-R2-PLANTED","2.876619576801931","dimensionless_planted_diagnostic","diagnostic_only","synthetic_planted_protocol_sanity","diagnostic_synthetic","current/B/scripts/C2_residual_benchmark.py","false","true","false","true","true","GRAPH-C2-R2-LSYM-BUDGET-ATTACK","synthetic_budget_rescaled_overlap_capacity","predeclared_synthetic_scale","synthetic_family_generator_edges","L_sym=I-D^-1/2 A_w D^-1/2","spectral_radius(A_w/S_w)","high_betweenness_proxy_vs_matched_random_edges","72.0","0.16280694653571726","1.0772428153056666","0.027777777777777776","bottleneck","0.1450250985026206","0.056887362133671376","-0.10638501952954345","diagnostic_only_excluded_from_material_validation","software_sanity_only","Generated from C2_residual_benchmark_synthetic_rows.csv; row cannot support material claims."
"bottleneck_019","synthetic_only_not_material","SYN-C2-R2-bottleneck_019","synthetic_static_graph","29202","diagnostic_synthetic","Y_A_null_diagnostic","SYN-C2-R2-PLANTED","2.6655818914348024","dimensionless_planted_diagnostic","diagnostic_only","synthetic_planted_protocol_sanity","diagnostic_synthetic","current/B/scripts/C2_residual_benchmark.py","false","true","false","true","true","GRAPH-C2-R2-LSYM-BUDGET-ATTACK","synthetic_budget_rescaled_overlap_capacity","predeclared_synthetic_scale","synthetic_family_generator_edges","L_sym=I-D^-1/2 A_w D^-1/2","spectral_radius(A_w/S_w)","high_betweenness_proxy_vs_matched_random_edges","71.99999999999999","0.21830856184886505","1.1854575890111159","0.027777777777777776","bottleneck","0.14476540046586095","0.05733342863978535","0.27573274077966115","diagnostic_only_excluded_from_material_validation","software_sanity_only","Generated from C2_residual_benchmark_synthetic_rows.csv; row cannot support material claims."
"bottleneck_019","synthetic_only_not_material","SYN-C2-R2-bottleneck_019","synthetic_static_graph","29202","diagnostic_synthetic","Y_B_positive_diagnostic","SYN-C2-R2-PLANTED","2.6490470654784852","dimensionless_planted_diagnostic","diagnostic_only","synthetic_planted_protocol_sanity","diagnostic_synthetic","current/B/scripts/C2_residual_benchmark.py","false","true","false","true","true","GRAPH-C2-R2-LSYM-BUDGET-ATTACK","synthetic_budget_rescaled_overlap_capacity","predeclared_synthetic_scale","synthetic_family_generator_edges","L_sym=I-D^-1/2 A_w D^-1/2","spectral_radius(A_w/S_w)","high_betweenness_proxy_vs_matched_random_edges","71.99999999999999","0.21830856184886505","1.1854575890111159","0.027777777777777776","bottleneck","0.14476540046586095","0.05733342863978535","0.27573274077966115","diagnostic_only_excluded_from_material_validation","software_sanity_only","Generated from C2_residual_benchmark_synthetic_rows.csv; row cannot support material claims."
"bottleneck_020","synthetic_only_not_material","SYN-C2-R2-bottleneck_020","synthetic_static_graph","29202","diagnostic_synthetic","Y_A_null_diagnostic","SYN-C2-R2-PLANTED","2.5840276675885177","dimensionless_planted_diagnostic","diagnostic_only","synthetic_planted_protocol_sanity","diagnostic_synthetic","current/B/scripts/C2_residual_benchmark.py","false","true","false","true","true","GRAPH-C2-R2-LSYM-BUDGET-ATTACK","synthetic_budget_rescaled_overlap_capacity","predeclared_synthetic_scale","synthetic_family_generator_edges","L_sym=I-D^-1/2 A_w D^-1/2","spectral_radius(A_w/S_w)","high_betweenness_proxy_vs_matched_random_edges","72.0","0.17548308329422674","0.9313024063010811","0.027777777777777776","bottleneck","0.11583703221971445","0.058841810546334826","0.03581875624788611","diagnostic_only_excluded_from_material_validation","software_sanity_only","Generated from C2_residual_benchmark_synthetic_rows.csv; row cannot support material claims."
"bottleneck_020","synthetic_only_not_material","SYN-C2-R2-bottleneck_020","synthetic_static_graph","29202","diagnostic_synthetic","Y_B_positive_diagnostic","SYN-C2-R2-PLANTED","2.737130038516963","dimensionless_planted_diagnostic","diagnostic_only","synthetic_planted_protocol_sanity","diagnostic_synthetic","current/B/scripts/C2_residual_benchmark.py","false","true","false","true","true","GRAPH-C2-R2-LSYM-BUDGET-ATTACK","synthetic_budget_rescaled_overlap_capacity","predeclared_synthetic_scale","synthetic_family_generator_edges","L_sym=I-D^-1/2 A_w D^-1/2","spectral_radius(A_w/S_w)","high_betweenness_proxy_vs_matched_random_edges","72.0","0.17548308329422674","0.9313024063010811","0.027777777777777776","bottleneck","0.11583703221971445","0.058841810546334826","0.03581875624788611","diagnostic_only_excluded_from_material_validation","software_sanity_only","Generated from C2_residual_benchmark_synthetic_rows.csv; row cannot support material claims."
"bottleneck_021","synthetic_only_not_material","SYN-C2-R2-bottleneck_021","synthetic_static_graph","29202","diagnostic_synthetic","Y_A_null_diagnostic","SYN-C2-R2-PLANTED","2.448446577838261","dimensionless_planted_diagnostic","diagnostic_only","synthetic_planted_protocol_sanity","diagnostic_synthetic","current/B/scripts/C2_residual_benchmark.py","false","true","false","true","true","GRAPH-C2-R2-LSYM-BUDGET-ATTACK","synthetic_budget_rescaled_overlap_capacity","predeclared_synthetic_scale","synthetic_family_generator_edges","L_sym=I-D^-1/2 A_w D^-1/2","spectral_radius(A_w/S_w)","high_betweenness_proxy_vs_matched_random_edges","72.0","0.33315271632531196","0.8323775431144388","0.027777777777777776","bottleneck","0.14111349860060796","0.056658285056642554","-0.23814753515365308","diagnostic_only_excluded_from_material_validation","software_sanity_only","Generated from C2_residual_benchmark_synthetic_rows.csv; row cannot support material claims."
"bottleneck_021","synthetic_only_not_material","SYN-C2-R2-bottleneck_021","synthetic_static_graph","29202","diagnostic_synthetic","Y_B_positive_diagnostic","SYN-C2-R2-PLANTED","2.8885609572375213","dimensionless_planted_diagnostic","diagnostic_only","synthetic_planted_protocol_sanity","diagnostic_synthetic","current/B/scripts/C2_residual_benchmark.py","false","true","false","true","true","GRAPH-C2-R2-LSYM-BUDGET-ATTACK","synthetic_budget_rescaled_overlap_capacity","predeclared_synthetic_scale","synthetic_family_generator_edges","L_sym=I-D^-1/2 A_w D^-1/2","spectral_radius(A_w/S_w)","high_betweenness_proxy_vs_matched_random_edges","72.0","0.33315271632531196","0.8323775431144388","0.027777777777777776","bottleneck","0.14111349860060796","0.056658285056642554","-0.23814753515365308","diagnostic_only_excluded_from_material_validation","software_sanity_only","Generated from C2_residual_benchmark_synthetic_rows.csv; row cannot support material claims."
"bottleneck_022","synthetic_only_not_material","SYN-C2-R2-bottleneck_022","synthetic_static_graph","29202","diagnostic_synthetic","Y_A_null_diagnostic","SYN-C2-R2-PLANTED","2.582259304486639","dimensionless_planted_diagnostic","diagnostic_only","synthetic_planted_protocol_sanity","diagnostic_synthetic","current/B/scripts/C2_residual_benchmark.py","false","true","false","true","true","GRAPH-C2-R2-LSYM-BUDGET-ATTACK","synthetic_budget_rescaled_overlap_capacity","predeclared_synthetic_scale","synthetic_family_generator_edges","L_sym=I-D^-1/2 A_w D^-1/2","spectral_radius(A_w/S_w)","high_betweenness_proxy_vs_matched_random_edges","72.00000000000001","0.10808980176453076","1.1223104831056816","0.027777777777777776","bottleneck","0.1396332567399931","0.05669960645653538","0.09144286891229997","diagnostic_only_excluded_from_material_validation","software_sanity_only","Generated from C2_residual_benchmark_synthetic_rows.csv; row cannot support material claims."
"bottleneck_022","synthetic_only_not_material","SYN-C2-R2-bottleneck_022","synthetic_static_graph","29202","diagnostic_synthetic","Y_B_positive_diagnostic","SYN-C2-R2-PLANTED","2.723373933249558","dimensionless_planted_diagnostic","diagnostic_only","synthetic_planted_protocol_sanity","diagnostic_synthetic","current/B/scripts/C2_residual_benchmark.py","false","true","false","true","true","GRAPH-C2-R2-LSYM-BUDGET-ATTACK","synthetic_budget_rescaled_overlap_capacity","predeclared_synthetic_scale","synthetic_family_generator_edges","L_sym=I-D^-1/2 A_w D^-1/2","spectral_radius(A_w/S_w)","high_betweenness_proxy_vs_matched_random_edges","72.00000000000001","0.10808980176453076","1.1223104831056816","0.027777777777777776","bottleneck","0.1396332567399931","0.05669960645653538","0.09144286891229997","diagnostic_only_excluded_from_material_validation","software_sanity_only","Generated from C2_residual_benchmark_synthetic_rows.csv; row cannot support material claims."
"bottleneck_023","synthetic_only_not_material","SYN-C2-R2-bottleneck_023","synthetic_static_graph","29202","diagnostic_synthetic","Y_A_null_diagnostic","SYN-C2-R2-PLANTED","2.5348767784677335","dimensionless_planted_diagnostic","diagnostic_only","synthetic_planted_protocol_sanity","diagnostic_synthetic","current/B/scripts/C2_residual_benchmark.py","false","true","false","true","true","GRAPH-C2-R2-LSYM-BUDGET-ATTACK","synthetic_budget_rescaled_overlap_capacity","predeclared_synthetic_scale","synthetic_family_generator_edges","L_sym=I-D^-1/2 A_w D^-1/2","spectral_radius(A_w/S_w)","high_betweenness_proxy_vs_matched_random_edges","72.0","0.33561874854610935","1.083291229857354","0.027777777777777776","bottleneck","0.13856607171240146","0.05671125213420804","0.145644730959319","diagnostic_only_excluded_from_material_validation","software_sanity_only","Generated from C2_residual_benchmark_synthetic_rows.csv; row cannot support material claims."
"bottleneck_023","synthetic_only_not_material","SYN-C2-R2-bottleneck_023","synthetic_static_graph","29202","diagnostic_synthetic","Y_B_positive_diagnostic","SYN-C2-R2-PLANTED","2.625502235344189","dimensionless_planted_diagnostic","diagnostic_only","synthetic_planted_protocol_sanity","diagnostic_synthetic","current/B/scripts/C2_residual_benchmark.py","false","true","false","true","true","GRAPH-C2-R2-LSYM-BUDGET-ATTACK","synthetic_budget_rescaled_overlap_capacity","predeclared_synthetic_scale","synthetic_family_generator_edges","L_sym=I-D^-1/2 A_w D^-1/2","spectral_radius(A_w/S_w)","high_betweenness_proxy_vs_matched_random_edges","72.0","0.33561874854610935","1.083291229857354","0.027777777777777776","bottleneck","0.13856607171240146","0.05671125213420804","0.145644730959319","diagnostic_only_excluded_from_material_validation","software_sanity_only","Generated from C2_residual_benchmark_synthetic_rows.csv; row cannot support material claims."
"bottleneck_024","synthetic_only_not_material","SYN-C2-R2-bottleneck_024","synthetic_static_graph","29202","diagnostic_synthetic","Y_A_null_diagnostic","SYN-C2-R2-PLANTED","2.545931222366904","dimensionless_planted_diagnostic","diagnostic_only","synthetic_planted_protocol_sanity","diagnostic_synthetic","current/B/scripts/C2_residual_benchmark.py","false","true","false","true","true","GRAPH-C2-R2-LSYM-BUDGET-ATTACK","synthetic_budget_rescaled_overlap_capacity","predeclared_synthetic_scale","synthetic_family_generator_edges","L_sym=I-D^-1/2 A_w D^-1/2","spectral_radius(A_w/S_w)","high_betweenness_proxy_vs_matched_random_edges","71.99999999999999","0.1909106494869175","0.961524508124603","0.027777777777777776","bottleneck","0.12824577475255405","0.05663532163268016","-0.14832653336492982","diagnostic_only_excluded_from_material_validation","software_sanity_only","Generated from C2_residual_benchmark_synthetic_rows.csv; row cannot support material claims."
"bottleneck_024","synthetic_only_not_material","SYN-C2-R2-bottleneck_024","synthetic_static_graph","29202","diagnostic_synthetic","Y_B_positive_diagnostic","SYN-C2-R2-PLANTED","2.884618341999427","dimensionless_planted_diagnostic","diagnostic_only","synthetic_planted_protocol_sanity","diagnostic_synthetic","current/B/scripts/C2_residual_benchmark.py","false","true","false","true","true","GRAPH-C2-R2-LSYM-BUDGET-ATTACK","synthetic_budget_rescaled_overlap_capacity","predeclared_synthetic_scale","synthetic_family_generator_edges","L_sym=I-D^-1/2 A_w D^-1/2","spectral_radius(A_w/S_w)","high_betweenness_proxy_vs_matched_random_edges","71.99999999999999","0.1909106494869175","0.961524508124603","0.027777777777777776","bottleneck","0.12824577475255405","0.05663532163268016","-0.14832653336492982","diagnostic_only_excluded_from_material_validation","software_sanity_only","Generated from C2_residual_benchmark_synthetic_rows.csv; row cannot support material claims."
"bottleneck_025","synthetic_only_not_material","SYN-C2-R2-bottleneck_025","synthetic_static_graph","29202","diagnostic_synthetic","Y_A_null_diagnostic","SYN-C2-R2-PLANTED","2.55835798073249","dimensionless_planted_diagnostic","diagnostic_only","synthetic_planted_protocol_sanity","diagnostic_synthetic","current/B/scripts/C2_residual_benchmark.py","false","true","false","true","true","GRAPH-C2-R2-LSYM-BUDGET-ATTACK","synthetic_budget_rescaled_overlap_capacity","predeclared_synthetic_scale","synthetic_family_generator_edges","L_sym=I-D^-1/2 A_w D^-1/2","spectral_radius(A_w/S_w)","high_betweenness_proxy_vs_matched_random_edges","72.0","0.15023109824982314","1.136796775452864","0.027777777777777776","bottleneck","0.11214203900449729","0.05590423580316672","-0.025498976787760447","diagnostic_only_excluded_from_material_validation","software_sanity_only","Generated from C2_residual_benchmark_synthetic_rows.csv; row cannot support material claims."
"bottleneck_025","synthetic_only_not_material","SYN-C2-R2-bottleneck_025","synthetic_static_graph","29202","diagnostic_synthetic","Y_B_positive_diagnostic","SYN-C2-R2-PLANTED","2.7607343222486698","dimensionless_planted_diagnostic","diagnostic_only","synthetic_planted_protocol_sanity","diagnostic_synthetic","current/B/scripts/C2_residual_benchmark.py","false","true","false","true","true","GRAPH-C2-R2-LSYM-BUDGET-ATTACK","synthetic_budget_rescaled_overlap_capacity","predeclared_synthetic_scale","synthetic_family_generator_edges","L_sym=I-D^-1/2 A_w D^-1/2","spectral_radius(A_w/S_w)","high_betweenness_proxy_vs_matched_random_edges","72.0","0.15023109824982314","1.136796775452864","0.027777777777777776","bottleneck","0.11214203900449729","0.05590423580316672","-0.025498976787760447","diagnostic_only_excluded_from_material_validation","software_sanity_only","Generated from C2_residual_benchmark_synthetic_rows.csv; row cannot support material claims."
"bottleneck_026","synthetic_only_not_material","SYN-C2-R2-bottleneck_026","synthetic_static_graph","29202","diagnostic_synthetic","Y_A_null_diagnostic","SYN-C2-R2-PLANTED","2.6515075101728245","dimensionless_planted_diagnostic","diagnostic_only","synthetic_planted_protocol_sanity","diagnostic_synthetic","current/B/scripts/C2_residual_benchmark.py","false","true","false","true","true","GRAPH-C2-R2-LSYM-BUDGET-ATTACK","synthetic_budget_rescaled_overlap_capacity","predeclared_synthetic_scale","synthetic_family_generator_edges","L_sym=I-D^-1/2 A_w D^-1/2","spectral_radius(A_w/S_w)","high_betweenness_proxy_vs_matched_random_edges","72.0","0.11845868809483798","0.8497329325333864","0.027777777777777776","bottleneck","0.1334523942844777","0.05770499796656762","-0.1513467565883706","diagnostic_only_excluded_from_material_validation","software_sanity_only","Generated from C2_residual_benchmark_synthetic_rows.csv; row cannot support material claims."
"bottleneck_026","synthetic_only_not_material","SYN-C2-R2-bottleneck_026","synthetic_static_graph","29202","diagnostic_synthetic","Y_B_positive_diagnostic","SYN-C2-R2-PLANTED","3.0012434219575224","dimensionless_planted_diagnostic","diagnostic_only","synthetic_planted_protocol_sanity","diagnostic_synthetic","current/B/scripts/C2_residual_benchmark.py","false","true","false","true","true","GRAPH-C2-R2-LSYM-BUDGET-ATTACK","synthetic_budget_rescaled_overlap_capacity","predeclared_synthetic_scale","synthetic_family_generator_edges","L_sym=I-D^-1/2 A_w D^-1/2","spectral_radius(A_w/S_w)","high_betweenness_proxy_vs_matched_random_edges","72.0","0.11845868809483798","0.8497329325333864","0.027777777777777776","bottleneck","0.1334523942844777","0.05770499796656762","-0.1513467565883706","diagnostic_only_excluded_from_material_validation","software_sanity_only","Generated from C2_residual_benchmark_synthetic_rows.csv; row cannot support material claims."
"bottleneck_027","synthetic_only_not_material","SYN-C2-R2-bottleneck_027","synthetic_static_graph","29202","diagnostic_synthetic","Y_A_null_diagnostic","SYN-C2-R2-PLANTED","2.6412940767516995","dimensionless_planted_diagnostic","diagnostic_only","synthetic_planted_protocol_sanity","diagnostic_synthetic","current/B/scripts/C2_residual_benchmark.py","false","true","false","true","true","GRAPH-C2-R2-LSYM-BUDGET-ATTACK","synthetic_budget_rescaled_overlap_capacity","predeclared_synthetic_scale","synthetic_family_generator_edges","L_sym=I-D^-1/2 A_w D^-1/2","spectral_radius(A_w/S_w)","high_betweenness_proxy_vs_matched_random_edges","72.0","0.06509090112947805","1.1408429441085646","0.027777777777777776","bottleneck","0.1490255610578235","0.05629552137078567","-0.19758376966502975","diagnostic_only_excluded_from_material_validation","software_sanity_only","Generated from C2_residual_benchmark_synthetic_rows.csv; row cannot support material claims."
"bottleneck_027","synthetic_only_not_material","SYN-C2-R2-bottleneck_027","synthetic_static_graph","29202","diagnostic_synthetic","Y_B_positive_diagnostic","SYN-C2-R2-PLANTED","3.057560367142744","dimensionless_planted_diagnostic","diagnostic_only","synthetic_planted_protocol_sanity","diagnostic_synthetic","current/B/scripts/C2_residual_benchmark.py","false","true","false","true","true","GRAPH-C2-R2-LSYM-BUDGET-ATTACK","synthetic_budget_rescaled_overlap_capacity","predeclared_synthetic_scale","synthetic_family_generator_edges","L_sym=I-D^-1/2 A_w D^-1/2","spectral_radius(A_w/S_w)","high_betweenness_proxy_vs_matched_random_edges","72.0","0.06509090112947805","1.1408429441085646","0.027777777777777776","bottleneck","0.1490255610578235","0.05629552137078567","-0.19758376966502975","diagnostic_only_excluded_from_material_validation","software_sanity_only","Generated from C2_residual_benchmark_synthetic_rows.csv; row cannot support material claims."
"bottleneck_028","synthetic_only_not_material","SYN-C2-R2-bottleneck_028","synthetic_static_graph","29202","diagnostic_synthetic","Y_A_null_diagnostic","SYN-C2-R2-PLANTED","2.6477407824209","dimensionless_planted_diagnostic","diagnostic_only","synthetic_planted_protocol_sanity","diagnostic_synthetic","current/B/scripts/C2_residual_benchmark.py","false","true","false","true","true","GRAPH-C2-R2-LSYM-BUDGET-ATTACK","synthetic_budget_rescaled_overlap_capacity","predeclared_synthetic_scale","synthetic_family_generator_edges","L_sym=I-D^-1/2 A_w D^-1/2","spectral_radius(A_w/S_w)","high_betweenness_proxy_vs_matched_random_edges","72.0","0.18558589914216017","0.891920681385032","0.027777777777777776","bottleneck","0.11234538527501246","0.05609051246541135","-0.03442276664115995","diagnostic_only_excluded_from_material_validation","software_sanity_only","Generated from C2_residual_benchmark_synthetic_rows.csv; row cannot support material claims."
"bottleneck_028","synthetic_only_not_material","SYN-C2-R2-bottleneck_028","synthetic_static_graph","29202","diagnostic_synthetic","Y_B_positive_diagnostic","SYN-C2-R2-PLANTED","2.8584738888379637","dimensionless_planted_diagnostic","diagnostic_only","synthetic_planted_protocol_sanity","diagnostic_synthetic","current/B/scripts/C2_residual_benchmark.py","false","true","false","true","true","GRAPH-C2-R2-LSYM-BUDGET-ATTACK","synthetic_budget_rescaled_overlap_capacity","predeclared_synthetic_scale","synthetic_family_generator_edges","L_sym=I-D^-1/2 A_w D^-1/2","spectral_radius(A_w/S_w)","high_betweenness_proxy_vs_matched_random_edges","72.0","0.18558589914216017","0.891920681385032","0.027777777777777776","bottleneck","0.11234538527501246","0.05609051246541135","-0.03442276664115995","diagnostic_only_excluded_from_material_validation","software_sanity_only","Generated from C2_residual_benchmark_synthetic_rows.csv; row cannot support material claims."
"bottleneck_029","synthetic_only_not_material","SYN-C2-R2-bottleneck_029","synthetic_static_graph","29202","diagnostic_synthetic","Y_A_null_diagnostic","SYN-C2-R2-PLANTED","2.4216791144343914","dimensionless_planted_diagnostic","diagnostic_only","synthetic_planted_protocol_sanity","diagnostic_synthetic","current/B/scripts/C2_residual_benchmark.py","false","true","false","true","true","GRAPH-C2-R2-LSYM-BUDGET-ATTACK","synthetic_budget_rescaled_overlap_capacity","predeclared_synthetic_scale","synthetic_family_generator_edges","L_sym=I-D^-1/2 A_w D^-1/2","spectral_radius(A_w/S_w)","high_betweenness_proxy_vs_matched_random_edges","72.0","0.30378520800034237","1.167279224771848","0.027777777777777776","bottleneck","0.12424139338698417","0.05735895979110207","0.05473912641011967","diagnostic_only_excluded_from_material_validation","software_sanity_only","Generated from C2_residual_benchmark_synthetic_rows.csv; row cannot support material claims."
"bottleneck_029","synthetic_only_not_material","SYN-C2-R2-bottleneck_029","synthetic_static_graph","29202","diagnostic_synthetic","Y_B_positive_diagnostic","SYN-C2-R2-PLANTED","2.571200130084458","dimensionless_planted_diagnostic","diagnostic_only","synthetic_planted_protocol_sanity","diagnostic_synthetic","current/B/scripts/C2_residual_benchmark.py","false","true","false","true","true","GRAPH-C2-R2-LSYM-BUDGET-ATTACK","synthetic_budget_rescaled_overlap_capacity","predeclared_synthetic_scale","synthetic_family_generator_edges","L_sym=I-D^-1/2 A_w D^-1/2","spectral_radius(A_w/S_w)","high_betweenness_proxy_vs_matched_random_edges","72.0","0.30378520800034237","1.167279224771848","0.027777777777777776","bottleneck","0.12424139338698417","0.05735895979110207","0.05473912641011967","diagnostic_only_excluded_from_material_validation","software_sanity_only","Generated from C2_residual_benchmark_synthetic_rows.csv; row cannot support material claims."
"bottleneck_030","synthetic_only_not_material","SYN-C2-R2-bottleneck_030","synthetic_static_graph","29202","diagnostic_synthetic","Y_A_null_diagnostic","SYN-C2-R2-PLANTED","2.632812322399401","dimensionless_planted_diagnostic","diagnostic_only","synthetic_planted_protocol_sanity","diagnostic_synthetic","current/B/scripts/C2_residual_benchmark.py","false","true","false","true","true","GRAPH-C2-R2-LSYM-BUDGET-ATTACK","synthetic_budget_rescaled_overlap_capacity","predeclared_synthetic_scale","synthetic_family_generator_edges","L_sym=I-D^-1/2 A_w D^-1/2","spectral_radius(A_w/S_w)","high_betweenness_proxy_vs_matched_random_edges","71.99999999999999","0.1652558993909794","0.8464721014391157","0.027777777777777776","bottleneck","0.12675908820813916","0.057244297738056185","0.055182637406037446","diagnostic_only_excluded_from_material_validation","software_sanity_only","Generated from C2_residual_benchmark_synthetic_rows.csv; row cannot support material claims."
"bottleneck_030","synthetic_only_not_material","SYN-C2-R2-bottleneck_030","synthetic_static_graph","29202","diagnostic_synthetic","Y_B_positive_diagnostic","SYN-C2-R2-PLANTED","2.78596248986699","dimensionless_planted_diagnostic","diagnostic_only","synthetic_planted_protocol_sanity","diagnostic_synthetic","current/B/scripts/C2_residual_benchmark.py","false","true","false","true","true","GRAPH-C2-R2-LSYM-BUDGET-ATTACK","synthetic_budget_rescaled_overlap_capacity","predeclared_synthetic_scale","synthetic_family_generator_edges","L_sym=I-D^-1/2 A_w D^-1/2","spectral_radius(A_w/S_w)","high_betweenness_proxy_vs_matched_random_edges","71.99999999999999","0.1652558993909794","0.8464721014391157","0.027777777777777776","bottleneck","0.12675908820813916","0.057244297738056185","0.055182637406037446","diagnostic_only_excluded_from_material_validation","software_sanity_only","Generated from C2_residual_benchmark_synthetic_rows.csv; row cannot support material claims."
"bottleneck_031","synthetic_only_not_material","SYN-C2-R2-bottleneck_031","synthetic_static_graph","29202","diagnostic_synthetic","Y_A_null_diagnostic","SYN-C2-R2-PLANTED","2.518027793690775","dimensionless_planted_diagnostic","diagnostic_only","synthetic_planted_protocol_sanity","diagnostic_synthetic","current/B/scripts/C2_residual_benchmark.py","false","true","false","true","true","GRAPH-C2-R2-LSYM-BUDGET-ATTACK","synthetic_budget_rescaled_overlap_capacity","predeclared_synthetic_scale","synthetic_family_generator_edges","L_sym=I-D^-1/2 A_w D^-1/2","spectral_radius(A_w/S_w)","high_betweenness_proxy_vs_matched_random_edges","72.0","0.27590527665246783","1.1584639900387963","0.027777777777777776","bottleneck","0.148380459104635","0.05631858301658745","-0.018688795745524373","diagnostic_only_excluded_from_material_validation","software_sanity_only","Generated from C2_residual_benchmark_synthetic_rows.csv; row cannot support material claims."
"bottleneck_031","synthetic_only_not_material","SYN-C2-R2-bottleneck_031","synthetic_static_graph","29202","diagnostic_synthetic","Y_B_positive_diagnostic","SYN-C2-R2-PLANTED","2.772256444429163","dimensionless_planted_diagnostic","diagnostic_only","synthetic_planted_protocol_sanity","diagnostic_synthetic","current/B/scripts/C2_residual_benchmark.py","false","true","false","true","true","GRAPH-C2-R2-LSYM-BUDGET-ATTACK","synthetic_budget_rescaled_overlap_capacity","predeclared_synthetic_scale","synthetic_family_generator_edges","L_sym=I-D^-1/2 A_w D^-1/2","spectral_radius(A_w/S_w)","high_betweenness_proxy_vs_matched_random_edges","72.0","0.27590527665246783","1.1584639900387963","0.027777777777777776","bottleneck","0.148380459104635","0.05631858301658745","-0.018688795745524373","diagnostic_only_excluded_from_material_validation","software_sanity_only","Generated from C2_residual_benchmark_synthetic_rows.csv; row cannot support material claims."
"bottleneck_032","synthetic_only_not_material","SYN-C2-R2-bottleneck_032","synthetic_static_graph","29202","diagnostic_synthetic","Y_A_null_diagnostic","SYN-C2-R2-PLANTED","2.7351023578704203","dimensionless_planted_diagnostic","diagnostic_only","synthetic_planted_protocol_sanity","diagnostic_synthetic","current/B/scripts/C2_residual_benchmark.py","false","true","false","true","true","GRAPH-C2-R2-LSYM-BUDGET-ATTACK","synthetic_budget_rescaled_overlap_capacity","predeclared_synthetic_scale","synthetic_family_generator_edges","L_sym=I-D^-1/2 A_w D^-1/2","spectral_radius(A_w/S_w)","high_betweenness_proxy_vs_matched_random_edges","72.0","0.05806458936591405","1.172850111472231","0.027777777777777776","bottleneck","0.1080639858012141","0.058737572754912155","-0.007195761098585048","diagnostic_only_excluded_from_material_validation","software_sanity_only","Generated from C2_residual_benchmark_synthetic_rows.csv; row cannot support material claims."
"bottleneck_032","synthetic_only_not_material","SYN-C2-R2-bottleneck_032","synthetic_static_graph","29202","diagnostic_synthetic","Y_B_positive_diagnostic","SYN-C2-R2-PLANTED","2.9144809201410897","dimensionless_planted_diagnostic","diagnostic_only","synthetic_planted_protocol_sanity","diagnostic_synthetic","current/B/scripts/C2_residual_benchmark.py","false","true","false","true","true","GRAPH-C2-R2-LSYM-BUDGET-ATTACK","synthetic_budget_rescaled_overlap_capacity","predeclared_synthetic_scale","synthetic_family_generator_edges","L_sym=I-D^-1/2 A_w D^-1/2","spectral_radius(A_w/S_w)","high_betweenness_proxy_vs_matched_random_edges","72.0","0.05806458936591405","1.172850111472231","0.027777777777777776","bottleneck","0.1080639858012141","0.058737572754912155","-0.007195761098585048","diagnostic_only_excluded_from_material_validation","software_sanity_only","Generated from C2_residual_benchmark_synthetic_rows.csv; row cannot support material claims."
"bottleneck_033","synthetic_only_not_material","SYN-C2-R2-bottleneck_033","synthetic_static_graph","29202","diagnostic_synthetic","Y_A_null_diagnostic","SYN-C2-R2-PLANTED","2.4972108382647327","dimensionless_planted_diagnostic","diagnostic_only","synthetic_planted_protocol_sanity","diagnostic_synthetic","current/B/scripts/C2_residual_benchmark.py","false","true","false","true","true","GRAPH-C2-R2-LSYM-BUDGET-ATTACK","synthetic_budget_rescaled_overlap_capacity","predeclared_synthetic_scale","synthetic_family_generator_edges","L_sym=I-D^-1/2 A_w D^-1/2","spectral_radius(A_w/S_w)","high_betweenness_proxy_vs_matched_random_edges","72.0","0.23902632543483515","1.1635376988835004","0.027777777777777776","bottleneck","0.10636627127485189","0.05804481996056275","-0.0527371896152477","diagnostic_only_excluded_from_material_validation","software_sanity_only","Generated from C2_residual_benchmark_synthetic_rows.csv; row cannot support material claims."
"bottleneck_033","synthetic_only_not_material","SYN-C2-R2-bottleneck_033","synthetic_static_graph","29202","diagnostic_synthetic","Y_B_positive_diagnostic","SYN-C2-R2-PLANTED","2.714860342958219","dimensionless_planted_diagnostic","diagnostic_only","synthetic_planted_protocol_sanity","diagnostic_synthetic","current/B/scripts/C2_residual_benchmark.py","false","true","false","true","true","GRAPH-C2-R2-LSYM-BUDGET-ATTACK","synthetic_budget_rescaled_overlap_capacity","predeclared_synthetic_scale","synthetic_family_generator_edges","L_sym=I-D^-1/2 A_w D^-1/2","spectral_radius(A_w/S_w)","high_betweenness_proxy_vs_matched_random_edges","72.0","0.23902632543483515","1.1635376988835004","0.027777777777777776","bottleneck","0.10636627127485189","0.05804481996056275","-0.0527371896152477","diagnostic_only_excluded_from_material_validation","software_sanity_only","Generated from C2_residual_benchmark_synthetic_rows.csv; row cannot support material claims."
"bottleneck_034","synthetic_only_not_material","SYN-C2-R2-bottleneck_034","synthetic_static_graph","29202","diagnostic_synthetic","Y_A_null_diagnostic","SYN-C2-R2-PLANTED","2.7751386550981856","dimensionless_planted_diagnostic","diagnostic_only","synthetic_planted_protocol_sanity","diagnostic_synthetic","current/B/scripts/C2_residual_benchmark.py","false","true","false","true","true","GRAPH-C2-R2-LSYM-BUDGET-ATTACK","synthetic_budget_rescaled_overlap_capacity","predeclared_synthetic_scale","synthetic_family_generator_edges","L_sym=I-D^-1/2 A_w D^-1/2","spectral_radius(A_w/S_w)","high_betweenness_proxy_vs_matched_random_edges","72.0","0.05135331655562225","1.1616459315409682","0.027777777777777776","bottleneck","0.13798481820684683","0.056378970072268116","-0.06627046061845476","diagnostic_only_excluded_from_material_validation","software_sanity_only","Generated from C2_residual_benchmark_synthetic_rows.csv; row cannot support material claims."
"bottleneck_034","synthetic_only_not_material","SYN-C2-R2-bottleneck_034","synthetic_static_graph","29202","diagnostic_synthetic","Y_B_positive_diagnostic","SYN-C2-R2-PLANTED","3.05555777878575","dimensionless_planted_diagnostic","diagnostic_only","synthetic_planted_protocol_sanity","diagnostic_synthetic","current/B/scripts/C2_residual_benchmark.py","false","true","false","true","true","GRAPH-C2-R2-LSYM-BUDGET-ATTACK","synthetic_budget_rescaled_overlap_capacity","predeclared_synthetic_scale","synthetic_family_generator_edges","L_sym=I-D^-1/2 A_w D^-1/2","spectral_radius(A_w/S_w)","high_betweenness_proxy_vs_matched_random_edges","72.0","0.05135331655562225","1.1616459315409682","0.027777777777777776","bottleneck","0.13798481820684683","0.056378970072268116","-0.06627046061845476","diagnostic_only_excluded_from_material_validation","software_sanity_only","Generated from C2_residual_benchmark_synthetic_rows.csv; row cannot support material claims."
"bottleneck_035","synthetic_only_not_material","SYN-C2-R2-bottleneck_035","synthetic_static_graph","29202","diagnostic_synthetic","Y_A_null_diagnostic","SYN-C2-R2-PLANTED","2.6976506377553355","dimensionless_planted_diagnostic","diagnostic_only","synthetic_planted_protocol_sanity","diagnostic_synthetic","current/B/scripts/C2_residual_benchmark.py","false","true","false","true","true","GRAPH-C2-R2-LSYM-BUDGET-ATTACK","synthetic_budget_rescaled_overlap_capacity","predeclared_synthetic_scale","synthetic_family_generator_edges","L_sym=I-D^-1/2 A_w D^-1/2","spectral_radius(A_w/S_w)","high_betweenness_proxy_vs_matched_random_edges","72.0","0.0886204025964083","1.0983229633160074","0.027777777777777776","bottleneck","0.1059090978095886","0.0570925790882832","0.030930854659272485","diagnostic_only_excluded_from_material_validation","software_sanity_only","Generated from C2_residual_benchmark_synthetic_rows.csv; row cannot support material claims."
"bottleneck_035","synthetic_only_not_material","SYN-C2-R2-bottleneck_035","synthetic_static_graph","29202","diagnostic_synthetic","Y_B_positive_diagnostic","SYN-C2-R2-PLANTED","2.839267425057332","dimensionless_planted_diagnostic","diagnostic_only","synthetic_planted_protocol_sanity","diagnostic_synthetic","current/B/scripts/C2_residual_benchmark.py","false","true","false","true","true","GRAPH-C2-R2-LSYM-BUDGET-ATTACK","synthetic_budget_rescaled_overlap_capacity","predeclared_synthetic_scale","synthetic_family_generator_edges","L_sym=I-D^-1/2 A_w D^-1/2","spectral_radius(A_w/S_w)","high_betweenness_proxy_vs_matched_random_edges","72.0","0.0886204025964083","1.0983229633160074","0.027777777777777776","bottleneck","0.1059090978095886","0.0570925790882832","0.030930854659272485","diagnostic_only_excluded_from_material_validation","software_sanity_only","Generated from C2_residual_benchmark_synthetic_rows.csv; row cannot support material claims."
"bottleneck_036","synthetic_only_not_material","SYN-C2-R2-bottleneck_036","synthetic_static_graph","29202","diagnostic_synthetic","Y_A_null_diagnostic","SYN-C2-R2-PLANTED","2.585738459309078","dimensionless_planted_diagnostic","diagnostic_only","synthetic_planted_protocol_sanity","diagnostic_synthetic","current/B/scripts/C2_residual_benchmark.py","false","true","false","true","true","GRAPH-C2-R2-LSYM-BUDGET-ATTACK","synthetic_budget_rescaled_overlap_capacity","predeclared_synthetic_scale","synthetic_family_generator_edges","L_sym=I-D^-1/2 A_w D^-1/2","spectral_radius(A_w/S_w)","high_betweenness_proxy_vs_matched_random_edges","72.0","0.18763625862853034","1.0623069676535262","0.027777777777777776","bottleneck","0.14592113016758348","0.05622791062397658","-0.11507007621732863","diagnostic_only_excluded_from_material_validation","software_sanity_only","Generated from C2_residual_benchmark_synthetic_rows.csv; row cannot support material claims."
"bottleneck_036","synthetic_only_not_material","SYN-C2-R2-bottleneck_036","synthetic_static_graph","29202","diagnostic_synthetic","Y_B_positive_diagnostic","SYN-C2-R2-PLANTED","2.9227753361728075","dimensionless_planted_diagnostic","diagnostic_only","synthetic_planted_protocol_sanity","diagnostic_synthetic","current/B/scripts/C2_residual_benchmark.py","false","true","false","true","true","GRAPH-C2-R2-LSYM-BUDGET-ATTACK","synthetic_budget_rescaled_overlap_capacity","predeclared_synthetic_scale","synthetic_family_generator_edges","L_sym=I-D^-1/2 A_w D^-1/2","spectral_radius(A_w/S_w)","high_betweenness_proxy_vs_matched_random_edges","72.0","0.18763625862853034","1.0623069676535262","0.027777777777777776","bottleneck","0.14592113016758348","0.05622791062397658","-0.11507007621732863","diagnostic_only_excluded_from_material_validation","software_sanity_only","Generated from C2_residual_benchmark_synthetic_rows.csv; row cannot support material claims."
"bottleneck_037","synthetic_only_not_material","SYN-C2-R2-bottleneck_037","synthetic_static_graph","29202","diagnostic_synthetic","Y_A_null_diagnostic","SYN-C2-R2-PLANTED","2.35299831189124","dimensionless_planted_diagnostic","diagnostic_only","synthetic_planted_protocol_sanity","diagnostic_synthetic","current/B/scripts/C2_residual_benchmark.py","false","true","false","true","true","GRAPH-C2-R2-LSYM-BUDGET-ATTACK","synthetic_budget_rescaled_overlap_capacity","predeclared_synthetic_scale","synthetic_family_generator_edges","L_sym=I-D^-1/2 A_w D^-1/2","spectral_radius(A_w/S_w)","high_betweenness_proxy_vs_matched_random_edges","72.00000000000001","0.33170576428697485","0.830330488746149","0.027777777777777776","bottleneck","0.13133930470946964","0.05653928873053344","-0.10966916430261876","diagnostic_only_excluded_from_material_validation","software_sanity_only","Generated from C2_residual_benchmark_synthetic_rows.csv; row cannot support material claims."
"bottleneck_037","synthetic_only_not_material","SYN-C2-R2-bottleneck_037","synthetic_static_graph","29202","diagnostic_synthetic","Y_B_positive_diagnostic","SYN-C2-R2-PLANTED","2.661843447298748","dimensionless_planted_diagnostic","diagnostic_only","synthetic_planted_protocol_sanity","diagnostic_synthetic","current/B/scripts/C2_residual_benchmark.py","false","true","false","true","true","GRAPH-C2-R2-LSYM-BUDGET-ATTACK","synthetic_budget_rescaled_overlap_capacity","predeclared_synthetic_scale","synthetic_family_generator_edges","L_sym=I-D^-1/2 A_w D^-1/2","spectral_radius(A_w/S_w)","high_betweenness_proxy_vs_matched_random_edges","72.00000000000001","0.33170576428697485","0.830330488746149","0.027777777777777776","bottleneck","0.13133930470946964","0.05653928873053344","-0.10966916430261876","diagnostic_only_excluded_from_material_validation","software_sanity_only","Generated from C2_residual_benchmark_synthetic_rows.csv; row cannot support material claims."
"bottleneck_038","synthetic_only_not_material","SYN-C2-R2-bottleneck_038","synthetic_static_graph","29202","diagnostic_synthetic","Y_A_null_diagnostic","SYN-C2-R2-PLANTED","2.4828535061523906","dimensionless_planted_diagnostic","diagnostic_only","synthetic_planted_protocol_sanity","diagnostic_synthetic","current/B/scripts/C2_residual_benchmark.py","false","true","false","true","true","GRAPH-C2-R2-LSYM-BUDGET-ATTACK","synthetic_budget_rescaled_overlap_capacity","predeclared_synthetic_scale","synthetic_family_generator_edges","L_sym=I-D^-1/2 A_w D^-1/2","spectral_radius(A_w/S_w)","high_betweenness_proxy_vs_matched_random_edges","72.00000000000001","0.21009727946403445","0.8051489142602725","0.027777777777777776","bottleneck","0.13314523716890575","0.05684668784596344","-0.17033144993985003","diagnostic_only_excluded_from_material_validation","software_sanity_only","Generated from C2_residual_benchmark_synthetic_rows.csv; row cannot support material claims."
"bottleneck_038","synthetic_only_not_material","SYN-C2-R2-bottleneck_038","synthetic_static_graph","29202","diagnostic_synthetic","Y_B_positive_diagnostic","SYN-C2-R2-PLANTED","2.8491841905685047","dimensionless_planted_diagnostic","diagnostic_only","synthetic_planted_protocol_sanity","diagnostic_synthetic","current/B/scripts/C2_residual_benchmark.py","false","true","false","true","true","GRAPH-C2-R2-LSYM-BUDGET-ATTACK","synthetic_budget_rescaled_overlap_capacity","predeclared_synthetic_scale","synthetic_family_generator_edges","L_sym=I-D^-1/2 A_w D^-1/2","spectral_radius(A_w/S_w)","high_betweenness_proxy_vs_matched_random_edges","72.00000000000001","0.21009727946403445","0.8051489142602725","0.027777777777777776","bottleneck","0.13314523716890575","0.05684668784596344","-0.17033144993985003","diagnostic_only_excluded_from_material_validation","software_sanity_only","Generated from C2_residual_benchmark_synthetic_rows.csv; row cannot support material claims."
"bottleneck_039","synthetic_only_not_material","SYN-C2-R2-bottleneck_039","synthetic_static_graph","29202","diagnostic_synthetic","Y_A_null_diagnostic","SYN-C2-R2-PLANTED","2.682424831041507","dimensionless_planted_diagnostic","diagnostic_only","synthetic_planted_protocol_sanity","diagnostic_synthetic","current/B/scripts/C2_residual_benchmark.py","false","true","false","true","true","GRAPH-C2-R2-LSYM-BUDGET-ATTACK","synthetic_budget_rescaled_overlap_capacity","predeclared_synthetic_scale","synthetic_family_generator_edges","L_sym=I-D^-1/2 A_w D^-1/2","spectral_radius(A_w/S_w)","high_betweenness_proxy_vs_matched_random_edges","72.0","0.09816361720669672","0.834128975995877","0.027777777777777776","bottleneck","0.1240172966754951","0.056709781951600605","-0.11517760127172522","diagnostic_only_excluded_from_material_validation","software_sanity_only","Generated from C2_residual_benchmark_synthetic_rows.csv; row cannot support material claims."
"bottleneck_039","synthetic_only_not_material","SYN-C2-R2-bottleneck_039","synthetic_static_graph","29202","diagnostic_synthetic","Y_B_positive_diagnostic","SYN-C2-R2-PLANTED","2.9845123468668517","dimensionless_planted_diagnostic","diagnostic_only","synthetic_planted_protocol_sanity","diagnostic_synthetic","current/B/scripts/C2_residual_benchmark.py","false","true","false","true","true","GRAPH-C2-R2-LSYM-BUDGET-ATTACK","synthetic_budget_rescaled_overlap_capacity","predeclared_synthetic_scale","synthetic_family_generator_edges","L_sym=I-D^-1/2 A_w D^-1/2","spectral_radius(A_w/S_w)","high_betweenness_proxy_vs_matched_random_edges","72.0","0.09816361720669672","0.834128975995877","0.027777777777777776","bottleneck","0.1240172966754951","0.056709781951600605","-0.11517760127172522","diagnostic_only_excluded_from_material_validation","software_sanity_only","Generated from C2_residual_benchmark_synthetic_rows.csv; row cannot support material claims."
"bottleneck_040","synthetic_only_not_material","SYN-C2-R2-bottleneck_040","synthetic_static_graph","29202","diagnostic_synthetic","Y_A_null_diagnostic","SYN-C2-R2-PLANTED","2.6427560697709707","dimensionless_planted_diagnostic","diagnostic_only","synthetic_planted_protocol_sanity","diagnostic_synthetic","current/B/scripts/C2_residual_benchmark.py","false","true","false","true","true","GRAPH-C2-R2-LSYM-BUDGET-ATTACK","synthetic_budget_rescaled_overlap_capacity","predeclared_synthetic_scale","synthetic_family_generator_edges","L_sym=I-D^-1/2 A_w D^-1/2","spectral_radius(A_w/S_w)","high_betweenness_proxy_vs_matched_random_edges","72.0","0.11416888013830459","1.0203052130890835","0.027777777777777776","bottleneck","0.12664443278185136","0.057119865508556536","-0.11712254722803572","diagnostic_only_excluded_from_material_validation","software_sanity_only","Generated from C2_residual_benchmark_synthetic_rows.csv; row cannot support material claims."
"bottleneck_040","synthetic_only_not_material","SYN-C2-R2-bottleneck_040","synthetic_static_graph","29202","diagnostic_synthetic","Y_B_positive_diagnostic","SYN-C2-R2-PLANTED","2.950797454727165","dimensionless_planted_diagnostic","diagnostic_only","synthetic_planted_protocol_sanity","diagnostic_synthetic","current/B/scripts/C2_residual_benchmark.py","false","true","false","true","true","GRAPH-C2-R2-LSYM-BUDGET-ATTACK","synthetic_budget_rescaled_overlap_capacity","predeclared_synthetic_scale","synthetic_family_generator_edges","L_sym=I-D^-1/2 A_w D^-1/2","spectral_radius(A_w/S_w)","high_betweenness_proxy_vs_matched_random_edges","72.0","0.11416888013830459","1.0203052130890835","0.027777777777777776","bottleneck","0.12664443278185136","0.057119865508556536","-0.11712254722803572","diagnostic_only_excluded_from_material_validation","software_sanity_only","Generated from C2_residual_benchmark_synthetic_rows.csv; row cannot support material claims."
"bottleneck_041","synthetic_only_not_material","SYN-C2-R2-bottleneck_041","synthetic_static_graph","29202","diagnostic_synthetic","Y_A_null_diagnostic","SYN-C2-R2-PLANTED","2.600392327339014","dimensionless_planted_diagnostic","diagnostic_only","synthetic_planted_protocol_sanity","diagnostic_synthetic","current/B/scripts/C2_residual_benchmark.py","false","true","false","true","true","GRAPH-C2-R2-LSYM-BUDGET-ATTACK","synthetic_budget_rescaled_overlap_capacity","predeclared_synthetic_scale","synthetic_family_generator_edges","L_sym=I-D^-1/2 A_w D^-1/2","spectral_radius(A_w/S_w)","high_betweenness_proxy_vs_matched_random_edges","72.0","0.21020093577266458","0.8607182922766128","0.027777777777777776","bottleneck","0.14408909848631246","0.057243128012360915","0.1538422233151693","diagnostic_only_excluded_from_material_validation","software_sanity_only","Generated from C2_residual_benchmark_synthetic_rows.csv; row cannot support material claims."
"bottleneck_041","synthetic_only_not_material","SYN-C2-R2-bottleneck_041","synthetic_static_graph","29202","diagnostic_synthetic","Y_B_positive_diagnostic","SYN-C2-R2-PLANTED","2.6924768839334616","dimensionless_planted_diagnostic","diagnostic_only","synthetic_planted_protocol_sanity","diagnostic_synthetic","current/B/scripts/C2_residual_benchmark.py","false","true","false","true","true","GRAPH-C2-R2-LSYM-BUDGET-ATTACK","synthetic_budget_rescaled_overlap_capacity","predeclared_synthetic_scale","synthetic_family_generator_edges","L_sym=I-D^-1/2 A_w D^-1/2","spectral_radius(A_w/S_w)","high_betweenness_proxy_vs_matched_random_edges","72.0","0.21020093577266458","0.8607182922766128","0.027777777777777776","bottleneck","0.14408909848631246","0.057243128012360915","0.1538422233151693","diagnostic_only_excluded_from_material_validation","software_sanity_only","Generated from C2_residual_benchmark_synthetic_rows.csv; row cannot support material claims."
"bottleneck_042","synthetic_only_not_material","SYN-C2-R2-bottleneck_042","synthetic_static_graph","29202","diagnostic_synthetic","Y_A_null_diagnostic","SYN-C2-R2-PLANTED","2.5459252169435067","dimensionless_planted_diagnostic","diagnostic_only","synthetic_planted_protocol_sanity","diagnostic_synthetic","current/B/scripts/C2_residual_benchmark.py","false","true","false","true","true","GRAPH-C2-R2-LSYM-BUDGET-ATTACK","synthetic_budget_rescaled_overlap_capacity","predeclared_synthetic_scale","synthetic_family_generator_edges","L_sym=I-D^-1/2 A_w D^-1/2","spectral_radius(A_w/S_w)","high_betweenness_proxy_vs_matched_random_edges","71.99999999999999","0.3043237531844231","1.1091700045027706","0.027777777777777776","bottleneck","0.1244343147669482","0.05659054858900702","-0.032868157479826035","diagnostic_only_excluded_from_material_validation","software_sanity_only","Generated from C2_residual_benchmark_synthetic_rows.csv; row cannot support material claims."
"bottleneck_042","synthetic_only_not_material","SYN-C2-R2-bottleneck_042","synthetic_static_graph","29202","diagnostic_synthetic","Y_B_positive_diagnostic","SYN-C2-R2-PLANTED","2.7746014623024675","dimensionless_planted_diagnostic","diagnostic_only","synthetic_planted_protocol_sanity","diagnostic_synthetic","current/B/scripts/C2_residual_benchmark.py","false","true","false","true","true","GRAPH-C2-R2-LSYM-BUDGET-ATTACK","synthetic_budget_rescaled_overlap_capacity","predeclared_synthetic_scale","synthetic_family_generator_edges","L_sym=I-D^-1/2 A_w D^-1/2","spectral_radius(A_w/S_w)","high_betweenness_proxy_vs_matched_random_edges","71.99999999999999","0.3043237531844231","1.1091700045027706","0.027777777777777776","bottleneck","0.1244343147669482","0.05659054858900702","-0.032868157479826035","diagnostic_only_excluded_from_material_validation","software_sanity_only","Generated from C2_residual_benchmark_synthetic_rows.csv; row cannot support material claims."
"bottleneck_043","synthetic_only_not_material","SYN-C2-R2-bottleneck_043","synthetic_static_graph","29202","diagnostic_synthetic","Y_A_null_diagnostic","SYN-C2-R2-PLANTED","2.4942304914413","dimensionless_planted_diagnostic","diagnostic_only","synthetic_planted_protocol_sanity","diagnostic_synthetic","current/B/scripts/C2_residual_benchmark.py","false","true","false","true","true","GRAPH-C2-R2-LSYM-BUDGET-ATTACK","synthetic_budget_rescaled_overlap_capacity","predeclared_synthetic_scale","synthetic_family_generator_edges","L_sym=I-D^-1/2 A_w D^-1/2","spectral_radius(A_w/S_w)","high_betweenness_proxy_vs_matched_random_edges","72.0","0.28380622120906907","1.1654221542080263","0.027777777777777776","bottleneck","0.13075473828119444","0.05640992443644318","-0.15590211338757776","diagnostic_only_excluded_from_material_validation","software_sanity_only","Generated from C2_residual_benchmark_synthetic_rows.csv; row cannot support material claims."
"bottleneck_043","synthetic_only_not_material","SYN-C2-R2-bottleneck_043","synthetic_static_graph","29202","diagnostic_synthetic","Y_B_positive_diagnostic","SYN-C2-R2-PLANTED","2.843749974740031","dimensionless_planted_diagnostic","diagnostic_only","synthetic_planted_protocol_sanity","diagnostic_synthetic","current/B/scripts/C2_residual_benchmark.py","false","true","false","true","true","GRAPH-C2-R2-LSYM-BUDGET-ATTACK","synthetic_budget_rescaled_overlap_capacity","predeclared_synthetic_scale","synthetic_family_generator_edges","L_sym=I-D^-1/2 A_w D^-1/2","spectral_radius(A_w/S_w)","high_betweenness_proxy_vs_matched_random_edges","72.0","0.28380622120906907","1.1654221542080263","0.027777777777777776","bottleneck","0.13075473828119444","0.05640992443644318","-0.15590211338757776","diagnostic_only_excluded_from_material_validation","software_sanity_only","Generated from C2_residual_benchmark_synthetic_rows.csv; row cannot support material claims."
"bottleneck_044","synthetic_only_not_material","SYN-C2-R2-bottleneck_044","synthetic_static_graph","29202","diagnostic_synthetic","Y_A_null_diagnostic","SYN-C2-R2-PLANTED","2.485236588688602","dimensionless_planted_diagnostic","diagnostic_only","synthetic_planted_protocol_sanity","diagnostic_synthetic","current/B/scripts/C2_residual_benchmark.py","false","true","false","true","true","GRAPH-C2-R2-LSYM-BUDGET-ATTACK","synthetic_budget_rescaled_overlap_capacity","predeclared_synthetic_scale","synthetic_family_generator_edges","L_sym=I-D^-1/2 A_w D^-1/2","spectral_radius(A_w/S_w)","high_betweenness_proxy_vs_matched_random_edges","72.0","0.3265775925112499","0.9781872429175903","0.027777777777777776","bottleneck","0.12397725455078912","0.05683195497547533","-0.07293824707772953","diagnostic_only_excluded_from_material_validation","software_sanity_only","Generated from C2_residual_benchmark_synthetic_rows.csv; row cannot support material claims."
"bottleneck_044","synthetic_only_not_material","SYN-C2-R2-bottleneck_044","synthetic_static_graph","29202","diagnostic_synthetic","Y_B_positive_diagnostic","SYN-C2-R2-PLANTED","2.749244618339821","dimensionless_planted_diagnostic","diagnostic_only","synthetic_planted_protocol_sanity","diagnostic_synthetic","current/B/scripts/C2_residual_benchmark.py","false","true","false","true","true","GRAPH-C2-R2-LSYM-BUDGET-ATTACK","synthetic_budget_rescaled_overlap_capacity","predeclared_synthetic_scale","synthetic_family_generator_edges","L_sym=I-D^-1/2 A_w D^-1/2","spectral_radius(A_w/S_w)","high_betweenness_proxy_vs_matched_random_edges","72.0","0.3265775925112499","0.9781872429175903","0.027777777777777776","bottleneck","0.12397725455078912","0.05683195497547533","-0.07293824707772953","diagnostic_only_excluded_from_material_validation","software_sanity_only","Generated from C2_residual_benchmark_synthetic_rows.csv; row cannot support material claims."
"bottleneck_045","synthetic_only_not_material","SYN-C2-R2-bottleneck_045","synthetic_static_graph","29202","diagnostic_synthetic","Y_A_null_diagnostic","SYN-C2-R2-PLANTED","2.67005633883695","dimensionless_planted_diagnostic","diagnostic_only","synthetic_planted_protocol_sanity","diagnostic_synthetic","current/B/scripts/C2_residual_benchmark.py","false","true","false","true","true","GRAPH-C2-R2-LSYM-BUDGET-ATTACK","synthetic_budget_rescaled_overlap_capacity","predeclared_synthetic_scale","synthetic_family_generator_edges","L_sym=I-D^-1/2 A_w D^-1/2","spectral_radius(A_w/S_w)","high_betweenness_proxy_vs_matched_random_edges","72.0","0.11036365133695783","0.8262176721105061","0.027777777777777776","bottleneck","0.11367199020268788","0.056274476437871056","-0.052433146056944595","diagnostic_only_excluded_from_material_validation","software_sanity_only","Generated from C2_residual_benchmark_synthetic_rows.csv; row cannot support material claims."
"bottleneck_045","synthetic_only_not_material","SYN-C2-R2-bottleneck_045","synthetic_static_graph","29202","diagnostic_synthetic","Y_B_positive_diagnostic","SYN-C2-R2-PLANTED","2.8991213546125003","dimensionless_planted_diagnostic","diagnostic_only","synthetic_planted_protocol_sanity","diagnostic_synthetic","current/B/scripts/C2_residual_benchmark.py","false","true","false","true","true","GRAPH-C2-R2-LSYM-BUDGET-ATTACK","synthetic_budget_rescaled_overlap_capacity","predeclared_synthetic_scale","synthetic_family_generator_edges","L_sym=I-D^-1/2 A_w D^-1/2","spectral_radius(A_w/S_w)","high_betweenness_proxy_vs_matched_random_edges","72.0","0.11036365133695783","0.8262176721105061","0.027777777777777776","bottleneck","0.11367199020268788","0.056274476437871056","-0.052433146056944595","diagnostic_only_excluded_from_material_validation","software_sanity_only","Generated from C2_residual_benchmark_synthetic_rows.csv; row cannot support material claims."
"bottleneck_046","synthetic_only_not_material","SYN-C2-R2-bottleneck_046","synthetic_static_graph","29202","diagnostic_synthetic","Y_A_null_diagnostic","SYN-C2-R2-PLANTED","2.390228784845872","dimensionless_planted_diagnostic","diagnostic_only","synthetic_planted_protocol_sanity","diagnostic_synthetic","current/B/scripts/C2_residual_benchmark.py","false","true","false","true","true","GRAPH-C2-R2-LSYM-BUDGET-ATTACK","synthetic_budget_rescaled_overlap_capacity","predeclared_synthetic_scale","synthetic_family_generator_edges","L_sym=I-D^-1/2 A_w D^-1/2","spectral_radius(A_w/S_w)","high_betweenness_proxy_vs_matched_random_edges","72.00000000000001","0.3372303186080608","0.8154358943242392","0.027777777777777776","bottleneck","0.11413999353982975","0.05690630605197382","0.020465176461962095","diagnostic_only_excluded_from_material_validation","software_sanity_only","Generated from C2_residual_benchmark_synthetic_rows.csv; row cannot support material claims."
"bottleneck_046","synthetic_only_not_material","SYN-C2-R2-bottleneck_046","synthetic_static_graph","29202","diagnostic_synthetic","Y_B_positive_diagnostic","SYN-C2-R2-PLANTED","2.5544341156938337","dimensionless_planted_diagnostic","diagnostic_only","synthetic_planted_protocol_sanity","diagnostic_synthetic","current/B/scripts/C2_residual_benchmark.py","false","true","false","true","true","GRAPH-C2-R2-LSYM-BUDGET-ATTACK","synthetic_budget_rescaled_overlap_capacity","predeclared_synthetic_scale","synthetic_family_generator_edges","L_sym=I-D^-1/2 A_w D^-1/2","spectral_radius(A_w/S_w)","high_betweenness_proxy_vs_matched_random_edges","72.00000000000001","0.3372303186080608","0.8154358943242392","0.027777777777777776","bottleneck","0.11413999353982975","0.05690630605197382","0.020465176461962095","diagnostic_only_excluded_from_material_validation","software_sanity_only","Generated from C2_residual_benchmark_synthetic_rows.csv; row cannot support material claims."
"bottleneck_047","synthetic_only_not_material","SYN-C2-R2-bottleneck_047","synthetic_static_graph","29202","diagnostic_synthetic","Y_A_null_diagnostic","SYN-C2-R2-PLANTED","2.422497337516179","dimensionless_planted_diagnostic","diagnostic_only","synthetic_planted_protocol_sanity","diagnostic_synthetic","current/B/scripts/C2_residual_benchmark.py","false","true","false","true","true","GRAPH-C2-R2-LSYM-BUDGET-ATTACK","synthetic_budget_rescaled_overlap_capacity","predeclared_synthetic_scale","synthetic_family_generator_edges","L_sym=I-D^-1/2 A_w D^-1/2","spectral_radius(A_w/S_w)","high_betweenness_proxy_vs_matched_random_edges","71.99999999999999","0.32059173080726117","0.8967239569193308","0.027777777777777776","bottleneck","0.10542173260772732","0.05673914690301817","-0.06215773042280907","diagnostic_only_excluded_from_material_validation","software_sanity_only","Generated from C2_residual_benchmark_synthetic_rows.csv; row cannot support material claims."
"bottleneck_047","synthetic_only_not_material","SYN-C2-R2-bottleneck_047","synthetic_static_graph","29202","diagnostic_synthetic","Y_B_positive_diagnostic","SYN-C2-R2-PLANTED","2.6471140670690705","dimensionless_planted_diagnostic","diagnostic_only","synthetic_planted_protocol_sanity","diagnostic_synthetic","current/B/scripts/C2_residual_benchmark.py","false","true","false","true","true","GRAPH-C2-R2-LSYM-BUDGET-ATTACK","synthetic_budget_rescaled_overlap_capacity","predeclared_synthetic_scale","synthetic_family_generator_edges","L_sym=I-D^-1/2 A_w D^-1/2","spectral_radius(A_w/S_w)","high_betweenness_proxy_vs_matched_random_edges","71.99999999999999","0.32059173080726117","0.8967239569193308","0.027777777777777776","bottleneck","0.10542173260772732","0.05673914690301817","-0.06215773042280907","diagnostic_only_excluded_from_material_validation","software_sanity_only","Generated from C2_residual_benchmark_synthetic_rows.csv; row cannot support material claims."
"random_geo_000","synthetic_only_not_material","SYN-C2-R2-random_geo_000","synthetic_static_graph","29202","diagnostic_synthetic","Y_A_null_diagnostic","SYN-C2-R2-PLANTED","2.631142199839041","dimensionless_planted_diagnostic","diagnostic_only","synthetic_planted_protocol_sanity","diagnostic_synthetic","current/B/scripts/C2_residual_benchmark.py","false","true","false","true","true","GRAPH-C2-R2-LSYM-BUDGET-ATTACK","synthetic_budget_rescaled_overlap_capacity","predeclared_synthetic_scale","synthetic_family_generator_edges","L_sym=I-D^-1/2 A_w D^-1/2","spectral_radius(A_w/S_w)","high_betweenness_proxy_vs_matched_random_edges","72.00000000000001","0.14982141060932838","0.9973845548275027","0.027777777777777776","random_geo","0.3121671876838232","0.05996324225175097","0.04017313718402635","diagnostic_only_excluded_from_material_validation","software_sanity_only","Generated from C2_residual_benchmark_synthetic_rows.csv; row cannot support material claims."
"random_geo_000","synthetic_only_not_material","SYN-C2-R2-random_geo_000","synthetic_static_graph","29202","diagnostic_synthetic","Y_B_positive_diagnostic","SYN-C2-R2-PLANTED","3.0944538766675342","dimensionless_planted_diagnostic","diagnostic_only","synthetic_planted_protocol_sanity","diagnostic_synthetic","current/B/scripts/C2_residual_benchmark.py","false","true","false","true","true","GRAPH-C2-R2-LSYM-BUDGET-ATTACK","synthetic_budget_rescaled_overlap_capacity","predeclared_synthetic_scale","synthetic_family_generator_edges","L_sym=I-D^-1/2 A_w D^-1/2","spectral_radius(A_w/S_w)","high_betweenness_proxy_vs_matched_random_edges","72.00000000000001","0.14982141060932838","0.9973845548275027","0.027777777777777776","random_geo","0.3121671876838232","0.05996324225175097","0.04017313718402635","diagnostic_only_excluded_from_material_validation","software_sanity_only","Generated from C2_residual_benchmark_synthetic_rows.csv; row cannot support material claims."
"random_geo_001","synthetic_only_not_material","SYN-C2-R2-random_geo_001","synthetic_static_graph","29202","diagnostic_synthetic","Y_A_null_diagnostic","SYN-C2-R2-PLANTED","2.590184943705023","dimensionless_planted_diagnostic","diagnostic_only","synthetic_planted_protocol_sanity","diagnostic_synthetic","current/B/scripts/C2_residual_benchmark.py","false","true","false","true","true","GRAPH-C2-R2-LSYM-BUDGET-ATTACK","synthetic_budget_rescaled_overlap_capacity","predeclared_synthetic_scale","synthetic_family_generator_edges","L_sym=I-D^-1/2 A_w D^-1/2","spectral_radius(A_w/S_w)","high_betweenness_proxy_vs_matched_random_edges","72.0","0.23482762666217571","1.1279492824750814","0.027777777777777776","random_geo","0.2564505138350004","0.06164372674526602","0.08749880457907724","diagnostic_only_excluded_from_material_validation","software_sanity_only","Generated from C2_residual_benchmark_synthetic_rows.csv; row cannot support material claims."
"random_geo_001","synthetic_only_not_material","SYN-C2-R2-random_geo_001","synthetic_static_graph","29202","diagnostic_synthetic","Y_B_positive_diagnostic","SYN-C2-R2-PLANTED","2.921756841719854","dimensionless_planted_diagnostic","diagnostic_only","synthetic_planted_protocol_sanity","diagnostic_synthetic","current/B/scripts/C2_residual_benchmark.py","false","true","false","true","true","GRAPH-C2-R2-LSYM-BUDGET-ATTACK","synthetic_budget_rescaled_overlap_capacity","predeclared_synthetic_scale","synthetic_family_generator_edges","L_sym=I-D^-1/2 A_w D^-1/2","spectral_radius(A_w/S_w)","high_betweenness_proxy_vs_matched_random_edges","72.0","0.23482762666217571","1.1279492824750814","0.027777777777777776","random_geo","0.2564505138350004","0.06164372674526602","0.08749880457907724","diagnostic_only_excluded_from_material_validation","software_sanity_only","Generated from C2_residual_benchmark_synthetic_rows.csv; row cannot support material claims."
"random_geo_002","synthetic_only_not_material","SYN-C2-R2-random_geo_002","synthetic_static_graph","29202","diagnostic_synthetic","Y_A_null_diagnostic","SYN-C2-R2-PLANTED","2.67276261011652","dimensionless_planted_diagnostic","diagnostic_only","synthetic_planted_protocol_sanity","diagnostic_synthetic","current/B/scripts/C2_residual_benchmark.py","false","true","false","true","true","GRAPH-C2-R2-LSYM-BUDGET-ATTACK","synthetic_budget_rescaled_overlap_capacity","predeclared_synthetic_scale","synthetic_family_generator_edges","L_sym=I-D^-1/2 A_w D^-1/2","spectral_radius(A_w/S_w)","high_betweenness_proxy_vs_matched_random_edges","72.0","0.10401100412499434","1.0780267816474436","0.027777777777777776","random_geo","0.3151245238030881","0.062181625938500365","0.022848413138863294","diagnostic_only_excluded_from_material_validation","software_sanity_only","Generated from C2_residual_benchmark_synthetic_rows.csv; row cannot support material claims."
"random_geo_002","synthetic_only_not_material","SYN-C2-R2-random_geo_002","synthetic_static_graph","29202","diagnostic_synthetic","Y_B_positive_diagnostic","SYN-C2-R2-PLANTED","3.156398276376484","dimensionless_planted_diagnostic","diagnostic_only","synthetic_planted_protocol_sanity","diagnostic_synthetic","current/B/scripts/C2_residual_benchmark.py","false","true","false","true","true","GRAPH-C2-R2-LSYM-BUDGET-ATTACK","synthetic_budget_rescaled_overlap_capacity","predeclared_synthetic_scale","synthetic_family_generator_edges","L_sym=I-D^-1/2 A_w D^-1/2","spectral_radius(A_w/S_w)","high_betweenness_proxy_vs_matched_random_edges","72.0","0.10401100412499434","1.0780267816474436","0.027777777777777776","random_geo","0.3151245238030881","0.062181625938500365","0.022848413138863294","diagnostic_only_excluded_from_material_validation","software_sanity_only","Generated from C2_residual_benchmark_synthetic_rows.csv; row cannot support material claims."
"random_geo_003","synthetic_only_not_material","SYN-C2-R2-random_geo_003","synthetic_static_graph","29202","diagnostic_synthetic","Y_A_null_diagnostic","SYN-C2-R2-PLANTED","2.563283519895673","dimensionless_planted_diagnostic","diagnostic_only","synthetic_planted_protocol_sanity","diagnostic_synthetic","current/B/scripts/C2_residual_benchmark.py","false","true","false","true","true","GRAPH-C2-R2-LSYM-BUDGET-ATTACK","synthetic_budget_rescaled_overlap_capacity","predeclared_synthetic_scale","synthetic_family_generator_edges","L_sym=I-D^-1/2 A_w D^-1/2","spectral_radius(A_w/S_w)","high_betweenness_proxy_vs_matched_random_edges","72.0","0.15488793541072077","1.1849790608036128","0.027777777777777776","random_geo","0.2502313321091875","0.0633876919370504","-0.1770034208679033","diagnostic_only_excluded_from_material_validation","software_sanity_only","Generated from C2_residual_benchmark_synthetic_rows.csv; row cannot support material claims."
"random_geo_003","synthetic_only_not_material","SYN-C2-R2-random_geo_003","synthetic_static_graph","29202","diagnostic_synthetic","Y_B_positive_diagnostic","SYN-C2-R2-PLANTED","3.122956730051486","dimensionless_planted_diagnostic","diagnostic_only","synthetic_planted_protocol_sanity","diagnostic_synthetic","current/B/scripts/C2_residual_benchmark.py","false","true","false","true","true","GRAPH-C2-R2-LSYM-BUDGET-ATTACK","synthetic_budget_rescaled_overlap_capacity","predeclared_synthetic_scale","synthetic_family_generator_edges","L_sym=I-D^-1/2 A_w D^-1/2","spectral_radius(A_w/S_w)","high_betweenness_proxy_vs_matched_random_edges","72.0","0.15488793541072077","1.1849790608036128","0.027777777777777776","random_geo","0.2502313321091875","0.0633876919370504","-0.1770034208679033","diagnostic_only_excluded_from_material_validation","software_sanity_only","Generated from C2_residual_benchmark_synthetic_rows.csv; row cannot support material claims."
"random_geo_004","synthetic_only_not_material","SYN-C2-R2-random_geo_004","synthetic_static_graph","29202","diagnostic_synthetic","Y_A_null_diagnostic","SYN-C2-R2-PLANTED","2.584021218875524","dimensionless_planted_diagnostic","diagnostic_only","synthetic_planted_protocol_sanity","diagnostic_synthetic","current/B/scripts/C2_residual_benchmark.py","false","true","false","true","true","GRAPH-C2-R2-LSYM-BUDGET-ATTACK","synthetic_budget_rescaled_overlap_capacity","predeclared_synthetic_scale","synthetic_family_generator_edges","L_sym=I-D^-1/2 A_w D^-1/2","spectral_radius(A_w/S_w)","high_betweenness_proxy_vs_matched_random_edges","72.0","0.18593968535237915","1.1124041568300505","0.027777777777777776","random_geo","0.2691406273001618","0.06252663259661749","-0.005594938536830504","diagnostic_only_excluded_from_material_validation","software_sanity_only","Generated from C2_residual_benchmark_synthetic_rows.csv; row cannot support material claims."
"random_geo_004","synthetic_only_not_material","SYN-C2-R2-random_geo_004","synthetic_static_graph","29202","diagnostic_synthetic","Y_B_positive_diagnostic","SYN-C2-R2-PLANTED","3.01968166723893","dimensionless_planted_diagnostic","diagnostic_only","synthetic_planted_protocol_sanity","diagnostic_synthetic","current/B/scripts/C2_residual_benchmark.py","false","true","false","true","true","GRAPH-C2-R2-LSYM-BUDGET-ATTACK","synthetic_budget_rescaled_overlap_capacity","predeclared_synthetic_scale","synthetic_family_generator_edges","L_sym=I-D^-1/2 A_w D^-1/2","spectral_radius(A_w/S_w)","high_betweenness_proxy_vs_matched_random_edges","72.0","0.18593968535237915","1.1124041568300505","0.027777777777777776","random_geo","0.2691406273001618","0.06252663259661749","-0.005594938536830504","diagnostic_only_excluded_from_material_validation","software_sanity_only","Generated from C2_residual_benchmark_synthetic_rows.csv; row cannot support material claims."
"random_geo_005","synthetic_only_not_material","SYN-C2-R2-random_geo_005","synthetic_static_graph","29202","diagnostic_synthetic","Y_A_null_diagnostic","SYN-C2-R2-PLANTED","2.5601429733683285","dimensionless_planted_diagnostic","diagnostic_only","synthetic_planted_protocol_sanity","diagnostic_synthetic","current/B/scripts/C2_residual_benchmark.py","false","true","false","true","true","GRAPH-C2-R2-LSYM-BUDGET-ATTACK","synthetic_budget_rescaled_overlap_capacity","predeclared_synthetic_scale","synthetic_family_generator_edges","L_sym=I-D^-1/2 A_w D^-1/2","spectral_radius(A_w/S_w)","high_betweenness_proxy_vs_matched_random_edges","72.0","0.215544045033927","0.8429622992650221","0.027777777777777776","random_geo","0.15487321866736992","0.06379090211246194","0.1984913971612378","diagnostic_only_excluded_from_material_validation","software_sanity_only","Generated from C2_residual_benchmark_synthetic_rows.csv; row cannot support material claims."
"random_geo_005","synthetic_only_not_material","SYN-C2-R2-random_geo_005","synthetic_static_graph","29202","diagnostic_synthetic","Y_B_positive_diagnostic","SYN-C2-R2-PLANTED","2.629297865791006","dimensionless_planted_diagnostic","diagnostic_only","synthetic_planted_protocol_sanity","diagnostic_synthetic","current/B/scripts/C2_residual_benchmark.py","false","true","false","true","true","GRAPH-C2-R2-LSYM-BUDGET-ATTACK","synthetic_budget_rescaled_overlap_capacity","predeclared_synthetic_scale","synthetic_family_generator_edges","L_sym=I-D^-1/2 A_w D^-1/2","spectral_radius(A_w/S_w)","high_betweenness_proxy_vs_matched_random_edges","72.0","0.215544045033927","0.8429622992650221","0.027777777777777776","random_geo","0.15487321866736992","0.06379090211246194","0.1984913971612378","diagnostic_only_excluded_from_material_validation","software_sanity_only","Generated from C2_residual_benchmark_synthetic_rows.csv; row cannot support material claims."
"random_geo_006","synthetic_only_not_material","SYN-C2-R2-random_geo_006","synthetic_static_graph","29202","diagnostic_synthetic","Y_A_null_diagnostic","SYN-C2-R2-PLANTED","2.584073649806523","dimensionless_planted_diagnostic","diagnostic_only","synthetic_planted_protocol_sanity","diagnostic_synthetic","current/B/scripts/C2_residual_benchmark.py","false","true","false","true","true","GRAPH-C2-R2-LSYM-BUDGET-ATTACK","synthetic_budget_rescaled_overlap_capacity","predeclared_synthetic_scale","synthetic_family_generator_edges","L_sym=I-D^-1/2 A_w D^-1/2","spectral_radius(A_w/S_w)","high_betweenness_proxy_vs_matched_random_edges","72.0","0.25291914717496905","0.8088311322310534","0.027777777777777776","random_geo","0.3343592923765033","0.06308103753714628","0.010871360215240447","diagnostic_only_excluded_from_material_validation","software_sanity_only","Generated from C2_residual_benchmark_synthetic_rows.csv; row cannot support material claims."
"random_geo_006","synthetic_only_not_material","SYN-C2-R2-random_geo_006","synthetic_static_graph","29202","diagnostic_synthetic","Y_B_positive_diagnostic","SYN-C2-R2-PLANTED","3.109264293415212","dimensionless_planted_diagnostic","diagnostic_only","synthetic_planted_protocol_sanity","diagnostic_synthetic","current/B/scripts/C2_residual_benchmark.py","false","true","false","true","true","GRAPH-C2-R2-LSYM-BUDGET-ATTACK","synthetic_budget_rescaled_overlap_capacity","predeclared_synthetic_scale","synthetic_family_generator_edges","L_sym=I-D^-1/2 A_w D^-1/2","spectral_radius(A_w/S_w)","high_betweenness_proxy_vs_matched_random_edges","72.0","0.25291914717496905","0.8088311322310534","0.027777777777777776","random_geo","0.3343592923765033","0.06308103753714628","0.010871360215240447","diagnostic_only_excluded_from_material_validation","software_sanity_only","Generated from C2_residual_benchmark_synthetic_rows.csv; row cannot support material claims."
"random_geo_007","synthetic_only_not_material","SYN-C2-R2-random_geo_007","synthetic_static_graph","29202","diagnostic_synthetic","Y_A_null_diagnostic","SYN-C2-R2-PLANTED","2.3934882230038195","dimensionless_planted_diagnostic","diagnostic_only","synthetic_planted_protocol_sanity","diagnostic_synthetic","current/B/scripts/C2_residual_benchmark.py","false","true","false","true","true","GRAPH-C2-R2-LSYM-BUDGET-ATTACK","synthetic_budget_rescaled_overlap_capacity","predeclared_synthetic_scale","synthetic_family_generator_edges","L_sym=I-D^-1/2 A_w D^-1/2","spectral_radius(A_w/S_w)","high_betweenness_proxy_vs_matched_random_edges","72.0","0.33059276335399457","0.9178939112012845","0.027777777777777776","random_geo","0.23751968134928006","0.06125669214633527","-0.08863288685627457","diagnostic_only_excluded_from_material_validation","software_sanity_only","Generated from C2_residual_benchmark_synthetic_rows.csv; row cannot support material claims."
"random_geo_007","synthetic_only_not_material","SYN-C2-R2-random_geo_007","synthetic_static_graph","29202","diagnostic_synthetic","Y_B_positive_diagnostic","SYN-C2-R2-PLANTED","2.8532893113333144","dimensionless_planted_diagnostic","diagnostic_only","synthetic_planted_protocol_sanity","diagnostic_synthetic","current/B/scripts/C2_residual_benchmark.py","false","true","false","true","true","GRAPH-C2-R2-LSYM-BUDGET-ATTACK","synthetic_budget_rescaled_overlap_capacity","predeclared_synthetic_scale","synthetic_family_generator_edges","L_sym=I-D^-1/2 A_w D^-1/2","spectral_radius(A_w/S_w)","high_betweenness_proxy_vs_matched_random_edges","72.0","0.33059276335399457","0.9178939112012845","0.027777777777777776","random_geo","0.23751968134928006","0.06125669214633527","-0.08863288685627457","diagnostic_only_excluded_from_material_validation","software_sanity_only","Generated from C2_residual_benchmark_synthetic_rows.csv; row cannot support material claims."
"random_geo_008","synthetic_only_not_material","SYN-C2-R2-random_geo_008","synthetic_static_graph","29202","diagnostic_synthetic","Y_A_null_diagnostic","SYN-C2-R2-PLANTED","2.6320932795283305","dimensionless_planted_diagnostic","diagnostic_only","synthetic_planted_protocol_sanity","diagnostic_synthetic","current/B/scripts/C2_residual_benchmark.py","false","true","false","true","true","GRAPH-C2-R2-LSYM-BUDGET-ATTACK","synthetic_budget_rescaled_overlap_capacity","predeclared_synthetic_scale","synthetic_family_generator_edges","L_sym=I-D^-1/2 A_w D^-1/2","spectral_radius(A_w/S_w)","high_betweenness_proxy_vs_matched_random_edges","72.0","0.1339727524140622","0.9495261450217891","0.027777777777777776","random_geo","0.21036418443239335","0.060491913487708195","0.03525878833953547","diagnostic_only_excluded_from_material_validation","software_sanity_only","Generated from C2_residual_benchmark_synthetic_rows.csv; row cannot support material claims."
"random_geo_008","synthetic_only_not_material","SYN-C2-R2-random_geo_008","synthetic_static_graph","29202","diagnostic_synthetic","Y_B_positive_diagnostic","SYN-C2-R2-PLANTED","2.936943065114578","dimensionless_planted_diagnostic","diagnostic_only","synthetic_planted_protocol_sanity","diagnostic_synthetic","current/B/scripts/C2_residual_benchmark.py","false","true","false","true","true","GRAPH-C2-R2-LSYM-BUDGET-ATTACK","synthetic_budget_rescaled_overlap_capacity","predeclared_synthetic_scale","synthetic_family_generator_edges","L_sym=I-D^-1/2 A_w D^-1/2","spectral_radius(A_w/S_w)","high_betweenness_proxy_vs_matched_random_edges","72.0","0.1339727524140622","0.9495261450217891","0.027777777777777776","random_geo","0.21036418443239335","0.060491913487708195","0.03525878833953547","diagnostic_only_excluded_from_material_validation","software_sanity_only","Generated from C2_residual_benchmark_synthetic_rows.csv; row cannot support material claims."
"random_geo_009","synthetic_only_not_material","SYN-C2-R2-random_geo_009","synthetic_static_graph","29202","diagnostic_synthetic","Y_A_null_diagnostic","SYN-C2-R2-PLANTED","2.5829004362445813","dimensionless_planted_diagnostic","diagnostic_only","synthetic_planted_protocol_sanity","diagnostic_synthetic","current/B/scripts/C2_residual_benchmark.py","false","true","false","true","true","GRAPH-C2-R2-LSYM-BUDGET-ATTACK","synthetic_budget_rescaled_overlap_capacity","predeclared_synthetic_scale","synthetic_family_generator_edges","L_sym=I-D^-1/2 A_w D^-1/2","spectral_radius(A_w/S_w)","high_betweenness_proxy_vs_matched_random_edges","72.0","0.23636619267773884","1.177470733329094","0.027777777777777776","random_geo","0.2084585192724809","0.06111607925835554","0.3172451921409692","diagnostic_only_excluded_from_material_validation","software_sanity_only","Generated from C2_residual_benchmark_synthetic_rows.csv; row cannot support material claims."
"random_geo_009","synthetic_only_not_material","SYN-C2-R2-random_geo_009","synthetic_static_graph","29202","diagnostic_synthetic","Y_B_positive_diagnostic","SYN-C2-R2-PLANTED","2.630913394153678","dimensionless_planted_diagnostic","diagnostic_only","synthetic_planted_protocol_sanity","diagnostic_synthetic","current/B/scripts/C2_residual_benchmark.py","false","true","false","true","true","GRAPH-C2-R2-LSYM-BUDGET-ATTACK","synthetic_budget_rescaled_overlap_capacity","predeclared_synthetic_scale","synthetic_family_generator_edges","L_sym=I-D^-1/2 A_w D^-1/2","spectral_radius(A_w/S_w)","high_betweenness_proxy_vs_matched_random_edges","72.0","0.23636619267773884","1.177470733329094","0.027777777777777776","random_geo","0.2084585192724809","0.06111607925835554","0.3172451921409692","diagnostic_only_excluded_from_material_validation","software_sanity_only","Generated from C2_residual_benchmark_synthetic_rows.csv; row cannot support material claims."
"random_geo_010","synthetic_only_not_material","SYN-C2-R2-random_geo_010","synthetic_static_graph","29202","diagnostic_synthetic","Y_A_null_diagnostic","SYN-C2-R2-PLANTED","2.4617154043878395","dimensionless_planted_diagnostic","diagnostic_only","synthetic_planted_protocol_sanity","diagnostic_synthetic","current/B/scripts/C2_residual_benchmark.py","false","true","false","true","true","GRAPH-C2-R2-LSYM-BUDGET-ATTACK","synthetic_budget_rescaled_overlap_capacity","predeclared_synthetic_scale","synthetic_family_generator_edges","L_sym=I-D^-1/2 A_w D^-1/2","spectral_radius(A_w/S_w)","high_betweenness_proxy_vs_matched_random_edges","72.0","0.2632365792366091","1.0352840900415945","0.027777777777777776","random_geo","0.23920643010181325","0.060894344660519475","0.005299159292651748","diagnostic_only_excluded_from_material_validation","software_sanity_only","Generated from C2_residual_benchmark_synthetic_rows.csv; row cannot support material claims."
"random_geo_010","synthetic_only_not_material","SYN-C2-R2-random_geo_010","synthetic_static_graph","29202","diagnostic_synthetic","Y_B_positive_diagnostic","SYN-C2-R2-PLANTED","2.8396764491873543","dimensionless_planted_diagnostic","diagnostic_only","synthetic_planted_protocol_sanity","diagnostic_synthetic","current/B/scripts/C2_residual_benchmark.py","false","true","false","true","true","GRAPH-C2-R2-LSYM-BUDGET-ATTACK","synthetic_budget_rescaled_overlap_capacity","predeclared_synthetic_scale","synthetic_family_generator_edges","L_sym=I-D^-1/2 A_w D^-1/2","spectral_radius(A_w/S_w)","high_betweenness_proxy_vs_matched_random_edges","72.0","0.2632365792366091","1.0352840900415945","0.027777777777777776","random_geo","0.23920643010181325","0.060894344660519475","0.005299159292651748","diagnostic_only_excluded_from_material_validation","software_sanity_only","Generated from C2_residual_benchmark_synthetic_rows.csv; row cannot support material claims."
"random_geo_011","synthetic_only_not_material","SYN-C2-R2-random_geo_011","synthetic_static_graph","29202","diagnostic_synthetic","Y_A_null_diagnostic","SYN-C2-R2-PLANTED","2.6345040001538185","dimensionless_planted_diagnostic","diagnostic_only","synthetic_planted_protocol_sanity","diagnostic_synthetic","current/B/scripts/C2_residual_benchmark.py","false","true","false","true","true","GRAPH-C2-R2-LSYM-BUDGET-ATTACK","synthetic_budget_rescaled_overlap_capacity","predeclared_synthetic_scale","synthetic_family_generator_edges","L_sym=I-D^-1/2 A_w D^-1/2","spectral_radius(A_w/S_w)","high_betweenness_proxy_vs_matched_random_edges","72.0","0.12621373987785986","1.1713674303218025","0.027777777777777776","random_geo","0.23955903459570954","0.06768941282876477","0.0006511582596568644","diagnostic_only_excluded_from_material_validation","software_sanity_only","Generated from C2_residual_benchmark_synthetic_rows.csv; row cannot support material claims."
"random_geo_011","synthetic_only_not_material","SYN-C2-R2-random_geo_011","synthetic_static_graph","29202","diagnostic_synthetic","Y_B_positive_diagnostic","SYN-C2-R2-PLANTED","3.017212413073263","dimensionless_planted_diagnostic","diagnostic_only","synthetic_planted_protocol_sanity","diagnostic_synthetic","current/B/scripts/C2_residual_benchmark.py","false","true","false","true","true","GRAPH-C2-R2-LSYM-BUDGET-ATTACK","synthetic_budget_rescaled_overlap_capacity","predeclared_synthetic_scale","synthetic_family_generator_edges","L_sym=I-D^-1/2 A_w D^-1/2","spectral_radius(A_w/S_w)","high_betweenness_proxy_vs_matched_random_edges","72.0","0.12621373987785986","1.1713674303218025","0.027777777777777776","random_geo","0.23955903459570954","0.06768941282876477","0.0006511582596568644","diagnostic_only_excluded_from_material_validation","software_sanity_only","Generated from C2_residual_benchmark_synthetic_rows.csv; row cannot support material claims."
"random_geo_012","synthetic_only_not_material","SYN-C2-R2-random_geo_012","synthetic_static_graph","29202","diagnostic_synthetic","Y_A_null_diagnostic","SYN-C2-R2-PLANTED","2.579811605784218","dimensionless_planted_diagnostic","diagnostic_only","synthetic_planted_protocol_sanity","diagnostic_synthetic","current/B/scripts/C2_residual_benchmark.py","false","true","false","true","true","GRAPH-C2-R2-LSYM-BUDGET-ATTACK","synthetic_budget_rescaled_overlap_capacity","predeclared_synthetic_scale","synthetic_family_generator_edges","L_sym=I-D^-1/2 A_w D^-1/2","spectral_radius(A_w/S_w)","high_betweenness_proxy_vs_matched_random_edges","72.0","0.2029935822957326","0.885254053195247","0.027777777777777776","random_geo","0.2882742486777137","0.06345665248451661","-0.0795308471675155","diagnostic_only_excluded_from_material_validation","software_sanity_only","Generated from C2_residual_benchmark_synthetic_rows.csv; row cannot support material claims."
"random_geo_012","synthetic_only_not_material","SYN-C2-R2-random_geo_012","synthetic_static_graph","29202","diagnostic_synthetic","Y_B_positive_diagnostic","SYN-C2-R2-PLANTED","3.112628166119324","dimensionless_planted_diagnostic","diagnostic_only","synthetic_planted_protocol_sanity","diagnostic_synthetic","current/B/scripts/C2_residual_benchmark.py","false","true","false","true","true","GRAPH-C2-R2-LSYM-BUDGET-ATTACK","synthetic_budget_rescaled_overlap_capacity","predeclared_synthetic_scale","synthetic_family_generator_edges","L_sym=I-D^-1/2 A_w D^-1/2","spectral_radius(A_w/S_w)","high_betweenness_proxy_vs_matched_random_edges","72.0","0.2029935822957326","0.885254053195247","0.027777777777777776","random_geo","0.2882742486777137","0.06345665248451661","-0.0795308471675155","diagnostic_only_excluded_from_material_validation","software_sanity_only","Generated from C2_residual_benchmark_synthetic_rows.csv; row cannot support material claims."
"random_geo_013","synthetic_only_not_material","SYN-C2-R2-random_geo_013","synthetic_static_graph","29202","diagnostic_synthetic","Y_A_null_diagnostic","SYN-C2-R2-PLANTED","2.679780857122211","dimensionless_planted_diagnostic","diagnostic_only","synthetic_planted_protocol_sanity","diagnostic_synthetic","current/B/scripts/C2_residual_benchmark.py","false","true","false","true","true","GRAPH-C2-R2-LSYM-BUDGET-ATTACK","synthetic_budget_rescaled_overlap_capacity","predeclared_synthetic_scale","synthetic_family_generator_edges","L_sym=I-D^-1/2 A_w D^-1/2","spectral_radius(A_w/S_w)","high_betweenness_proxy_vs_matched_random_edges","72.0","0.06715447913966818","1.162639664481985","0.027777777777777776","random_geo","0.27932511146465544","0.060359076326498735","-0.14833794696100067","diagnostic_only_excluded_from_material_validation","software_sanity_only","Generated from C2_residual_benchmark_synthetic_rows.csv; row cannot support material claims."
"random_geo_013","synthetic_only_not_material","SYN-C2-R2-random_geo_013","synthetic_static_graph","29202","diagnostic_synthetic","Y_B_positive_diagnostic","SYN-C2-R2-PLANTED","3.2602051877305604","dimensionless_planted_diagnostic","diagnostic_only","synthetic_planted_protocol_sanity","diagnostic_synthetic","current/B/scripts/C2_residual_benchmark.py","false","true","false","true","true","GRAPH-C2-R2-LSYM-BUDGET-ATTACK","synthetic_budget_rescaled_overlap_capacity","predeclared_synthetic_scale","synthetic_family_generator_edges","L_sym=I-D^-1/2 A_w D^-1/2","spectral_radius(A_w/S_w)","high_betweenness_proxy_vs_matched_random_edges","72.0","0.06715447913966818","1.162639664481985","0.027777777777777776","random_geo","0.27932511146465544","0.060359076326498735","-0.14833794696100067","diagnostic_only_excluded_from_material_validation","software_sanity_only","Generated from C2_residual_benchmark_synthetic_rows.csv; row cannot support material claims."
"random_geo_014","synthetic_only_not_material","SYN-C2-R2-random_geo_014","synthetic_static_graph","29202","diagnostic_synthetic","Y_A_null_diagnostic","SYN-C2-R2-PLANTED","2.5597665678929555","dimensionless_planted_diagnostic","diagnostic_only","synthetic_planted_protocol_sanity","diagnostic_synthetic","current/B/scripts/C2_residual_benchmark.py","false","true","false","true","true","GRAPH-C2-R2-LSYM-BUDGET-ATTACK","synthetic_budget_rescaled_overlap_capacity","predeclared_synthetic_scale","synthetic_family_generator_edges","L_sym=I-D^-1/2 A_w D^-1/2","spectral_radius(A_w/S_w)","high_betweenness_proxy_vs_matched_random_edges","72.0","0.23828884407748901","0.9947646828417813","0.027777777777777776","random_geo","0.256885029622619","0.060433353203032066","-0.006442305938185747","diagnostic_only_excluded_from_material_validation","software_sanity_only","Generated from C2_residual_benchmark_synthetic_rows.csv; row cannot support material claims."
"random_geo_014","synthetic_only_not_material","SYN-C2-R2-random_geo_014","synthetic_static_graph","29202","diagnostic_synthetic","Y_B_positive_diagnostic","SYN-C2-R2-PLANTED","2.9765806906335133","dimensionless_planted_diagnostic","diagnostic_only","synthetic_planted_protocol_sanity","diagnostic_synthetic","current/B/scripts/C2_residual_benchmark.py","false","true","false","true","true","GRAPH-C2-R2-LSYM-BUDGET-ATTACK","synthetic_budget_rescaled_overlap_capacity","predeclared_synthetic_scale","synthetic_family_generator_edges","L_sym=I-D^-1/2 A_w D^-1/2","spectral_radius(A_w/S_w)","high_betweenness_proxy_vs_matched_random_edges","72.0","0.23828884407748901","0.9947646828417813","0.027777777777777776","random_geo","0.256885029622619","0.060433353203032066","-0.006442305938185747","diagnostic_only_excluded_from_material_validation","software_sanity_only","Generated from C2_residual_benchmark_synthetic_rows.csv; row cannot support material claims."
"random_geo_015","synthetic_only_not_material","SYN-C2-R2-random_geo_015","synthetic_static_graph","29202","diagnostic_synthetic","Y_A_null_diagnostic","SYN-C2-R2-PLANTED","2.5440322937246203","dimensionless_planted_diagnostic","diagnostic_only","synthetic_planted_protocol_sanity","diagnostic_synthetic","current/B/scripts/C2_residual_benchmark.py","false","true","false","true","true","GRAPH-C2-R2-LSYM-BUDGET-ATTACK","synthetic_budget_rescaled_overlap_capacity","predeclared_synthetic_scale","synthetic_family_generator_edges","L_sym=I-D^-1/2 A_w D^-1/2","spectral_radius(A_w/S_w)","high_betweenness_proxy_vs_matched_random_edges","72.0","0.0854912806886835","1.1492159320703492","0.027777777777777776","random_geo","0.21002056295627042","0.06280696535878295","-0.09139552672122238","diagnostic_only_excluded_from_material_validation","software_sanity_only","Generated from C2_residual_benchmark_synthetic_rows.csv; row cannot support material claims."
"random_geo_015","synthetic_only_not_material","SYN-C2-R2-random_geo_015","synthetic_static_graph","29202","diagnostic_synthetic","Y_B_positive_diagnostic","SYN-C2-R2-PLANTED","2.962321168503753","dimensionless_planted_diagnostic","diagnostic_only","synthetic_planted_protocol_sanity","diagnostic_synthetic","current/B/scripts/C2_residual_benchmark.py","false","true","false","true","true","GRAPH-C2-R2-LSYM-BUDGET-ATTACK","synthetic_budget_rescaled_overlap_capacity","predeclared_synthetic_scale","synthetic_family_generator_edges","L_sym=I-D^-1/2 A_w D^-1/2","spectral_radius(A_w/S_w)","high_betweenness_proxy_vs_matched_random_edges","72.0","0.0854912806886835","1.1492159320703492","0.027777777777777776","random_geo","0.21002056295627042","0.06280696535878295","-0.09139552672122238","diagnostic_only_excluded_from_material_validation","software_sanity_only","Generated from C2_residual_benchmark_synthetic_rows.csv; row cannot support material claims."
"random_geo_016","synthetic_only_not_material","SYN-C2-R2-random_geo_016","synthetic_static_graph","29202","diagnostic_synthetic","Y_A_null_diagnostic","SYN-C2-R2-PLANTED","2.658885402987327","dimensionless_planted_diagnostic","diagnostic_only","synthetic_planted_protocol_sanity","diagnostic_synthetic","current/B/scripts/C2_residual_benchmark.py","false","true","false","true","true","GRAPH-C2-R2-LSYM-BUDGET-ATTACK","synthetic_budget_rescaled_overlap_capacity","predeclared_synthetic_scale","synthetic_family_generator_edges","L_sym=I-D^-1/2 A_w D^-1/2","spectral_radius(A_w/S_w)","high_betweenness_proxy_vs_matched_random_edges","72.0","0.14040535102488705","1.1578455348619725","0.027777777777777776","random_geo","0.2535656452347023","0.06099787656597888","-0.018001738963350646","diagnostic_only_excluded_from_material_validation","software_sanity_only","Generated from C2_residual_benchmark_synthetic_rows.csv; row cannot support material claims."
"random_geo_016","synthetic_only_not_material","SYN-C2-R2-random_geo_016","synthetic_static_graph","29202","diagnostic_synthetic","Y_B_positive_diagnostic","SYN-C2-R2-PLANTED","3.080792000429866","dimensionless_planted_diagnostic","diagnostic_only","synthetic_planted_protocol_sanity","diagnostic_synthetic","current/B/scripts/C2_residual_benchmark.py","false","true","false","true","true","GRAPH-C2-R2-LSYM-BUDGET-ATTACK","synthetic_budget_rescaled_overlap_capacity","predeclared_synthetic_scale","synthetic_family_generator_edges","L_sym=I-D^-1/2 A_w D^-1/2","spectral_radius(A_w/S_w)","high_betweenness_proxy_vs_matched_random_edges","72.0","0.14040535102488705","1.1578455348619725","0.027777777777777776","random_geo","0.2535656452347023","0.06099787656597888","-0.018001738963350646","diagnostic_only_excluded_from_material_validation","software_sanity_only","Generated from C2_residual_benchmark_synthetic_rows.csv; row cannot support material claims."
"random_geo_017","synthetic_only_not_material","SYN-C2-R2-random_geo_017","synthetic_static_graph","29202","diagnostic_synthetic","Y_A_null_diagnostic","SYN-C2-R2-PLANTED","2.735163365642538","dimensionless_planted_diagnostic","diagnostic_only","synthetic_planted_protocol_sanity","diagnostic_synthetic","current/B/scripts/C2_residual_benchmark.py","false","true","false","true","true","GRAPH-C2-R2-LSYM-BUDGET-ATTACK","synthetic_budget_rescaled_overlap_capacity","predeclared_synthetic_scale","synthetic_family_generator_edges","L_sym=I-D^-1/2 A_w D^-1/2","spectral_radius(A_w/S_w)","high_betweenness_proxy_vs_matched_random_edges","72.0","0.1006012862841805","1.0089837424878192","0.027777777777777776","random_geo","0.23106775477642247","0.062744111364184","-0.1284215120643514","diagnostic_only_excluded_from_material_validation","software_sanity_only","Generated from C2_residual_benchmark_synthetic_rows.csv; row cannot support material claims."
"random_geo_017","synthetic_only_not_material","SYN-C2-R2-random_geo_017","synthetic_static_graph","29202","diagnostic_synthetic","Y_B_positive_diagnostic","SYN-C2-R2-PLANTED","3.2204511341427304","dimensionless_planted_diagnostic","diagnostic_only","synthetic_planted_protocol_sanity","diagnostic_synthetic","current/B/scripts/C2_residual_benchmark.py","false","true","false","true","true","GRAPH-C2-R2-LSYM-BUDGET-ATTACK","synthetic_budget_rescaled_overlap_capacity","predeclared_synthetic_scale","synthetic_family_generator_edges","L_sym=I-D^-1/2 A_w D^-1/2","spectral_radius(A_w/S_w)","high_betweenness_proxy_vs_matched_random_edges","72.0","0.1006012862841805","1.0089837424878192","0.027777777777777776","random_geo","0.23106775477642247","0.062744111364184","-0.1284215120643514","diagnostic_only_excluded_from_material_validation","software_sanity_only","Generated from C2_residual_benchmark_synthetic_rows.csv; row cannot support material claims."
"random_geo_018","synthetic_only_not_material","SYN-C2-R2-random_geo_018","synthetic_static_graph","29202","diagnostic_synthetic","Y_A_null_diagnostic","SYN-C2-R2-PLANTED","2.566529167468534","dimensionless_planted_diagnostic","diagnostic_only","synthetic_planted_protocol_sanity","diagnostic_synthetic","current/B/scripts/C2_residual_benchmark.py","false","true","false","true","true","GRAPH-C2-R2-LSYM-BUDGET-ATTACK","synthetic_budget_rescaled_overlap_capacity","predeclared_synthetic_scale","synthetic_family_generator_edges","L_sym=I-D^-1/2 A_w D^-1/2","spectral_radius(A_w/S_w)","high_betweenness_proxy_vs_matched_random_edges","72.0","0.24099157976937663","0.9564134837430379","0.027777777777777776","random_geo","0.41754556806213317","0.06426749111246716","0.015480491977817507","diagnostic_only_excluded_from_material_validation","software_sanity_only","Generated from C2_residual_benchmark_synthetic_rows.csv; row cannot support material claims."
"random_geo_018","synthetic_only_not_material","SYN-C2-R2-random_geo_018","synthetic_static_graph","29202","diagnostic_synthetic","Y_B_positive_diagnostic","SYN-C2-R2-PLANTED","3.2206696335879115","dimensionless_planted_diagnostic","diagnostic_only","synthetic_planted_protocol_sanity","diagnostic_synthetic","current/B/scripts/C2_residual_benchmark.py","false","true","false","true","true","GRAPH-C2-R2-LSYM-BUDGET-ATTACK","synthetic_budget_rescaled_overlap_capacity","predeclared_synthetic_scale","synthetic_family_generator_edges","L_sym=I-D^-1/2 A_w D^-1/2","spectral_radius(A_w/S_w)","high_betweenness_proxy_vs_matched_random_edges","72.0","0.24099157976937663","0.9564134837430379","0.027777777777777776","random_geo","0.41754556806213317","0.06426749111246716","0.015480491977817507","diagnostic_only_excluded_from_material_validation","software_sanity_only","Generated from C2_residual_benchmark_synthetic_rows.csv; row cannot support material claims."
"random_geo_019","synthetic_only_not_material","SYN-C2-R2-random_geo_019","synthetic_static_graph","29202","diagnostic_synthetic","Y_A_null_diagnostic","SYN-C2-R2-PLANTED","2.5857980603339854","dimensionless_planted_diagnostic","diagnostic_only","synthetic_planted_protocol_sanity","diagnostic_synthetic","current/B/scripts/C2_residual_benchmark.py","false","true","false","true","true","GRAPH-C2-R2-LSYM-BUDGET-ATTACK","synthetic_budget_rescaled_overlap_capacity","predeclared_synthetic_scale","synthetic_family_generator_edges","L_sym=I-D^-1/2 A_w D^-1/2","spectral_radius(A_w/S_w)","high_betweenness_proxy_vs_matched_random_edges","72.0","0.2774460267010462","1.1361727325383681","0.027777777777777776","random_geo","0.3001589986552618","0.06061864373779729","-0.0610419666939008","diagnostic_only_excluded_from_material_validation","software_sanity_only","Generated from C2_residual_benchmark_synthetic_rows.csv; row cannot support material claims."
"random_geo_019","synthetic_only_not_material","SYN-C2-R2-random_geo_019","synthetic_static_graph","29202","diagnostic_synthetic","Y_B_positive_diagnostic","SYN-C2-R2-PLANTED","3.120990228206915","dimensionless_planted_diagnostic","diagnostic_only","synthetic_planted_protocol_sanity","diagnostic_synthetic","current/B/scripts/C2_residual_benchmark.py","false","true","false","true","true","GRAPH-C2-R2-LSYM-BUDGET-ATTACK","synthetic_budget_rescaled_overlap_capacity","predeclared_synthetic_scale","synthetic_family_generator_edges","L_sym=I-D^-1/2 A_w D^-1/2","spectral_radius(A_w/S_w)","high_betweenness_proxy_vs_matched_random_edges","72.0","0.2774460267010462","1.1361727325383681","0.027777777777777776","random_geo","0.3001589986552618","0.06061864373779729","-0.0610419666939008","diagnostic_only_excluded_from_material_validation","software_sanity_only","Generated from C2_residual_benchmark_synthetic_rows.csv; row cannot support material claims."
"random_geo_020","synthetic_only_not_material","SYN-C2-R2-random_geo_020","synthetic_static_graph","29202","diagnostic_synthetic","Y_A_null_diagnostic","SYN-C2-R2-PLANTED","2.628424365250523","dimensionless_planted_diagnostic","diagnostic_only","synthetic_planted_protocol_sanity","diagnostic_synthetic","current/B/scripts/C2_residual_benchmark.py","false","true","false","true","true","GRAPH-C2-R2-LSYM-BUDGET-ATTACK","synthetic_budget_rescaled_overlap_capacity","predeclared_synthetic_scale","synthetic_family_generator_edges","L_sym=I-D^-1/2 A_w D^-1/2","spectral_radius(A_w/S_w)","high_betweenness_proxy_vs_matched_random_edges","72.0","0.12736954127002825","1.1265032734394118","0.027777777777777776","random_geo","0.22081187699695667","0.0625632888753883","-0.07137505849373033","diagnostic_only_excluded_from_material_validation","software_sanity_only","Generated from C2_residual_benchmark_synthetic_rows.csv; row cannot support material claims."
"random_geo_020","synthetic_only_not_material","SYN-C2-R2-random_geo_020","synthetic_static_graph","29202","diagnostic_synthetic","Y_B_positive_diagnostic","SYN-C2-R2-PLANTED","3.045960921090011","dimensionless_planted_diagnostic","diagnostic_only","synthetic_planted_protocol_sanity","diagnostic_synthetic","current/B/scripts/C2_residual_benchmark.py","false","true","false","true","true","GRAPH-C2-R2-LSYM-BUDGET-ATTACK","synthetic_budget_rescaled_overlap_capacity","predeclared_synthetic_scale","synthetic_family_generator_edges","L_sym=I-D^-1/2 A_w D^-1/2","spectral_radius(A_w/S_w)","high_betweenness_proxy_vs_matched_random_edges","72.0","0.12736954127002825","1.1265032734394118","0.027777777777777776","random_geo","0.22081187699695667","0.0625632888753883","-0.07137505849373033","diagnostic_only_excluded_from_material_validation","software_sanity_only","Generated from C2_residual_benchmark_synthetic_rows.csv; row cannot support material claims."
"random_geo_021","synthetic_only_not_material","SYN-C2-R2-random_geo_021","synthetic_static_graph","29202","diagnostic_synthetic","Y_A_null_diagnostic","SYN-C2-R2-PLANTED","2.5922381571814506","dimensionless_planted_diagnostic","diagnostic_only","synthetic_planted_protocol_sanity","diagnostic_synthetic","current/B/scripts/C2_residual_benchmark.py","false","true","false","true","true","GRAPH-C2-R2-LSYM-BUDGET-ATTACK","synthetic_budget_rescaled_overlap_capacity","predeclared_synthetic_scale","synthetic_family_generator_edges","L_sym=I-D^-1/2 A_w D^-1/2","spectral_radius(A_w/S_w)","high_betweenness_proxy_vs_matched_random_edges","72.0","0.28259587918231355","1.1572203554978922","0.027777777777777776","random_geo","0.2890030330735427","0.06212902782883256","-0.04871787259202508","diagnostic_only_excluded_from_material_validation","software_sanity_only","Generated from C2_residual_benchmark_synthetic_rows.csv; row cannot support material claims."
"random_geo_021","synthetic_only_not_material","SYN-C2-R2-random_geo_021","synthetic_static_graph","29202","diagnostic_synthetic","Y_B_positive_diagnostic","SYN-C2-R2-PLANTED","3.0984890954319413","dimensionless_planted_diagnostic","diagnostic_only","synthetic_planted_protocol_sanity","diagnostic_synthetic","current/B/scripts/C2_residual_benchmark.py","false","true","false","true","true","GRAPH-C2-R2-LSYM-BUDGET-ATTACK","synthetic_budget_rescaled_overlap_capacity","predeclared_synthetic_scale","synthetic_family_generator_edges","L_sym=I-D^-1/2 A_w D^-1/2","spectral_radius(A_w/S_w)","high_betweenness_proxy_vs_matched_random_edges","72.0","0.28259587918231355","1.1572203554978922","0.027777777777777776","random_geo","0.2890030330735427","0.06212902782883256","-0.04871787259202508","diagnostic_only_excluded_from_material_validation","software_sanity_only","Generated from C2_residual_benchmark_synthetic_rows.csv; row cannot support material claims."
"random_geo_022","synthetic_only_not_material","SYN-C2-R2-random_geo_022","synthetic_static_graph","29202","diagnostic_synthetic","Y_A_null_diagnostic","SYN-C2-R2-PLANTED","2.6712453899964075","dimensionless_planted_diagnostic","diagnostic_only","synthetic_planted_protocol_sanity","diagnostic_synthetic","current/B/scripts/C2_residual_benchmark.py","false","true","false","true","true","GRAPH-C2-R2-LSYM-BUDGET-ATTACK","synthetic_budget_rescaled_overlap_capacity","predeclared_synthetic_scale","synthetic_family_generator_edges","L_sym=I-D^-1/2 A_w D^-1/2","spectral_radius(A_w/S_w)","high_betweenness_proxy_vs_matched_random_edges","72.0","0.07597967205963141","1.1037697169797829","0.027777777777777776","random_geo","0.304856360073672","0.06233484081663086","-0.03235693316088681","diagnostic_only_excluded_from_material_validation","software_sanity_only","Generated from C2_residual_benchmark_synthetic_rows.csv; row cannot support material claims."
"random_geo_022","synthetic_only_not_material","SYN-C2-R2-random_geo_022","synthetic_static_graph","29202","diagnostic_synthetic","Y_B_positive_diagnostic","SYN-C2-R2-PLANTED","3.188136805959081","dimensionless_planted_diagnostic","diagnostic_only","synthetic_planted_protocol_sanity","diagnostic_synthetic","current/B/scripts/C2_residual_benchmark.py","false","true","false","true","true","GRAPH-C2-R2-LSYM-BUDGET-ATTACK","synthetic_budget_rescaled_overlap_capacity","predeclared_synthetic_scale","synthetic_family_generator_edges","L_sym=I-D^-1/2 A_w D^-1/2","spectral_radius(A_w/S_w)","high_betweenness_proxy_vs_matched_random_edges","72.0","0.07597967205963141","1.1037697169797829","0.027777777777777776","random_geo","0.304856360073672","0.06233484081663086","-0.03235693316088681","diagnostic_only_excluded_from_material_validation","software_sanity_only","Generated from C2_residual_benchmark_synthetic_rows.csv; row cannot support material claims."
"random_geo_023","synthetic_only_not_material","SYN-C2-R2-random_geo_023","synthetic_static_graph","29202","diagnostic_synthetic","Y_A_null_diagnostic","SYN-C2-R2-PLANTED","2.7091369861165187","dimensionless_planted_diagnostic","diagnostic_only","synthetic_planted_protocol_sanity","diagnostic_synthetic","current/B/scripts/C2_residual_benchmark.py","false","true","false","true","true","GRAPH-C2-R2-LSYM-BUDGET-ATTACK","synthetic_budget_rescaled_overlap_capacity","predeclared_synthetic_scale","synthetic_family_generator_edges","L_sym=I-D^-1/2 A_w D^-1/2","spectral_radius(A_w/S_w)","high_betweenness_proxy_vs_matched_random_edges","72.0","0.2950253599401746","1.1759988051047354","0.027777777777777776","random_geo","0.2954504011858318","0.06602975835502588","-0.1870228847668284","diagnostic_only_excluded_from_material_validation","software_sanity_only","Generated from C2_residual_benchmark_synthetic_rows.csv; row cannot support material claims."
"random_geo_023","synthetic_only_not_material","SYN-C2-R2-random_geo_023","synthetic_static_graph","29202","diagnostic_synthetic","Y_B_positive_diagnostic","SYN-C2-R2-PLANTED","3.3501782243039955","dimensionless_planted_diagnostic","diagnostic_only","synthetic_planted_protocol_sanity","diagnostic_synthetic","current/B/scripts/C2_residual_benchmark.py","false","true","false","true","true","GRAPH-C2-R2-LSYM-BUDGET-ATTACK","synthetic_budget_rescaled_overlap_capacity","predeclared_synthetic_scale","synthetic_family_generator_edges","L_sym=I-D^-1/2 A_w D^-1/2","spectral_radius(A_w/S_w)","high_betweenness_proxy_vs_matched_random_edges","72.0","0.2950253599401746","1.1759988051047354","0.027777777777777776","random_geo","0.2954504011858318","0.06602975835502588","-0.1870228847668284","diagnostic_only_excluded_from_material_validation","software_sanity_only","Generated from C2_residual_benchmark_synthetic_rows.csv; row cannot support material claims."
"random_geo_024","synthetic_only_not_material","SYN-C2-R2-random_geo_024","synthetic_static_graph","29202","diagnostic_synthetic","Y_A_null_diagnostic","SYN-C2-R2-PLANTED","2.5254756666945086","dimensionless_planted_diagnostic","diagnostic_only","synthetic_planted_protocol_sanity","diagnostic_synthetic","current/B/scripts/C2_residual_benchmark.py","false","true","false","true","true","GRAPH-C2-R2-LSYM-BUDGET-ATTACK","synthetic_budget_rescaled_overlap_capacity","predeclared_synthetic_scale","synthetic_family_generator_edges","L_sym=I-D^-1/2 A_w D^-1/2","spectral_radius(A_w/S_w)","high_betweenness_proxy_vs_matched_random_edges","72.0","0.3485604358907008","1.0996066053952893","0.027777777777777776","random_geo","0.37038955409316204","0.061645437358202514","0.00923638664466514","diagnostic_only_excluded_from_material_validation","software_sanity_only","Generated from C2_residual_benchmark_synthetic_rows.csv; row cannot support material claims."
"random_geo_024","synthetic_only_not_material","SYN-C2-R2-random_geo_024","synthetic_static_graph","29202","diagnostic_synthetic","Y_B_positive_diagnostic","SYN-C2-R2-PLANTED","3.109786205263369","dimensionless_planted_diagnostic","diagnostic_only","synthetic_planted_protocol_sanity","diagnostic_synthetic","current/B/scripts/C2_residual_benchmark.py","false","true","false","true","true","GRAPH-C2-R2-LSYM-BUDGET-ATTACK","synthetic_budget_rescaled_overlap_capacity","predeclared_synthetic_scale","synthetic_family_generator_edges","L_sym=I-D^-1/2 A_w D^-1/2","spectral_radius(A_w/S_w)","high_betweenness_proxy_vs_matched_random_edges","72.0","0.3485604358907008","1.0996066053952893","0.027777777777777776","random_geo","0.37038955409316204","0.061645437358202514","0.00923638664466514","diagnostic_only_excluded_from_material_validation","software_sanity_only","Generated from C2_residual_benchmark_synthetic_rows.csv; row cannot support material claims."
"random_geo_025","synthetic_only_not_material","SYN-C2-R2-random_geo_025","synthetic_static_graph","29202","diagnostic_synthetic","Y_A_null_diagnostic","SYN-C2-R2-PLANTED","2.636045348994683","dimensionless_planted_diagnostic","diagnostic_only","synthetic_planted_protocol_sanity","diagnostic_synthetic","current/B/scripts/C2_residual_benchmark.py","false","true","false","true","true","GRAPH-C2-R2-LSYM-BUDGET-ATTACK","synthetic_budget_rescaled_overlap_capacity","predeclared_synthetic_scale","synthetic_family_generator_edges","L_sym=I-D^-1/2 A_w D^-1/2","spectral_radius(A_w/S_w)","high_betweenness_proxy_vs_matched_random_edges","72.0","0.1828313326916135","1.1158816181034306","0.027777777777777776","random_geo","0.3302830286168537","0.06482973969039187","0.024196963618347833","diagnostic_only_excluded_from_material_validation","software_sanity_only","Generated from C2_residual_benchmark_synthetic_rows.csv; row cannot support material claims."
"random_geo_025","synthetic_only_not_material","SYN-C2-R2-random_geo_025","synthetic_static_graph","29202","diagnostic_synthetic","Y_B_positive_diagnostic","SYN-C2-R2-PLANTED","3.142720927525136","dimensionless_planted_diagnostic","diagnostic_only","synthetic_planted_protocol_sanity","diagnostic_synthetic","current/B/scripts/C2_residual_benchmark.py","false","true","false","true","true","GRAPH-C2-R2-LSYM-BUDGET-ATTACK","synthetic_budget_rescaled_overlap_capacity","predeclared_synthetic_scale","synthetic_family_generator_edges","L_sym=I-D^-1/2 A_w D^-1/2","spectral_radius(A_w/S_w)","high_betweenness_proxy_vs_matched_random_edges","72.0","0.1828313326916135","1.1158816181034306","0.027777777777777776","random_geo","0.3302830286168537","0.06482973969039187","0.024196963618347833","diagnostic_only_excluded_from_material_validation","software_sanity_only","Generated from C2_residual_benchmark_synthetic_rows.csv; row cannot support material claims."
"random_geo_026","synthetic_only_not_material","SYN-C2-R2-random_geo_026","synthetic_static_graph","29202","diagnostic_synthetic","Y_A_null_diagnostic","SYN-C2-R2-PLANTED","2.6084096227189644","dimensionless_planted_diagnostic","diagnostic_only","synthetic_planted_protocol_sanity","diagnostic_synthetic","current/B/scripts/C2_residual_benchmark.py","false","true","false","true","true","GRAPH-C2-R2-LSYM-BUDGET-ATTACK","synthetic_budget_rescaled_overlap_capacity","predeclared_synthetic_scale","synthetic_family_generator_edges","L_sym=I-D^-1/2 A_w D^-1/2","spectral_radius(A_w/S_w)","high_betweenness_proxy_vs_matched_random_edges","72.0","0.34874396095265536","1.1927794291071545","0.027777777777777776","random_geo","0.24536239743367505","0.06387481357826301","0.20902396039644555","diagnostic_only_excluded_from_material_validation","software_sanity_only","Generated from C2_residual_benchmark_synthetic_rows.csv; row cannot support material claims."
"random_geo_026","synthetic_only_not_material","SYN-C2-R2-random_geo_026","synthetic_static_graph","29202","diagnostic_synthetic","Y_B_positive_diagnostic","SYN-C2-R2-PLANTED","2.8128678942560437","dimensionless_planted_diagnostic","diagnostic_only","synthetic_planted_protocol_sanity","diagnostic_synthetic","current/B/scripts/C2_residual_benchmark.py","false","true","false","true","true","GRAPH-C2-R2-LSYM-BUDGET-ATTACK","synthetic_budget_rescaled_overlap_capacity","predeclared_synthetic_scale","synthetic_family_generator_edges","L_sym=I-D^-1/2 A_w D^-1/2","spectral_radius(A_w/S_w)","high_betweenness_proxy_vs_matched_random_edges","72.0","0.34874396095265536","1.1927794291071545","0.027777777777777776","random_geo","0.24536239743367505","0.06387481357826301","0.20902396039644555","diagnostic_only_excluded_from_material_validation","software_sanity_only","Generated from C2_residual_benchmark_synthetic_rows.csv; row cannot support material claims."
"random_geo_027","synthetic_only_not_material","SYN-C2-R2-random_geo_027","synthetic_static_graph","29202","diagnostic_synthetic","Y_A_null_diagnostic","SYN-C2-R2-PLANTED","2.6695787194078986","dimensionless_planted_diagnostic","diagnostic_only","synthetic_planted_protocol_sanity","diagnostic_synthetic","current/B/scripts/C2_residual_benchmark.py","false","true","false","true","true","GRAPH-C2-R2-LSYM-BUDGET-ATTACK","synthetic_budget_rescaled_overlap_capacity","predeclared_synthetic_scale","synthetic_family_generator_edges","L_sym=I-D^-1/2 A_w D^-1/2","spectral_radius(A_w/S_w)","high_betweenness_proxy_vs_matched_random_edges","72.0","0.06810897924761938","0.8048179142655965","0.027777777777777776","random_geo","0.30052979526621937","0.06052988102135849","0.04432357307630308","diagnostic_only_excluded_from_material_validation","software_sanity_only","Generated from C2_residual_benchmark_synthetic_rows.csv; row cannot support material claims."
"random_geo_027","synthetic_only_not_material","SYN-C2-R2-random_geo_027","synthetic_static_graph","29202","diagnostic_synthetic","Y_B_positive_diagnostic","SYN-C2-R2-PLANTED","3.110535176065177","dimensionless_planted_diagnostic","diagnostic_only","synthetic_planted_protocol_sanity","diagnostic_synthetic","current/B/scripts/C2_residual_benchmark.py","false","true","false","true","true","GRAPH-C2-R2-LSYM-BUDGET-ATTACK","synthetic_budget_rescaled_overlap_capacity","predeclared_synthetic_scale","synthetic_family_generator_edges","L_sym=I-D^-1/2 A_w D^-1/2","spectral_radius(A_w/S_w)","high_betweenness_proxy_vs_matched_random_edges","72.0","0.06810897924761938","0.8048179142655965","0.027777777777777776","random_geo","0.30052979526621937","0.06052988102135849","0.04432357307630308","diagnostic_only_excluded_from_material_validation","software_sanity_only","Generated from C2_residual_benchmark_synthetic_rows.csv; row cannot support material claims."
"random_geo_028","synthetic_only_not_material","SYN-C2-R2-random_geo_028","synthetic_static_graph","29202","diagnostic_synthetic","Y_A_null_diagnostic","SYN-C2-R2-PLANTED","2.4927260785912093","dimensionless_planted_diagnostic","diagnostic_only","synthetic_planted_protocol_sanity","diagnostic_synthetic","current/B/scripts/C2_residual_benchmark.py","false","true","false","true","true","GRAPH-C2-R2-LSYM-BUDGET-ATTACK","synthetic_budget_rescaled_overlap_capacity","predeclared_synthetic_scale","synthetic_family_generator_edges","L_sym=I-D^-1/2 A_w D^-1/2","spectral_radius(A_w/S_w)","high_betweenness_proxy_vs_matched_random_edges","72.0","0.33585470748653135","1.1862748449455172","0.027777777777777776","random_geo","0.28030251415047125","0.061372623418276394","-0.024140588068589375","diagnostic_only_excluded_from_material_validation","software_sanity_only","Generated from C2_residual_benchmark_synthetic_rows.csv; row cannot support material claims."
"random_geo_028","synthetic_only_not_material","SYN-C2-R2-random_geo_028","synthetic_static_graph","29202","diagnostic_synthetic","Y_B_positive_diagnostic","SYN-C2-R2-PLANTED","2.9629366304936937","dimensionless_planted_diagnostic","diagnostic_only","synthetic_planted_protocol_sanity","diagnostic_synthetic","current/B/scripts/C2_residual_benchmark.py","false","true","false","true","true","GRAPH-C2-R2-LSYM-BUDGET-ATTACK","synthetic_budget_rescaled_overlap_capacity","predeclared_synthetic_scale","synthetic_family_generator_edges","L_sym=I-D^-1/2 A_w D^-1/2","spectral_radius(A_w/S_w)","high_betweenness_proxy_vs_matched_random_edges","72.0","0.33585470748653135","1.1862748449455172","0.027777777777777776","random_geo","0.28030251415047125","0.061372623418276394","-0.024140588068589375","diagnostic_only_excluded_from_material_validation","software_sanity_only","Generated from C2_residual_benchmark_synthetic_rows.csv; row cannot support material claims."
"random_geo_029","synthetic_only_not_material","SYN-C2-R2-random_geo_029","synthetic_static_graph","29202","diagnostic_synthetic","Y_A_null_diagnostic","SYN-C2-R2-PLANTED","2.3615377918466938","dimensionless_planted_diagnostic","diagnostic_only","synthetic_planted_protocol_sanity","diagnostic_synthetic","current/B/scripts/C2_residual_benchmark.py","false","true","false","true","true","GRAPH-C2-R2-LSYM-BUDGET-ATTACK","synthetic_budget_rescaled_overlap_capacity","predeclared_synthetic_scale","synthetic_family_generator_edges","L_sym=I-D^-1/2 A_w D^-1/2","spectral_radius(A_w/S_w)","high_betweenness_proxy_vs_matched_random_edges","72.0","0.3489950652529149","0.806003528105686","0.027777777777777776","random_geo","0.3059182738114511","0.06088096014901303","-0.13214646113135847","diagnostic_only_excluded_from_material_validation","software_sanity_only","Generated from C2_residual_benchmark_synthetic_rows.csv; row cannot support material claims."
"random_geo_029","synthetic_only_not_material","SYN-C2-R2-random_geo_029","synthetic_static_graph","29202","diagnostic_synthetic","Y_B_positive_diagnostic","SYN-C2-R2-PLANTED","2.969938844963238","dimensionless_planted_diagnostic","diagnostic_only","synthetic_planted_protocol_sanity","diagnostic_synthetic","current/B/scripts/C2_residual_benchmark.py","false","true","false","true","true","GRAPH-C2-R2-LSYM-BUDGET-ATTACK","synthetic_budget_rescaled_overlap_capacity","predeclared_synthetic_scale","synthetic_family_generator_edges","L_sym=I-D^-1/2 A_w D^-1/2","spectral_radius(A_w/S_w)","high_betweenness_proxy_vs_matched_random_edges","72.0","0.3489950652529149","0.806003528105686","0.027777777777777776","random_geo","0.3059182738114511","0.06088096014901303","-0.13214646113135847","diagnostic_only_excluded_from_material_validation","software_sanity_only","Generated from C2_residual_benchmark_synthetic_rows.csv; row cannot support material claims."
"random_geo_030","synthetic_only_not_material","SYN-C2-R2-random_geo_030","synthetic_static_graph","29202","diagnostic_synthetic","Y_A_null_diagnostic","SYN-C2-R2-PLANTED","2.620739085562448","dimensionless_planted_diagnostic","diagnostic_only","synthetic_planted_protocol_sanity","diagnostic_synthetic","current/B/scripts/C2_residual_benchmark.py","false","true","false","true","true","GRAPH-C2-R2-LSYM-BUDGET-ATTACK","synthetic_budget_rescaled_overlap_capacity","predeclared_synthetic_scale","synthetic_family_generator_edges","L_sym=I-D^-1/2 A_w D^-1/2","spectral_radius(A_w/S_w)","high_betweenness_proxy_vs_matched_random_edges","72.00000000000001","0.11473566341389088","1.0283856404227436","0.027777777777777776","random_geo","0.2047975969901734","0.06106448683208115","-0.00553992701230626","diagnostic_only_excluded_from_material_validation","software_sanity_only","Generated from C2_residual_benchmark_synthetic_rows.csv; row cannot support material claims."
"random_geo_030","synthetic_only_not_material","SYN-C2-R2-random_geo_030","synthetic_static_graph","29202","diagnostic_synthetic","Y_B_positive_diagnostic","SYN-C2-R2-PLANTED","2.953401175057801","dimensionless_planted_diagnostic","diagnostic_only","synthetic_planted_protocol_sanity","diagnostic_synthetic","current/B/scripts/C2_residual_benchmark.py","false","true","false","true","true","GRAPH-C2-R2-LSYM-BUDGET-ATTACK","synthetic_budget_rescaled_overlap_capacity","predeclared_synthetic_scale","synthetic_family_generator_edges","L_sym=I-D^-1/2 A_w D^-1/2","spectral_radius(A_w/S_w)","high_betweenness_proxy_vs_matched_random_edges","72.00000000000001","0.11473566341389088","1.0283856404227436","0.027777777777777776","random_geo","0.2047975969901734","0.06106448683208115","-0.00553992701230626","diagnostic_only_excluded_from_material_validation","software_sanity_only","Generated from C2_residual_benchmark_synthetic_rows.csv; row cannot support material claims."
"random_geo_031","synthetic_only_not_material","SYN-C2-R2-random_geo_031","synthetic_static_graph","29202","diagnostic_synthetic","Y_A_null_diagnostic","SYN-C2-R2-PLANTED","2.4562253494538466","dimensionless_planted_diagnostic","diagnostic_only","synthetic_planted_protocol_sanity","diagnostic_synthetic","current/B/scripts/C2_residual_benchmark.py","false","true","false","true","true","GRAPH-C2-R2-LSYM-BUDGET-ATTACK","synthetic_budget_rescaled_overlap_capacity","predeclared_synthetic_scale","synthetic_family_generator_edges","L_sym=I-D^-1/2 A_w D^-1/2","spectral_radius(A_w/S_w)","high_betweenness_proxy_vs_matched_random_edges","72.0","0.33065101417266535","1.0322124666051085","0.027777777777777776","random_geo","0.29704500677020024","0.05922131443566234","0.023576980452315877","diagnostic_only_excluded_from_material_validation","software_sanity_only","Generated from C2_residual_benchmark_synthetic_rows.csv; row cannot support material claims."
"random_geo_031","synthetic_only_not_material","SYN-C2-R2-random_geo_031","synthetic_static_graph","29202","diagnostic_synthetic","Y_B_positive_diagnostic","SYN-C2-R2-PLANTED","2.9102780778790827","dimensionless_planted_diagnostic","diagnostic_only","synthetic_planted_protocol_sanity","diagnostic_synthetic","current/B/scripts/C2_residual_benchmark.py","false","true","false","true","true","GRAPH-C2-R2-LSYM-BUDGET-ATTACK","synthetic_budget_rescaled_overlap_capacity","predeclared_synthetic_scale","synthetic_family_generator_edges","L_sym=I-D^-1/2 A_w D^-1/2","spectral_radius(A_w/S_w)","high_betweenness_proxy_vs_matched_random_edges","72.0","0.33065101417266535","1.0322124666051085","0.027777777777777776","random_geo","0.29704500677020024","0.05922131443566234","0.023576980452315877","diagnostic_only_excluded_from_material_validation","software_sanity_only","Generated from C2_residual_benchmark_synthetic_rows.csv; row cannot support material claims."
"random_geo_032","synthetic_only_not_material","SYN-C2-R2-random_geo_032","synthetic_static_graph","29202","diagnostic_synthetic","Y_A_null_diagnostic","SYN-C2-R2-PLANTED","2.534635997230959","dimensionless_planted_diagnostic","diagnostic_only","synthetic_planted_protocol_sanity","diagnostic_synthetic","current/B/scripts/C2_residual_benchmark.py","false","true","false","true","true","GRAPH-C2-R2-LSYM-BUDGET-ATTACK","synthetic_budget_rescaled_overlap_capacity","predeclared_synthetic_scale","synthetic_family_generator_edges","L_sym=I-D^-1/2 A_w D^-1/2","spectral_radius(A_w/S_w)","high_betweenness_proxy_vs_matched_random_edges","72.0","0.20986392519796315","1.0419309891663178","0.027777777777777776","random_geo","0.2450923539499112","0.06285695142426945","0.04378712046604771","diagnostic_only_excluded_from_material_validation","software_sanity_only","Generated from C2_residual_benchmark_synthetic_rows.csv; row cannot support material claims."
"random_geo_032","synthetic_only_not_material","SYN-C2-R2-random_geo_032","synthetic_static_graph","29202","diagnostic_synthetic","Y_B_positive_diagnostic","SYN-C2-R2-PLANTED","2.8873753551313737","dimensionless_planted_diagnostic","diagnostic_only","synthetic_planted_protocol_sanity","diagnostic_synthetic","current/B/scripts/C2_residual_benchmark.py","false","true","false","true","true","GRAPH-C2-R2-LSYM-BUDGET-ATTACK","synthetic_budget_rescaled_overlap_capacity","predeclared_synthetic_scale","synthetic_family_generator_edges","L_sym=I-D^-1/2 A_w D^-1/2","spectral_radius(A_w/S_w)","high_betweenness_proxy_vs_matched_random_edges","72.0","0.20986392519796315","1.0419309891663178","0.027777777777777776","random_geo","0.2450923539499112","0.06285695142426945","0.04378712046604771","diagnostic_only_excluded_from_material_validation","software_sanity_only","Generated from C2_residual_benchmark_synthetic_rows.csv; row cannot support material claims."
"random_geo_033","synthetic_only_not_material","SYN-C2-R2-random_geo_033","synthetic_static_graph","29202","diagnostic_synthetic","Y_A_null_diagnostic","SYN-C2-R2-PLANTED","2.558072318505349","dimensionless_planted_diagnostic","diagnostic_only","synthetic_planted_protocol_sanity","diagnostic_synthetic","current/B/scripts/C2_residual_benchmark.py","false","true","false","true","true","GRAPH-C2-R2-LSYM-BUDGET-ATTACK","synthetic_budget_rescaled_overlap_capacity","predeclared_synthetic_scale","synthetic_family_generator_edges","L_sym=I-D^-1/2 A_w D^-1/2","spectral_radius(A_w/S_w)","high_betweenness_proxy_vs_matched_random_edges","72.0","0.31558546110529173","1.1574278156203952","0.027777777777777776","random_geo","0.25060166020546415","0.06355417261033564","-0.18947610744209994","diagnostic_only_excluded_from_material_validation","software_sanity_only","Generated from C2_residual_benchmark_synthetic_rows.csv; row cannot support material claims."
"random_geo_033","synthetic_only_not_material","SYN-C2-R2-random_geo_033","synthetic_static_graph","29202","diagnostic_synthetic","Y_B_positive_diagnostic","SYN-C2-R2-PLANTED","3.1295634715319816","dimensionless_planted_diagnostic","diagnostic_only","synthetic_planted_protocol_sanity","diagnostic_synthetic","current/B/scripts/C2_residual_benchmark.py","false","true","false","true","true","GRAPH-C2-R2-LSYM-BUDGET-ATTACK","synthetic_budget_rescaled_overlap_capacity","predeclared_synthetic_scale","synthetic_family_generator_edges","L_sym=I-D^-1/2 A_w D^-1/2","spectral_radius(A_w/S_w)","high_betweenness_proxy_vs_matched_random_edges","72.0","0.31558546110529173","1.1574278156203952","0.027777777777777776","random_geo","0.25060166020546415","0.06355417261033564","-0.18947610744209994","diagnostic_only_excluded_from_material_validation","software_sanity_only","Generated from C2_residual_benchmark_synthetic_rows.csv; row cannot support material claims."
"random_geo_034","synthetic_only_not_material","SYN-C2-R2-random_geo_034","synthetic_static_graph","29202","diagnostic_synthetic","Y_A_null_diagnostic","SYN-C2-R2-PLANTED","2.5870594663591224","dimensionless_planted_diagnostic","diagnostic_only","synthetic_planted_protocol_sanity","diagnostic_synthetic","current/B/scripts/C2_residual_benchmark.py","false","true","false","true","true","GRAPH-C2-R2-LSYM-BUDGET-ATTACK","synthetic_budget_rescaled_overlap_capacity","predeclared_synthetic_scale","synthetic_family_generator_edges","L_sym=I-D^-1/2 A_w D^-1/2","spectral_radius(A_w/S_w)","high_betweenness_proxy_vs_matched_random_edges","72.0","0.2020332785081928","1.0179842935856034","0.027777777777777776","random_geo","0.20902603147083865","0.06100080121090859","-0.011168790154156024","diagnostic_only_excluded_from_material_validation","software_sanity_only","Generated from C2_residual_benchmark_synthetic_rows.csv; row cannot support material claims."
"random_geo_034","synthetic_only_not_material","SYN-C2-R2-random_geo_034","synthetic_static_graph","29202","diagnostic_synthetic","Y_B_positive_diagnostic","SYN-C2-R2-PLANTED","2.9315530278512045","dimensionless_planted_diagnostic","diagnostic_only","synthetic_planted_protocol_sanity","diagnostic_synthetic","current/B/scripts/C2_residual_benchmark.py","false","true","false","true","true","GRAPH-C2-R2-LSYM-BUDGET-ATTACK","synthetic_budget_rescaled_overlap_capacity","predeclared_synthetic_scale","synthetic_family_generator_edges","L_sym=I-D^-1/2 A_w D^-1/2","spectral_radius(A_w/S_w)","high_betweenness_proxy_vs_matched_random_edges","72.0","0.2020332785081928","1.0179842935856034","0.027777777777777776","random_geo","0.20902603147083865","0.06100080121090859","-0.011168790154156024","diagnostic_only_excluded_from_material_validation","software_sanity_only","Generated from C2_residual_benchmark_synthetic_rows.csv; row cannot support material claims."
"random_geo_035","synthetic_only_not_material","SYN-C2-R2-random_geo_035","synthetic_static_graph","29202","diagnostic_synthetic","Y_A_null_diagnostic","SYN-C2-R2-PLANTED","2.6293125396556944","dimensionless_planted_diagnostic","diagnostic_only","synthetic_planted_protocol_sanity","diagnostic_synthetic","current/B/scripts/C2_residual_benchmark.py","false","true","false","true","true","GRAPH-C2-R2-LSYM-BUDGET-ATTACK","synthetic_budget_rescaled_overlap_capacity","predeclared_synthetic_scale","synthetic_family_generator_edges","L_sym=I-D^-1/2 A_w D^-1/2","spectral_radius(A_w/S_w)","high_betweenness_proxy_vs_matched_random_edges","72.0","0.07066646314207159","1.0388214688765887","0.027777777777777776","random_geo","0.30871343640069393","0.06342429864668439","-0.11644713180927607","diagnostic_only_excluded_from_material_validation","software_sanity_only","Generated from C2_residual_benchmark_synthetic_rows.csv; row cannot support material claims."
"random_geo_035","synthetic_only_not_material","SYN-C2-R2-random_geo_035","synthetic_static_graph","29202","diagnostic_synthetic","Y_B_positive_diagnostic","SYN-C2-R2-PLANTED","3.228056456525153","dimensionless_planted_diagnostic","diagnostic_only","synthetic_planted_protocol_sanity","diagnostic_synthetic","current/B/scripts/C2_residual_benchmark.py","false","true","false","true","true","GRAPH-C2-R2-LSYM-BUDGET-ATTACK","synthetic_budget_rescaled_overlap_capacity","predeclared_synthetic_scale","synthetic_family_generator_edges","L_sym=I-D^-1/2 A_w D^-1/2","spectral_radius(A_w/S_w)","high_betweenness_proxy_vs_matched_random_edges","72.0","0.07066646314207159","1.0388214688765887","0.027777777777777776","random_geo","0.30871343640069393","0.06342429864668439","-0.11644713180927607","diagnostic_only_excluded_from_material_validation","software_sanity_only","Generated from C2_residual_benchmark_synthetic_rows.csv; row cannot support material claims."
"random_geo_036","synthetic_only_not_material","SYN-C2-R2-random_geo_036","synthetic_static_graph","29202","diagnostic_synthetic","Y_A_null_diagnostic","SYN-C2-R2-PLANTED","2.609659197017743","dimensionless_planted_diagnostic","diagnostic_only","synthetic_planted_protocol_sanity","diagnostic_synthetic","current/B/scripts/C2_residual_benchmark.py","false","true","false","true","true","GRAPH-C2-R2-LSYM-BUDGET-ATTACK","synthetic_budget_rescaled_overlap_capacity","predeclared_synthetic_scale","synthetic_family_generator_edges","L_sym=I-D^-1/2 A_w D^-1/2","spectral_radius(A_w/S_w)","high_betweenness_proxy_vs_matched_random_edges","72.00000000000001","0.15641391844342054","1.1566516395625785","0.027777777777777776","random_geo","0.20666525073646502","0.06407660109570527","-0.1280291429952614","diagnostic_only_excluded_from_material_validation","software_sanity_only","Generated from C2_residual_benchmark_synthetic_rows.csv; row cannot support material claims."
"random_geo_036","synthetic_only_not_material","SYN-C2-R2-random_geo_036","synthetic_static_graph","29202","diagnostic_synthetic","Y_B_positive_diagnostic","SYN-C2-R2-PLANTED","3.055549826891822","dimensionless_planted_diagnostic","diagnostic_only","synthetic_planted_protocol_sanity","diagnostic_synthetic","current/B/scripts/C2_residual_benchmark.py","false","true","false","true","true","GRAPH-C2-R2-LSYM-BUDGET-ATTACK","synthetic_budget_rescaled_overlap_capacity","predeclared_synthetic_scale","synthetic_family_generator_edges","L_sym=I-D^-1/2 A_w D^-1/2","spectral_radius(A_w/S_w)","high_betweenness_proxy_vs_matched_random_edges","72.00000000000001","0.15641391844342054","1.1566516395625785","0.027777777777777776","random_geo","0.20666525073646502","0.06407660109570527","-0.1280291429952614","diagnostic_only_excluded_from_material_validation","software_sanity_only","Generated from C2_residual_benchmark_synthetic_rows.csv; row cannot support material claims."
"random_geo_037","synthetic_only_not_material","SYN-C2-R2-random_geo_037","synthetic_static_graph","29202","diagnostic_synthetic","Y_A_null_diagnostic","SYN-C2-R2-PLANTED","2.6345734012027067","dimensionless_planted_diagnostic","diagnostic_only","synthetic_planted_protocol_sanity","diagnostic_synthetic","current/B/scripts/C2_residual_benchmark.py","false","true","false","true","true","GRAPH-C2-R2-LSYM-BUDGET-ATTACK","synthetic_budget_rescaled_overlap_capacity","predeclared_synthetic_scale","synthetic_family_generator_edges","L_sym=I-D^-1/2 A_w D^-1/2","spectral_radius(A_w/S_w)","high_betweenness_proxy_vs_matched_random_edges","72.0","0.1424679925809768","1.0298904990250564","0.027777777777777776","random_geo","0.2607393741368649","0.06271845551344828","0.1449371400818789","diagnostic_only_excluded_from_material_validation","software_sanity_only","Generated from C2_residual_benchmark_synthetic_rows.csv; row cannot support material claims."
"random_geo_037","synthetic_only_not_material","SYN-C2-R2-random_geo_037","synthetic_static_graph","29202","diagnostic_synthetic","Y_B_positive_diagnostic","SYN-C2-R2-PLANTED","2.9213129737479995","dimensionless_planted_diagnostic","diagnostic_only","synthetic_planted_protocol_sanity","diagnostic_synthetic","current/B/scripts/C2_residual_benchmark.py","false","true","false","true","true","GRAPH-C2-R2-LSYM-BUDGET-ATTACK","synthetic_budget_rescaled_overlap_capacity","predeclared_synthetic_scale","synthetic_family_generator_edges","L_sym=I-D^-1/2 A_w D^-1/2","spectral_radius(A_w/S_w)","high_betweenness_proxy_vs_matched_random_edges","72.0","0.1424679925809768","1.0298904990250564","0.027777777777777776","random_geo","0.2607393741368649","0.06271845551344828","0.1449371400818789","diagnostic_only_excluded_from_material_validation","software_sanity_only","Generated from C2_residual_benchmark_synthetic_rows.csv; row cannot support material claims."
"random_geo_038","synthetic_only_not_material","SYN-C2-R2-random_geo_038","synthetic_static_graph","29202","diagnostic_synthetic","Y_A_null_diagnostic","SYN-C2-R2-PLANTED","2.742371992295105","dimensionless_planted_diagnostic","diagnostic_only","synthetic_planted_protocol_sanity","diagnostic_synthetic","current/B/scripts/C2_residual_benchmark.py","false","true","false","true","true","GRAPH-C2-R2-LSYM-BUDGET-ATTACK","synthetic_budget_rescaled_overlap_capacity","predeclared_synthetic_scale","synthetic_family_generator_edges","L_sym=I-D^-1/2 A_w D^-1/2","spectral_radius(A_w/S_w)","high_betweenness_proxy_vs_matched_random_edges","71.99999999999999","0.12303480879681197","1.1200047850460866","0.027777777777777776","random_geo","0.25640581888170866","0.05801061332132467","-0.03429676404783004","diagnostic_only_excluded_from_material_validation","software_sanity_only","Generated from C2_residual_benchmark_synthetic_rows.csv; row cannot support material claims."
"random_geo_038","synthetic_only_not_material","SYN-C2-R2-random_geo_038","synthetic_static_graph","29202","diagnostic_synthetic","Y_B_positive_diagnostic","SYN-C2-R2-PLANTED","3.183488390148886","dimensionless_planted_diagnostic","diagnostic_only","synthetic_planted_protocol_sanity","diagnostic_synthetic","current/B/scripts/C2_residual_benchmark.py","false","true","false","true","true","GRAPH-C2-R2-LSYM-BUDGET-ATTACK","synthetic_budget_rescaled_overlap_capacity","predeclared_synthetic_scale","synthetic_family_generator_edges","L_sym=I-D^-1/2 A_w D^-1/2","spectral_radius(A_w/S_w)","high_betweenness_proxy_vs_matched_random_edges","71.99999999999999","0.12303480879681197","1.1200047850460866","0.027777777777777776","random_geo","0.25640581888170866","0.05801061332132467","-0.03429676404783004","diagnostic_only_excluded_from_material_validation","software_sanity_only","Generated from C2_residual_benchmark_synthetic_rows.csv; row cannot support material claims."
"random_geo_039","synthetic_only_not_material","SYN-C2-R2-random_geo_039","synthetic_static_graph","29202","diagnostic_synthetic","Y_A_null_diagnostic","SYN-C2-R2-PLANTED","2.5016304029730585","dimensionless_planted_diagnostic","diagnostic_only","synthetic_planted_protocol_sanity","diagnostic_synthetic","current/B/scripts/C2_residual_benchmark.py","false","true","false","true","true","GRAPH-C2-R2-LSYM-BUDGET-ATTACK","synthetic_budget_rescaled_overlap_capacity","predeclared_synthetic_scale","synthetic_family_generator_edges","L_sym=I-D^-1/2 A_w D^-1/2","spectral_radius(A_w/S_w)","high_betweenness_proxy_vs_matched_random_edges","72.0","0.23213770567922287","0.9778348741045036","0.027777777777777776","random_geo","0.27840501500864784","0.06107825327175153","-0.11588977591370936","diagnostic_only_excluded_from_material_validation","software_sanity_only","Generated from C2_residual_benchmark_synthetic_rows.csv; row cannot support material claims."
"random_geo_039","synthetic_only_not_material","SYN-C2-R2-random_geo_039","synthetic_static_graph","29202","diagnostic_synthetic","Y_B_positive_diagnostic","SYN-C2-R2-PLANTED","3.0513792253092333","dimensionless_planted_diagnostic","diagnostic_only","synthetic_planted_protocol_sanity","diagnostic_synthetic","current/B/scripts/C2_residual_benchmark.py","false","true","false","true","true","GRAPH-C2-R2-LSYM-BUDGET-ATTACK","synthetic_budget_rescaled_overlap_capacity","predeclared_synthetic_scale","synthetic_family_generator_edges","L_sym=I-D^-1/2 A_w D^-1/2","spectral_radius(A_w/S_w)","high_betweenness_proxy_vs_matched_random_edges","72.0","0.23213770567922287","0.9778348741045036","0.027777777777777776","random_geo","0.27840501500864784","0.06107825327175153","-0.11588977591370936","diagnostic_only_excluded_from_material_validation","software_sanity_only","Generated from C2_residual_benchmark_synthetic_rows.csv; row cannot support material claims."
"random_geo_040","synthetic_only_not_material","SYN-C2-R2-random_geo_040","synthetic_static_graph","29202","diagnostic_synthetic","Y_A_null_diagnostic","SYN-C2-R2-PLANTED","2.6924063541384315","dimensionless_planted_diagnostic","diagnostic_only","synthetic_planted_protocol_sanity","diagnostic_synthetic","current/B/scripts/C2_residual_benchmark.py","false","true","false","true","true","GRAPH-C2-R2-LSYM-BUDGET-ATTACK","synthetic_budget_rescaled_overlap_capacity","predeclared_synthetic_scale","synthetic_family_generator_edges","L_sym=I-D^-1/2 A_w D^-1/2","spectral_radius(A_w/S_w)","high_betweenness_proxy_vs_matched_random_edges","72.0","0.06182896003612412","1.186282801388601","0.027777777777777776","random_geo","0.1601157476647342","0.06587489436918696","-0.031042898261734796","diagnostic_only_excluded_from_material_validation","software_sanity_only","Generated from C2_residual_benchmark_synthetic_rows.csv; row cannot support material claims."
"random_geo_040","synthetic_only_not_material","SYN-C2-R2-random_geo_040","synthetic_static_graph","29202","diagnostic_synthetic","Y_B_positive_diagnostic","SYN-C2-R2-PLANTED","2.9765301588375674","dimensionless_planted_diagnostic","diagnostic_only","synthetic_planted_protocol_sanity","diagnostic_synthetic","current/B/scripts/C2_residual_benchmark.py","false","true","false","true","true","GRAPH-C2-R2-LSYM-BUDGET-ATTACK","synthetic_budget_rescaled_overlap_capacity","predeclared_synthetic_scale","synthetic_family_generator_edges","L_sym=I-D^-1/2 A_w D^-1/2","spectral_radius(A_w/S_w)","high_betweenness_proxy_vs_matched_random_edges","72.0","0.06182896003612412","1.186282801388601","0.027777777777777776","random_geo","0.1601157476647342","0.06587489436918696","-0.031042898261734796","diagnostic_only_excluded_from_material_validation","software_sanity_only","Generated from C2_residual_benchmark_synthetic_rows.csv; row cannot support material claims."
"random_geo_041","synthetic_only_not_material","SYN-C2-R2-random_geo_041","synthetic_static_graph","29202","diagnostic_synthetic","Y_A_null_diagnostic","SYN-C2-R2-PLANTED","2.5856137282946072","dimensionless_planted_diagnostic","diagnostic_only","synthetic_planted_protocol_sanity","diagnostic_synthetic","current/B/scripts/C2_residual_benchmark.py","false","true","false","true","true","GRAPH-C2-R2-LSYM-BUDGET-ATTACK","synthetic_budget_rescaled_overlap_capacity","predeclared_synthetic_scale","synthetic_family_generator_edges","L_sym=I-D^-1/2 A_w D^-1/2","spectral_radius(A_w/S_w)","high_betweenness_proxy_vs_matched_random_edges","72.0","0.11352877416035358","0.97575374934752","0.027777777777777776","random_geo","0.26527769171061627","0.06550570120845217","-0.031322868236337446","diagnostic_only_excluded_from_material_validation","software_sanity_only","Generated from C2_residual_benchmark_synthetic_rows.csv; row cannot support material claims."
"random_geo_041","synthetic_only_not_material","SYN-C2-R2-random_geo_041","synthetic_static_graph","29202","diagnostic_synthetic","Y_B_positive_diagnostic","SYN-C2-R2-PLANTED","3.038248616444297","dimensionless_planted_diagnostic","diagnostic_only","synthetic_planted_protocol_sanity","diagnostic_synthetic","current/B/scripts/C2_residual_benchmark.py","false","true","false","true","true","GRAPH-C2-R2-LSYM-BUDGET-ATTACK","synthetic_budget_rescaled_overlap_capacity","predeclared_synthetic_scale","synthetic_family_generator_edges","L_sym=I-D^-1/2 A_w D^-1/2","spectral_radius(A_w/S_w)","high_betweenness_proxy_vs_matched_random_edges","72.0","0.11352877416035358","0.97575374934752","0.027777777777777776","random_geo","0.26527769171061627","0.06550570120845217","-0.031322868236337446","diagnostic_only_excluded_from_material_validation","software_sanity_only","Generated from C2_residual_benchmark_synthetic_rows.csv; row cannot support material claims."
"random_geo_042","synthetic_only_not_material","SYN-C2-R2-random_geo_042","synthetic_static_graph","29202","diagnostic_synthetic","Y_A_null_diagnostic","SYN-C2-R2-PLANTED","2.506853252554702","dimensionless_planted_diagnostic","diagnostic_only","synthetic_planted_protocol_sanity","diagnostic_synthetic","current/B/scripts/C2_residual_benchmark.py","false","true","false","true","true","GRAPH-C2-R2-LSYM-BUDGET-ATTACK","synthetic_budget_rescaled_overlap_capacity","predeclared_synthetic_scale","synthetic_family_generator_edges","L_sym=I-D^-1/2 A_w D^-1/2","spectral_radius(A_w/S_w)","high_betweenness_proxy_vs_matched_random_edges","71.99999999999999","0.2609868985151599","1.0760895242122377","0.027777777777777776","random_geo","0.2654697610132095","0.06090996504145159","0.020721946524178192","diagnostic_only_excluded_from_material_validation","software_sanity_only","Generated from C2_residual_benchmark_synthetic_rows.csv; row cannot support material claims."
"random_geo_042","synthetic_only_not_material","SYN-C2-R2-random_geo_042","synthetic_static_graph","29202","diagnostic_synthetic","Y_B_positive_diagnostic","SYN-C2-R2-PLANTED","2.912955118304077","dimensionless_planted_diagnostic","diagnostic_only","synthetic_planted_protocol_sanity","diagnostic_synthetic","current/B/scripts/C2_residual_benchmark.py","false","true","false","true","true","GRAPH-C2-R2-LSYM-BUDGET-ATTACK","synthetic_budget_rescaled_overlap_capacity","predeclared_synthetic_scale","synthetic_family_generator_edges","L_sym=I-D^-1/2 A_w D^-1/2","spectral_radius(A_w/S_w)","high_betweenness_proxy_vs_matched_random_edges","71.99999999999999","0.2609868985151599","1.0760895242122377","0.027777777777777776","random_geo","0.2654697610132095","0.06090996504145159","0.020721946524178192","diagnostic_only_excluded_from_material_validation","software_sanity_only","Generated from C2_residual_benchmark_synthetic_rows.csv; row cannot support material claims."
"random_geo_043","synthetic_only_not_material","SYN-C2-R2-random_geo_043","synthetic_static_graph","29202","diagnostic_synthetic","Y_A_null_diagnostic","SYN-C2-R2-PLANTED","2.7156224252325756","dimensionless_planted_diagnostic","diagnostic_only","synthetic_planted_protocol_sanity","diagnostic_synthetic","current/B/scripts/C2_residual_benchmark.py","false","true","false","true","true","GRAPH-C2-R2-LSYM-BUDGET-ATTACK","synthetic_budget_rescaled_overlap_capacity","predeclared_synthetic_scale","synthetic_family_generator_edges","L_sym=I-D^-1/2 A_w D^-1/2","spectral_radius(A_w/S_w)","high_betweenness_proxy_vs_matched_random_edges","72.0","0.08590557106884562","0.9390141770765502","0.027777777777777776","random_geo","0.2945799882937139","0.061872385985827706","-0.07797666139830789","diagnostic_only_excluded_from_material_validation","software_sanity_only","Generated from C2_residual_benchmark_synthetic_rows.csv; row cannot support material claims."
"random_geo_043","synthetic_only_not_material","SYN-C2-R2-random_geo_043","synthetic_static_graph","29202","diagnostic_synthetic","Y_B_positive_diagnostic","SYN-C2-R2-PLANTED","3.257129401760995","dimensionless_planted_diagnostic","diagnostic_only","synthetic_planted_protocol_sanity","diagnostic_synthetic","current/B/scripts/C2_residual_benchmark.py","false","true","false","true","true","GRAPH-C2-R2-LSYM-BUDGET-ATTACK","synthetic_budget_rescaled_overlap_capacity","predeclared_synthetic_scale","synthetic_family_generator_edges","L_sym=I-D^-1/2 A_w D^-1/2","spectral_radius(A_w/S_w)","high_betweenness_proxy_vs_matched_random_edges","72.0","0.08590557106884562","0.9390141770765502","0.027777777777777776","random_geo","0.2945799882937139","0.061872385985827706","-0.07797666139830789","diagnostic_only_excluded_from_material_validation","software_sanity_only","Generated from C2_residual_benchmark_synthetic_rows.csv; row cannot support material claims."
"random_geo_044","synthetic_only_not_material","SYN-C2-R2-random_geo_044","synthetic_static_graph","29202","diagnostic_synthetic","Y_A_null_diagnostic","SYN-C2-R2-PLANTED","2.5344341555303704","dimensionless_planted_diagnostic","diagnostic_only","synthetic_planted_protocol_sanity","diagnostic_synthetic","current/B/scripts/C2_residual_benchmark.py","false","true","false","true","true","GRAPH-C2-R2-LSYM-BUDGET-ATTACK","synthetic_budget_rescaled_overlap_capacity","predeclared_synthetic_scale","synthetic_family_generator_edges","L_sym=I-D^-1/2 A_w D^-1/2","spectral_radius(A_w/S_w)","high_betweenness_proxy_vs_matched_random_edges","72.0","0.18691617433789953","0.8363223553781471","0.027777777777777776","random_geo","0.16582464484118525","0.06280440629451635","0.0","diagnostic_only_excluded_from_material_validation","software_sanity_only","Generated from C2_residual_benchmark_synthetic_rows.csv; row cannot support material claims."
"random_geo_044","synthetic_only_not_material","SYN-C2-R2-random_geo_044","synthetic_static_graph","29202","diagnostic_synthetic","Y_B_positive_diagnostic","SYN-C2-R2-PLANTED","2.7997535872762667","dimensionless_planted_diagnostic","diagnostic_only","synthetic_planted_protocol_sanity","diagnostic_synthetic","current/B/scripts/C2_residual_benchmark.py","false","true","false","true","true","GRAPH-C2-R2-LSYM-BUDGET-ATTACK","synthetic_budget_rescaled_overlap_capacity","predeclared_synthetic_scale","synthetic_family_generator_edges","L_sym=I-D^-1/2 A_w D^-1/2","spectral_radius(A_w/S_w)","high_betweenness_proxy_vs_matched_random_edges","72.0","0.18691617433789953","0.8363223553781471","0.027777777777777776","random_geo","0.16582464484118525","0.06280440629451635","0.0","diagnostic_only_excluded_from_material_validation","software_sanity_only","Generated from C2_residual_benchmark_synthetic_rows.csv; row cannot support material claims."
"random_geo_045","synthetic_only_not_material","SYN-C2-R2-random_geo_045","synthetic_static_graph","29202","diagnostic_synthetic","Y_A_null_diagnostic","SYN-C2-R2-PLANTED","2.581944779662127","dimensionless_planted_diagnostic","diagnostic_only","synthetic_planted_protocol_sanity","diagnostic_synthetic","current/B/scripts/C2_residual_benchmark.py","false","true","false","true","true","GRAPH-C2-R2-LSYM-BUDGET-ATTACK","synthetic_budget_rescaled_overlap_capacity","predeclared_synthetic_scale","synthetic_family_generator_edges","L_sym=I-D^-1/2 A_w D^-1/2","spectral_radius(A_w/S_w)","high_betweenness_proxy_vs_matched_random_edges","71.99999999999999","0.14661481183092187","0.8448582542326186","0.027777777777777776","random_geo","0.24171150169546876","0.061571578434062794","0.0031972440751349973","diagnostic_only_excluded_from_material_validation","software_sanity_only","Generated from C2_residual_benchmark_synthetic_rows.csv; row cannot support material claims."
"random_geo_045","synthetic_only_not_material","SYN-C2-R2-random_geo_045","synthetic_static_graph","29202","diagnostic_synthetic","Y_B_positive_diagnostic","SYN-C2-R2-PLANTED","2.9658056627072553","dimensionless_planted_diagnostic","diagnostic_only","synthetic_planted_protocol_sanity","diagnostic_synthetic","current/B/scripts/C2_residual_benchmark.py","false","true","false","true","true","GRAPH-C2-R2-LSYM-BUDGET-ATTACK","synthetic_budget_rescaled_overlap_capacity","predeclared_synthetic_scale","synthetic_family_generator_edges","L_sym=I-D^-1/2 A_w D^-1/2","spectral_radius(A_w/S_w)","high_betweenness_proxy_vs_matched_random_edges","71.99999999999999","0.14661481183092187","0.8448582542326186","0.027777777777777776","random_geo","0.24171150169546876","0.061571578434062794","0.0031972440751349973","diagnostic_only_excluded_from_material_validation","software_sanity_only","Generated from C2_residual_benchmark_synthetic_rows.csv; row cannot support material claims."
"random_geo_046","synthetic_only_not_material","SYN-C2-R2-random_geo_046","synthetic_static_graph","29202","diagnostic_synthetic","Y_A_null_diagnostic","SYN-C2-R2-PLANTED","2.414574104436974","dimensionless_planted_diagnostic","diagnostic_only","synthetic_planted_protocol_sanity","diagnostic_synthetic","current/B/scripts/C2_residual_benchmark.py","false","true","false","true","true","GRAPH-C2-R2-LSYM-BUDGET-ATTACK","synthetic_budget_rescaled_overlap_capacity","predeclared_synthetic_scale","synthetic_family_generator_edges","L_sym=I-D^-1/2 A_w D^-1/2","spectral_radius(A_w/S_w)","high_betweenness_proxy_vs_matched_random_edges","72.0","0.2490325967071757","0.9505355426993762","0.027777777777777776","random_geo","0.2885116547435357","0.06425348404846931","0.10490352774002787","diagnostic_only_excluded_from_material_validation","software_sanity_only","Generated from C2_residual_benchmark_synthetic_rows.csv; row cannot support material claims."
"random_geo_046","synthetic_only_not_material","SYN-C2-R2-random_geo_046","synthetic_static_graph","29202","diagnostic_synthetic","Y_B_positive_diagnostic","SYN-C2-R2-PLANTED","2.781779577060606","dimensionless_planted_diagnostic","diagnostic_only","synthetic_planted_protocol_sanity","diagnostic_synthetic","current/B/scripts/C2_residual_benchmark.py","false","true","false","true","true","GRAPH-C2-R2-LSYM-BUDGET-ATTACK","synthetic_budget_rescaled_overlap_capacity","predeclared_synthetic_scale","synthetic_family_generator_edges","L_sym=I-D^-1/2 A_w D^-1/2","spectral_radius(A_w/S_w)","high_betweenness_proxy_vs_matched_random_edges","72.0","0.2490325967071757","0.9505355426993762","0.027777777777777776","random_geo","0.2885116547435357","0.06425348404846931","0.10490352774002787","diagnostic_only_excluded_from_material_validation","software_sanity_only","Generated from C2_residual_benchmark_synthetic_rows.csv; row cannot support material claims."
"random_geo_047","synthetic_only_not_material","SYN-C2-R2-random_geo_047","synthetic_static_graph","29202","diagnostic_synthetic","Y_A_null_diagnostic","SYN-C2-R2-PLANTED","2.67866528417335","dimensionless_planted_diagnostic","diagnostic_only","synthetic_planted_protocol_sanity","diagnostic_synthetic","current/B/scripts/C2_residual_benchmark.py","false","true","false","true","true","GRAPH-C2-R2-LSYM-BUDGET-ATTACK","synthetic_budget_rescaled_overlap_capacity","predeclared_synthetic_scale","synthetic_family_generator_edges","L_sym=I-D^-1/2 A_w D^-1/2","spectral_radius(A_w/S_w)","high_betweenness_proxy_vs_matched_random_edges","72.0","0.1069477195453021","0.9812524392622192","0.027777777777777776","random_geo","0.2727444919043372","0.065582910593397","-0.09039596174955258","diagnostic_only_excluded_from_material_validation","software_sanity_only","Generated from C2_residual_benchmark_synthetic_rows.csv; row cannot support material claims."
"random_geo_047","synthetic_only_not_material","SYN-C2-R2-random_geo_047","synthetic_static_graph","29202","diagnostic_synthetic","Y_B_positive_diagnostic","SYN-C2-R2-PLANTED","3.1964128367948867","dimensionless_planted_diagnostic","diagnostic_only","synthetic_planted_protocol_sanity","diagnostic_synthetic","current/B/scripts/C2_residual_benchmark.py","false","true","false","true","true","GRAPH-C2-R2-LSYM-BUDGET-ATTACK","synthetic_budget_rescaled_overlap_capacity","predeclared_synthetic_scale","synthetic_family_generator_edges","L_sym=I-D^-1/2 A_w D^-1/2","spectral_radius(A_w/S_w)","high_betweenness_proxy_vs_matched_random_edges","72.0","0.1069477195453021","0.9812524392622192","0.027777777777777776","random_geo","0.2727444919043372","0.065582910593397","-0.09039596174955258","diagnostic_only_excluded_from_material_validation","software_sanity_only","Generated from C2_residual_benchmark_synthetic_rows.csv; row cannot support material claims."
